title,category
"""책임은 저 이준석에게 있다""…이준석, 개혁신당 참패에 고개 숙여",Politics
"[인터뷰] 민형배 전남광주통합시장 당선인 ""압도적 성장으로 통합 성공""",Politics
[속보] ‘사상 첫 5선 서울시장’ 접전 끝 오세훈 당선…정원오 패배 선언,Politics
"이 대통령, 정성호·강훈식·한성숙 차기 총리 후보로 고심",Politics
"'이대통령 정치 고향' 성남에 국힘 깃발…신상진, 접전 끝 재선 성공",Politics
"역전승한 한동훈, 첫 일정은 구포시장[6·3 지선]",Politics
靑참모 출신들 약진…與 인재영입 전략도 주효,Politics
"한병도 ""낙선 후보들 아쉬워…민의 무겁게 받아들인다""",Politics
"추미애, 경기도지사 당선 확실…첫 여성 광역단체장 족적",Politics
전남 22개 시·군 중 혁신당 2·무소속 3명 당선[6·3 지선],Politics
민주당 12곳 가져갔지만…서울 패배에 웃지 못했다,Politics
‘투표용지 부족 사태’ 미스터리… 입 다문 선관위,Politics
"[6·3 지선] 국힘 참패속 오세훈·한동훈 역전승…""보수재건 기회준것""",Politics
초유의 투표용지 ‘품절’…“오세훈 당선 확정 못해”,Politics
'핵 자신감' 치솟은 김정은…시진핑 방북설 속 이례적 '새 핵시설' 공개,Politics
우상호·김남준·김남국 등 청와대 참모 5명 당선…하정우·김병욱 고배,Politics
"한동훈 웃고, 조국 울고...민주, 재보선은 판정패",Politics
"""오세훈 당선에도 재투표 주장하나?""...서울선관위 멱살 잡히기도",Politics
"[당선인 프로필] 문학소년 꿈꾸던 4선 의원…우상호, 고향 강원에 금의환향",Politics
12곳 이겼는데 기쁘지 않다?…기대 못 미친 정청래 성적표,Politics
"""투표용지 대란, 선관위 안이함이 부른 참사... 부정선거 의혹은 무리""",Politics
삭발 정치의 몰락···선거는 패하고 휑한 머리만 남았다,Politics
"잠실7동 투표함 이송 저지 '대치' 중...선관위 ""오세훈 당선 확정 못해""",Politics
"북, 새 핵시설 공개하며 핵보유국 지위 재차 강조…""핵 능력 증가 선전 메시지""",Politics
"1표 차로 갈리고, ‘당선 유력’도 뒤집혔다… 화제의 선거구",Politics
[생생뉴스] 지방선거·보궐선거 결과의 의미와 향후 정국에 미칠 영향은?,Politics
"[뉴스센터] 오세훈, 정원오에 역전극…투표용지 부족 사태 파장",Politics
"북갑 승리 거머쥔 한동훈, 국민의힘으로 복당할까",Politics
"민심 회초리에 고개숙인 여야…민주당 ""아프다"", 국힘 ""경고 겸허히 수용""",Politics
[2026 지선] 野 오세훈·한동훈 생환…與 '정권안정론' 우세 속 독주 제동,Politics
12곳 이겼지만 서울 내줘…민주당 “승리 맞지만 아프다”,Politics
'전재수 시장-한동훈 의원'... 부산 민심 교차투표의 교훈,Politics
"민주당, 서울에서 충격 역전패…12곳 이기고 '화룡점정' 못했다",Politics
‘엎치락뒤치락’ 피말리는 접전…1%p 미만 당락 교차,Politics
잠실 '투표함 대치' 14시간째…시위대 포위에 선관위 관계자 고립도,Politics
경기 기초단체장 ‘민주 19 vs 국힘 12’…요동친 심판론 속 ‘압승·붕괴 없었다’ [오상도의 경기유랑],Politics
"'5선' 오세훈 당선됐지만 민주당, 서울 구청장 17곳 휩쓸었다",Politics
"李, 차기 총리 ‘정성호·강훈식·한성숙’ 고심",Politics
"한동훈, 하정우·박민식 꺾었다…유의동, ‘5파전’서 승리",Politics
"김정은, 새 우라늄 농축시설 시찰…""영변 내 신축공장 추정""(종합2보)",Politics
“서울 재선거” 촉구하던 국힘…오세훈 당선되자 ‘입꾹’,Politics
송영길 “李정부 지지율 활용 못한 지도부 책임”…조승래 “자숙하길”,Politics
울고 싶은 민주당…12곳 이기고도 서울 탈환 실패,Politics
[6·3 지선] 금배지보다 단체장…체급 낮춘 전직 의원들 성패는,Politics
"정청래 ""전국적 큰 승리 안겨준 국민께 감사…다만 서울 탈환 못해 아파""(종합)",Politics
피 말렸던 초접전 드라마…서울시장 16시간의 반전 레이스,Politics
"국토부, 서소문 사고 수시검사 착수",Economic
"한화에어로, 출범후 첫 전사 조업 중단…안전점검·공정자동화",Economic
"스페이스X, 공모가 주당 135달러 책정…시총 세계 7위 '예약'",Economic
"한은 ""대학 혁신 창업 기업, 후속 투자로 지원해 줘야""",Economic
'5선 오세훈' 강남·용산 개발 속도 붙나…남은 과제는 '사업성',Economic
"""2030년 김 수출 18억 달러"" 해수부 공급망 혁신방안 발표",Economic
강제노동 관세 변수에 한미 통상수장 회동…여한구 “기존 관세 합의에 따른 이익 균형 유지해야”,Economic
"박현주 회장 ""킬러 프로덕트·글로벌 투자 플랫폼으로 고객 미래 열 것""",Economic
"""야구 좋아"" 젠슨황, '93번 유니폼' 입고 잠실 마운드 오른다…7일 두산베어스 시구 확정",Economic
"젠슨 황, 오늘 방한…총수들과 삼겹살 회동에 예능 출연·잠실 시구까지 나흘간 광폭 행보",Economic
"한동훈 '친정 복귀 초읽기'···장동혁, 사퇴론 일축 ""새 길 찾겠다""",Economic
한성숙 총리설에 기대감 높아지는 중기부 “규제혁신 속도 날 듯” [중기+],Economic
"[단독] “DSR·총량 규제 안 걸려요"" 사내 대출 급증...5년 만에 2배 불어나",Economic
"젠슨 황 이어 TSMC까지…SK 최태원 회장, AI 반도체 동맹 속도",Economic
“미래 성장·수주 경쟁력 자신감”…현대건설 대표이사 자사주 매수 행렬,Economic
"서울 아파트 전세 0.29%↑, 한 주 만에 상승폭 커졌다",Economic
삼성 성과급이 쏘아 올린 공?… 동탄 아파트값 0.60% 역대급 상승,Economic
8개월 만에 국평 1억6500만원 '껑충'…치솟는 동대문 집값,Economic
'반도체의 힘' 동탄 집값 또다시 상승률 1위...과천은 한달만에 하락,Economic
“두 달 만에 2억 뛰었다” 삼전닉스 ‘셔세권’ 동탄 집값 상승 수도권 1위 [부동산360],Economic
[속보]동탄 집값 나홀로 질주…서울 숨고르기에도 0.60% 급등,Economic
外人 5조 이상 팔았다…코스피 1%대 약세,Economic
서울 아파트값 2주째 0.25%↑…올해 전세 상승률 작년의 6배,Economic
BTS공연 '숙박갑질' 손본다…가격인상 취소시 '요금 200%' 배상,Economic
"반도체 '빚투' 작년보다 3배 불어나…""공포심리 확산 경계""",Economic
"코스피, 장중 약세 지속…코스닥은 2%대 강세",Economic
"‘팀코리아’, 4조원 규모 美 FLNG 해양플랜트 사업 따냈다",Economic
[오후장 체크포인트] 미 국채 10년물 4.5% 근접…미국증시 일제히 하락,Economic
‘필라델피아반도체3배’ 팔고 ‘삼전닉스2배’ 살래,Economic
은행 ELS제재 수위 절반으로 '뚝'…선거 후 '이재명식 금융' 속도조절?,Economic
"KB자산운용 ‘RISE 현대차고정피지컬AI ETF’, 13일 만에 5천 억 돌파",Economic
"[단독]앤스로픽 AI 기술 임원, 16일 네이버 본사 찾는다",Economic
해외계좌 5억원 넘으면 이달 말까지 신고해야…미신고 시 과태료 10%,Economic
“올해만 583% 급등”…일학개미 1픽은 ‘키옥시아’,Economic
"""국감 방어용?""…보수적 잣대에 신생사 추풍낙엽",Economic
"양재역 앞 3룸 월 70만원, '호반써밋 양재' 8일 청약",Economic
'쟁의행위금지' 항고심 앞둔 삼성바이오…'연속공정' 중요성 인정될까,Economic
韓 제약·바이오 상반기 글로벌 기술수출 13조원 돌파,Economic
오세훈 5선·용산구청장도 국힘…용산 8000가구안 힘 받나,Economic
"""中 OLED, 격차 상당""…LGD, 13년 노하우로 게이밍 모니터 공략(종합)",Economic
홈플러스 휴점 37개 점포 결국 폐점...희망퇴직 통보,Economic
‘부의 효과’ 기대에 백화점株 질주…신세계 16% 급등[줍줍리포트],Economic
"TSMC CEO ""AI칩 공급난 수년간 지속…수요 못 따라간다""",Economic
"코인원·컴투스·한투·OKX 4자 동맹…""글로벌 종합 금융 플랫폼 도약 목표""",Economic
"또 5.6조 던졌다...외국인, 코스피 19일 연속 '팔자' 환율도 '쑥'",Economic
"40세 이동석 충주시장 당선인, 충북 역대 ‘최연소 자치단체장’ [이색 당선인]",Social
박용선 포항시장 당선 “통합의 시장 되겠다”,Social
교육감 진보 11곳·보수 5곳 ‘당선’…현직 강세 여전,Social
'부동산 대책 반발' 과천·용인은 국민의힘이 앞서,Social
"삼수 끝에 승리한 남양주 최현덕 ""출퇴근에 시간 뺏기지 않게 하겠다""",Social
"과천 중앙선관위 인근 야산서 화재… 경찰, 방화 가능성 조사",Social
"대법 ""5·18 피해자 가족 정신적 피해도 손해배상 청구 가능""",Social
"경찰, '김수현 명예훼손' 혐의 가세연 김세의 구속송치",Social
"[인터뷰] 강석주 통영시장 당선인 ""시민만 바라보고 헌신하겠다""",Social
"종합특검, 김용현·이상민 피의자 조사…반란·관저 이전 의혹",Social
'체급 올리기' 나선 경기도의원들…조용호·이기형 웃었다,Social
초유의 투표용지 부족 사태…재투표·선거무효 가능성은,Social
"이재명, 충북 진천서 도의원 당선…'대통령 아니에요'",Social
"오세훈 당선인 38일만의 복귀 ""못돌아올 수 있다는 생각 잠시 했는데…""",Social
아들 상견례 앞두고 떠난 아버지…뇌사 장기기증으로 4명에 새 생명 선물,Social
'투표지 부족' 사태 파장…선관위 앞에서도 시위,Social
잠실7동 투표함 이송 아직…16시간째 대치 상황 지속,Social
조개 캐다 갯벌서 고립된 2명…밀물 덮치기 직전 구조,Social
"추미애, 경기지사 당선…최초 여성 광역단체장(종합)",Social
'8대17'서 '17대 8'로…정반대 된 '서울 구청장' 지형도,Social
"선거일 저녁 선관위 야산 화재…경찰 ""실화 가능성 조사""",Social
"합수본, 신천지 이만희 총회장 첫 소환… 지팡이·흰옷 차림 출석",Social
‘연임 불허’ 청주 표심 이번에도…이장섭 시장 당선자,Social
"“총알받이로 쓰지 마”… 송파구 공무원, ‘투표용지 부족 사태’ 선관위 비판",Social
"22석 중 17석 차지…민주당, '텃밭' 전남 사수했나?",Social
"“기억보다 훨씬 작네”···한국 태생 104세 영국 할머니, 간절히 찾은 ‘색동저고리’와 눈물의 재회",Social
[6·3 지선] 심근경색 딛고 의왕 사수한 김성제…통산 4선,Social
"[속보] 혼합투약 사망 속출·청소년 ‘브액’ 남용… 대한민국, ‘마약오염국’ 됐다",Social
"초유의 '투표용지 부족' 사태…""위법소지 있지만 무효까진 쉽지 않아""",Social
"'공천 헌금' 구속기소 강선우, 법원에 보석 청구",Social
"'李명예훼손 혐의'모스 탄 교수, 출국정지 유지…법원 집행정지 신청 기각",Social
신천지 이만희 합수본 첫 출석…부축 받으며 '묵묵부답',Social
[단독] “60%도 남는다…투표용지 줄여야” 4년 전 선관위 용역보고서,Social
"5선 오세훈, '닥치고 공급' 탄력…'삶의 질 특별시' 재편도",Social
울산시장 선거 승부 가른 2.99%p…여야 모두 아쉬움만 '가득',Social
'8:17→17:8'…4년 만에 뒤집힌 서울 구청장 지도,Social
"민주당, 대전 권력독점체제 완성…의원직 이어 시장·구청장·지방의회까지 ‘파란 물결’",Social
"'신천지 집단 당원 가입 의혹' 교단 정점 이만희, 합수본 조사 출석",Social
"""극우 난리로 치부…투표용지 부족 사태 조용히 묻힐까 두렵다"" 비난 글",Social
[르포] 투표용지 부족 사태로 커진 ‘부정선거’ 목소리… 선관위 앞 시위대 집결,Social
아버지 이어 24년만에 아들이 당선…충남 태안군수 윤희신 [이색 당선인],Social
"대법, '내란 중요임무' 한덕수 재판부 배당…주심에 오경미 대법관",Social
"'李대통령 소년원설' 모스 탄 출국정지 유지…모스 탄 ""즉시항고""(종합2보)",Social
당근 뒤집어놓은 '곰 가죽 러그'... 충격적인 실체에 누리꾼 경악 [지금이뉴스],Social
'폭발사고만 3번' 한화에어로…중대재해법 적용 가능성은,Social
"""배달라이더도 최저임금을""…민주노총, 노동부 앞서 농성",Social
K-컬처가 6월 멕시코 달군다…이이남 미디어파사드부터 K-팝 커버댄스까지,Culture
‘우산 챙기세요’…전국 곳곳 천둥·번개 동반 소나기 [오늘날씨],Culture
내일 새벽까지 전국 곳곳 비소식…다음주 중순까지 비교적 선선,Culture
"“단백질 많아 아침에 좋아” 선우용여, 매일 먹는다며 추천한 음식은?",Culture
암 잡는 CAR-T치료로 신장 이식 거부 반응도 잡았다,Culture
금요일 새벽까지 전국 곳곳 천둥·우박 소나기…다음주 중순까지 선선,Culture
“입에서 왜 배설물 냄새가?” 치과의사들이 지목한 진짜 원인,Culture
토마토가 레모네이드에?…미국 SNS 달군 ‘토마토 레모네이드’ 정체는,Culture
"허남준, ‘고기만’ 먹으며 다이어트 중… 효과 살펴보니?",Culture
"왕실 나온 메건, 40만원 캔들 판매 욕먹는 이유…내로남불 과거 발언",Culture
테슬라·BYD 전기차 공세… 국산차 안방 방어 '흔들',Culture
[날씨] 전국 곳곳에 소나기…돌풍·벼락·우박 주의,Culture
"동래봉생병원, 미래관 오픈으로 36년 만의 새 출발",Culture
"“햇빛 안 보고 3년 지냈다”…16세男, 발작 후 고관절 부러져, 왜?",Culture
"시부모 간병 어쩌나…중년 며느리 vs 시누이-남편, 선택은?",Culture
오늘 저녁까지 전국서 소나기…비 그친 뒤 '선선',Culture
"400만 돌파 '군체' 연상호 ""속편 아닌 게임 구상중...10대 주인공""[인터뷰]",Culture
퇴근길 '비상'…천둥·번개 동반 강한 비 온다,Culture
[날씨] 곳곳에 소나기…낮 되면 대부분 '뚝',Culture
수입차 3대 중 1대는 테슬라…중국산 전기차 존재감 커져,Culture
[뉴스12 날씨] 전국 곳곳 소나기…한낮 30도 안팎,Culture
"지방 많이 들었는데, 혈압을 낮춰준다? 무슨 음식인지 보니",Culture
"돌풍·우박 강한 소나기…다음 주도 더위 주춤, 소낙성 비",Culture
“저당 소스면 마음껏 먹어도 된다?”…살 덜 찌는 원칙 3가지,Culture
군산이 주말 여행지로 딱 좋은 이유,Culture
“주식하다 망했다” 박정수 투자 실패…“삼전 8만원에 샀다 500만원 남겨”,Culture
"사유리, 버스·지하철 타야 살 빠진다는데… 효과 있나?",Culture
"스타벅스, 닉네임 변경 제한 무기한 연장…혐오표현 등 논란 차단",Culture
"""잘 키운 딸 시집갔다""…오스코텍, 세비도플레닙을 떠나보낸 이유",Culture
퇴근길 최대 80mm '소나기'...돌풍·천둥·번개 동반 [충북·세종 날씨],Culture
"“삼성전자, 몇억 벌 수 있었는데”…박정수, 주식 투자 실패담 고백",Culture
"일본차 밀리고 중국차 뜨고…BYD, 수입차 시장 4위 '껑충'",Culture
"벨기에, 넘쳐나는 감자 때문에 골머리… 무슨 일?",Culture
사과도 통하지 않았다…스타벅스 논란 2주만에 결제액 107억 감소,Culture
"‘푸바오 동생’ 쌍둥이 판다, 3살 맞아 ‘중국행’ 준비…“시기 협의 중”",Culture
대장암 항암제 내성 원인 규명…약효 되살릴 돌파구 열려,Culture
“점심에 먹으면 혈당 튄다”… 내과 의사가 경고한 음식은?,Culture
"서울대병원 ""신장이식 거부반응, 혈액검사로 예측한다""",Culture
"트럼프 ""이란과 협상 상당히 근접…주말 안에 성사될 수도""",World
"美가 40년 만에 허가한 미래 원전… “AI 시대 전력난, 답은 SMR에 있다”",World
이란 최고지도자 군사고문 “모든 공격에 미사일·드론으로 대응”,World
"이스라엘·레바논, 미국 중재로 휴전 합의",World
"美 하원, 이란 전쟁 종결 결의안 채택…트럼프 “이번 주말 이란과 합의 가능”",World
"필리핀, 남중국해 암초에서 새 구조물 발견해 조사 착수",World
"‘푸틴 고향’ 때린 우크라, 러시아는 “공격 당하면 핵무기로 대응”",World
"미, 나토 동맹에 ""군용기·군함 줄일 테니 공백 메워라"" 통보",World
홍역 대유행 비상...방글라데시서 600명 넘게 숨졌다 [지금이뉴스],World
"균열 드러낸 美·대만, 6·4 톈안먼 사건 놓고선 ‘한목소리’",World
이란 “모든 공격엔 미사일·드론 보복”…쿠웨이트 공습 정당화,World
"공화당서도 반란표… 美 하원, 트럼프 이란전 독주에 ‘전쟁권한 제한’ 제동",World
“이란戰 레드라인 제시한 트럼프…‘미군 사망자 없는 한 전면전 없다’”[1일1트],World
"21명 사망한 인도 호텔 참사...""밀폐된 호텔 '굴뚝'처럼 작용했다""",World
"트럼프, 이란 전면전 꺼려...美 전사자 안 늘면 휴전 유지",World
"이러지도, 저러지도…진퇴양난? ""트럼프 '미군 사망하면 전면전' 언급""",World
"""마취총 쐈는데도 끄떡없다""…후쿠시마 제철소 곰 공격에 4명 부상",World
"""UFO는 마귀 장난""…악마 쫓던 신부의 주장",World
"의회선 '전쟁권 제한' 족쇄, 트럼프는 ""주말 종전 합의"" 마이웨이",World
AI 시대 전력 공급 첨병 미 와이오밍 소형모듈원전(SMR) 건설 현장을 가다,World
휴전에도 불씨 여전...종전 협상의 뇌관 '레바논',World
"“북한·중국 훤히 보이네”…한국 상공에 美 최신예 정찰기 등장, 정체는? [밀리터리+]",World
부(富)는 어디로 흘러갈까…올해 ‘세계 자산 흐름’ 세가지 축은?,World
"[르포]美 최초 SMR, 韓의 손길로...“여기가 미래 에너지 탄생지”",World
"필리핀, 남중국해 암초에서 새 구조물 발견…조사 착수",World
"""트럼프 '이란과 휴전, 미군 전사시 종료''""…현 상황 장기화될듯(종합)",World
"美뱅가드 S&P500 ETF, 업계 첫 1조 달러…""초대형 IPO 앞두고 몸집 불려""",World
AI발 전력난에 부활한 탄광촌… 첨단 원전 짓는 미 와이오밍 가보니 [르포],World
"[인터뷰] 美테라파워 CEO ""韓 대미투자 프로젝트에 SMR 포함 기대""",World
[르포] AI시대에 美 외딴 시골서 현실화하는 빌 게이츠의 첨단 SMR 구상,World
AI전력 해결사되나…SK이노 손잡은 美차세대 원전 잰걸음,World
브로드컴 충격에 소프트뱅크도 급락...닛케이 1.9% ↓[Asia오전],World
"[영상] 온통 '불바다'…우크라, 왜 1,100㎞ 상트페테르부르크 때렸나",World
야근수당 칼같이 지급했더니…승진 기피하는 日직장인들,World
‘PSG 우승 폭동’ 뒤 프랑스 국민 47% “극우당 대표 지지”,World
"""트럼프 '미군 사망자 없는 한 이란과 전면전 재개 안 해'""",World
"美, 나토 전력표서 군용기·군함 뺀다…유럽에 날아든 안보 청구서",World
금이 美국채 제쳤다…중앙은행들 ‘달러 대안’ 찾기 본격화,World
월드컵 영상에 욱일기 버젓이…결국 고개 숙인 멕시코 유튜버,World
"“잠수함 팔러 간 줄 알았더니”…한국, 캐나다에 수소트럭 공장까지 제안 [밀리터리+]",World
美재무 “엉덩이 걷어차겠다” 했던 펄티 안보수장 되자…“협력 기대”,World
"美-이란, 호르무즈서 국지적 충돌 지속…""미 구축함 타격"" 진위공방",World
"비트코인, 장기보유자도 팔았다…""약세장 끝물 신호?""",World
"美, 韓에 12.5% 추가관세…루비오, 韓정부 태도 '변수' 지적(종합)",World
"이스라엘-레바논 휴전이행 합의, 이란 반발 부를듯",World
최주희 티빙 대표이사 “개인정보 유출 책임 통감”…사과문 게시,IT_Science
"SKT, 앤트로픽 보안 프로젝트 참여…'미토스' 조기 접근[AI픽]",IT_Science
IBS 신임 원장에 장석복 연구단장… 첫 내부 연구단장 출신,IT_Science
소몬 산업용 사물인터넷 와이파이 할로우 무선 통신 솔루션 공식 출시,IT_Science
유망 딥테크 스타트업에 투자·R&D 패키지 지원…딥테크 챌린지 추진,IT_Science
"""광복 100주년에 G3 도약""…정부 2045 과학기술 청사진 그린다",IT_Science
"엑스게이트, 차세대 교통체계 '양자내성암호 시범전환 사업' 참여사 선정",IT_Science
"""헤이 메타 한마디면 OK""…내 시선과 티키타카하는 'AI 안경'",IT_Science
"[혁신기업] 엔비디아·델이 동시에 픽한 ‘K-빅테크’…네이버클라우드, 글로벌 AI 주연으로",IT_Science
"""3초면 답변 뚝딱""…韓 상륙 메타 ‘AI 글래스’ 써보니",IT_Science
"14년만의 ‘6월 태풍’ 장미 日 상륙, 우주서 봤더니 [우주서 본 지구]",IT_Science
"유라클 경영진, 자사주 장내 연쇄 매수로 '책임경영' 선포",IT_Science
"[단독] LX세미콘, 현대차 공급망 합류…제네시스향 차세대 ADAS칩 개발 협력",IT_Science
"애플, 비전 프로 접나…차기 애플 CEO, 스마트 안경에 올인",IT_Science
"코인원, 컴투스·한투·OKX 품고 디지털금융 플랫폼 도약 시동",IT_Science
40대도 떠나고 5060만 남았다…'고령화' 된 포털 정치 댓글창 [분석+],IT_Science
"바이오·핵융합·이차전지에 AI 심는다…과기정통부, '과학기술 AI' 개발 착수",IT_Science
티빙 해킹사고로 CI 정보도 빠져나갔다는데…괜찮을까,IT_Science
1조 달러짜리 회사가 두개? '스페이스X' IPO 앞둔 머스크 꿈과 현실 ,IT_Science
"유라클 경영진, 주식 2만8020주 장내매수…AI 전환 자신감",IT_Science
"[현장] 배경훈 부총리 ""독자 AI 완성 위한 핵심 기반 마련""…'K-AI 반도체' 확산 주력",IT_Science
"배경훈 부총리 ""젠슨 황, K-AI 반도체도 살펴봤으면""",IT_Science
"유라클 경영진, 자사주 장내 매수…""AI 기업 전환 자신 있다""",IT_Science
AI 시대에도 결국 화면… 대만서 OLED 미래 경쟁 나선 삼성·LG,IT_Science
"“리벨리온 NPU 적용 수질정화 로봇, 중동서 러브콜”",IT_Science
"“개발, 며칠에서 몇 분 만에”…전 과정 책임지는 'IBM 밥' 韓 출시",IT_Science
“듣는 기기에서 디지털 잇는 포털로”…샥즈가 본 오디오 산업 변곡점,IT_Science
젠슨 황 이어 TSMC 회장도 만난 최태원... AI 칩 공급 동맹 다져,IT_Science
[단독] KT 중고폰 반납 ‘자회사 밀어주기’ 의혹… “더 비싸게 팔 소비자 권리 제한 우려”,IT_Science
"젠슨 황, 韓 로보틱스 생태계에 '엔비디아 AI' 심는다…피지컬 AI 방점",IT_Science
"인텔, 컴퓨텍스 2026서 AI 에이전트·로보틱스 시연",IT_Science
삼성·하이닉스도 앤트로픽 미토스 활용 AI 보안 협력,IT_Science
"비트코인, 또 2% 하락…'우군' 스트래티지 배신 때문?",IT_Science
"젠슨 황, 크래프톤과 회동…피지컬AI·게이밍 협업 논의",IT_Science
"화성 탐사선 ‘메이븐’ 역사 속으로…NASA, 임무종료 선언 [우주로 간다]",IT_Science
"국산 AI반도체 400여억 수출…배경훈 ""엔비디아급 기술력""(종합)",IT_Science
"넥슨 '아크 레이더스', 韓 PC방 무료화에 순위 급등…이용자 몰렸다",IT_Science
"LGD ""1000Hz OLED 간다""…中 추격에 기술격차 자신 [컴퓨텍스 2026]",IT_Science
50세 이하 발병률↑ ‘대장암’…항암제 내성 극복 단서 찾았다,IT_Science
"삼성전자, 삼성헬스 개편...갤럭시워치 신제품 우선 탑재",IT_Science
"국산 AI 반도체, 양산·상용화 본궤도…정부 ""독자 AI 핵심 기반""",IT_Science
"""더 작게, 더 가볍게"" 이노스페이스, '핵심' 액체 메탄 엔진 기술 확보",IT_Science
"이노스페이스 ""차세대 메탄엔진 핵심 기술 개발 완료""",IT_Science
"한동훈, 선관위 대상 1·2호 법안 ""감사원 감사·휴직 제한""(종합)",Politics
"北노동신문, 시진핑 방북 환영사설…""북중친선, 여러분야서 발전""",Politics
내일 취임 1년 기자회견...'조작기소 특검' 등 입장 주목,Politics
"與 박선원 ""투표용지 문제 지역, 재선거 해야""",Politics
"이언주, 與 최고위원 사퇴... ""6·3 지방선거 결과 책임 통감""",Politics
"정부, '6·10만세운동' 100주년 맞아 독립유공자 13명 특별포상",Politics
李 대통령 “조만간 대규모 투자 프로젝트 공개할 것…하루하루 임기 마지막 심정으로”,Politics
한성숙 “전환적 시기 총리 지명 무거운 책임감…민생경제 비상 상황 타개 총력”,Politics
"李대통령 지지율 55.2%, 3주 연속 하락…민주 41.8%·국힘 41.1%",Politics
"장동혁, '투표 용지 부족' 사태에 ""국조보다 특검, 특검보다 재선거가 먼저""",Politics
"""이번엔 내 몸보다 나라가 비상""…시위 독려 홍영기, 쏟아지는 악플에 '정면 돌파'",Politics
"“서울·경남·대구, 다시 하자”…민주당서도 ‘재선거’ 요구 확산",Politics
"장동혁 ""이재명과 민주당, 선관위 철벽 방어.. 특검보다 재선거가 먼저""",Politics
"이준석 ""전재수 무혐의 합수본 누가 믿나…야당 추천 참정권 특검해야""",Politics
"李대통령 ""대체불가 대한민국 꿈 시작된해…K이니셔티브 새시대""",Politics
장동혁 ‘재선거’ 촉구에…이준석 “오세훈 사퇴 종용이냐”,Politics
"이준석 ""참정권 막힌 사고, 정당한 분노에 전혀 다른 게 올라타""",Politics
"이준석 ""멀쩡한 사람을 중국인·공안으로 몰아""…잠실 집회 일부 행위 비판",Politics
"李대통령 ""'대체 불가 대한민국'의 담대한 꿈 시작할 것""",Politics
'재선거' 외치는 장동혁... 그 무책임한 선동을 멈춰라,Politics
코르티스 가사 인용한 총리 후보자 “시대 바뀐 데 맞춰 과감히 울타리 넘겠다”,Politics
"아이돌 노래 'REDRED' 가사 읊은 한성숙 후보자 ""과감히 울타리 넘겠다""",Politics
"“일베, 전두환식 탱크로 밀어야”…매불쇼 최욱 발언 논란 [뉴스플레이리스트]",Politics
"최혁진, 민주당 복당 선언…""李정부 흔드는 세력과 맞서 싸울 것""",Politics
"장동혁, 투표용지 부족 사태에 ""재선거가 먼저"" [뉴시스Pic]",Politics
"조경태, 장동혁 향해 ""투표용지 부족을 선거패배 방패막이로 이용하면 안돼""",Politics
"""당이 대통령 지지도에만 의존""…이언주 사퇴, 정청래 책임론 불붙나",Politics
"""무거운 책임 통감"", ""백의종군""…이언주, 민주당 최고위원직 사퇴",Politics
"민주당 자성론 확산…이언주 지도부 사퇴 ""2030 이탈 무겁다""",Politics
"유의동, 장동혁 '재선거 요구'에 제동…""당내 협의 없는 개인 목소리일 뿐""",Politics
"""송도 1·2동 사전투표 득표수가 완전히 똑같다고?""…개표 결과 '시끌'",Politics
"이준석 ""정당한 분노 위에 보수 끝낸 그 레퍼토리.. 전한길 끼는 순간 명분 잃어""",Politics
"與정민철 ""정원오 이겼다면 난리가, 재선거 하자"" vs 野박은식 ""현실적으로 힘들다""",Politics
눈에 띄는 강북 득표율...민주당 구청장 찍은 표심 흡수 못 한 정원오,Politics
최고위원 사퇴·지도부 비판…지선 후폭풍·당권경쟁에 커지는 與 파열음,Politics
李대통령 지지율 55.2%...민주·국힘 지지율 '비등',Politics
"""중심은 성장과 AI""‥새 총리에 한성숙 지명",Politics
김영록 전남지사 “정청래 연임 반대운동” 선언…또 직격,Politics
잠시 뒤 취임 1년 기자회견...'조작기소 특검' 등 입장 주목,Politics
"김재섭 “민주당 20, 30대 탓 말고 자신들 잘못부터 진단해야” [정치 시그널]",Politics
[속보] 북측 인사 리호남 만난 오영훈 지사… 북한에 한라봉 묘목도 보냈다,Politics
"가슴엔 태극기, 팔엔 미군 계급장? 국군 복장 엉터리 묘사한 서울시",Politics
뒤 바뀐 ‘재선거’ 공수…與 “선거소청” VS 野 “장동혁 개인 입장”,Politics
"與 이언주, 최고위원 사퇴···선거 닷새만 불붙은 당권경쟁 전초전",Politics
"국힘 원대 출사표 김도읍 ""장동혁 거취 표명이 상식""",Politics
"박지원 ""정권 재창출 못하면 피바람…전당대회 과열, 큰 염려 엄습한다""",Politics
"HJ중공업, HD현대 손잡고 자율운항선 시장 선점 나선다",Economic
"현대차, 완성차 제조·R&D 채용 나선다…""모빌리티 기술인력 하반기 선발""",Economic
"1,550원 넘은 원·달러 환율‥'위기' 아니라지만",Economic
"비트코인, 9500만원선 회복…공포지수는 '극단적 공포'",Economic
[속보]반도체발 블랙먼데이…코스피 장중 7500선 붕괴,Economic
'검은 월요일' 공포…美반도체·환율 악재에 '칠천피' 후퇴하나[오늘의 증시],Economic
"두나무, 데이터 콘텐츠 매거진 '인텔리전스' 출시",Economic
국내 생활폐기물 활용률 약 70%…일본 대비 약 3.5배 높아,Economic
"SK하닉·엔비디아, AI 팩토리 구축 위한 차세대 메모리 공동 개발(종합)",Economic
"젠슨 황, 현대차·엔씨·크래프톤·두산·SK 연쇄 회동 ‘종횡무진’",Economic
"SK 최태원·엔비디아 젠슨 황, 'AI 혈맹'으로 도약 [현장+]",Economic
‘AI 거품론’ 일축한 젠슨 황…“SK 협력으로 내년 매출 1조달러”,Economic
“삼전닉스 내려갈줄 알았다” 어느새 40% 오른 ‘곱버스’,Economic
"SOX 10% 폭락에 200만닉스 붕괴…증권가는 ""400만원 간다"" [칩칩폭폭]",Economic
"미래에셋증권 스페이스X 2차 청약도 완판…""약 2분만 전량 소진""",Economic
"李대통령 ""대규모 투자 곧 공개…초격차 동력 육성""",Economic
"카카오, 52주 신저가…AI 성과 지연 우려에 5%대↓",Economic
"경제6단체, 한성숙 국무총리 후보자 지명 환영 성명",Economic
천장 뚫린 환율에 '항공' 쇼크…비용 절감·헷지 전략 돌입,Economic
"""SK 없이는 AI 발전도 없었다""…엔비디아-SK 굳건한 깐부 결의",Economic
“강남불패 흔들리나”…수도권 아파트 신고가 비중 올해 첫 10%↓,Economic
포옹으로 젠슨 황 맞은 구광모…피지컬 AI·자율주행 협력 논의,Economic
"삼전닉스·코스피 급락, 반도체 피크아웃?…전문가 ""저가매수 기회""",Economic
젠슨 황“하닉 없인 AI 발전 불가…주식시장 변동? 할인가에 살 기회” [현장],Economic
"젠슨 황, 여의도 LG트윈타워 찾아…'삼소 회동' 구광모와 포옹",Economic
"‘젠슨 황 던지고, 박정원 치고’ 기업 오너들은 왜 야구를 사랑할까",Economic
[오세훈 5기 서울 부동산②] 목동·여의도 재건축 속도 붙나,Economic
"대한전선, 싱가포르서 1400억원 규모 초고압 전력망 프로젝트 수주",Economic
"美 트럼프, ""금리 내려야"" 재차 압박...연내 인하 어려울 수도",Economic
서울 민간아파트 전용 84㎡ 평균 분양가 21억…한 달 새 2억 뛰어,Economic
삼성전자·SK하이닉스 장초반 동반 급락... '검은 월요일' 현실화,Economic
5월 서울 아파트 국평 분양가 21억원 넘어,Economic
"[윤두영 칼럼] ‘코리아 프리미엄’, 예측 가능성이 핵심",Economic
"[현장] 사흘만에 여의도서 다시만난 LG 구광모-엔비디아 젠슨 황 ""피지컬 AI 협력""",Economic
젠슨 황 “주식시장 급락? 아주 기뻐해야…지금 할인 가격에 살 수 있어”,Economic
반도체 쏠림 현상에 IPO 시장도 부진…올해 공모액 작년 대비 절반 '뚝',Economic
코스닥 상장사 저격한 李대통령…'주가누르기 방지법' 탄력 받나,Economic
"제주도, 수소차 민간보급 시작…1대당 3천950만원 지원",Economic
[현장] LG트윈타워 찾은 젠슨 황…“쉿” 제스처에 사인까지,Economic
"젠슨 황 ""SK하이닉스는 최대 메모리 파트너…투자 규모 훨씬 커질 것""(상보)",Economic
"프로티나, EULAR서 PRT-101 경쟁력 입증…""차세대 골관절염 치료제 도전""",Economic
서킷 브레이커 이어 매도 사이드카...코스피 장중 7500선 붕괴,Economic
"6%대 급락 코스피, 매도 사이드카도 발동…삼전닉스 뚝(상보)",Economic
미 증시 폭락·고환율에 코스피 급락…'검은 월요일' 현실화,Economic
'블랙 먼데이' 맞은 코스피…서킷브레이커 이어 매도 사이드카(종합),Economic
"젠슨 황 “韓, AI G3 성과 당연”…SK·LG·현대차·네이버 차례로 러브콜",Economic
"경찰, '투표용지 부족' 본격 수사 착수…고발인 조사",Social
"진주시, 영·유아 '생애주기별' 예방중심 건강지원 강화",Social
나흘째 이어지는 ‘투표용지 부족’ 규탄 시위… 아직도 수천명 남아,Social
디지스트-와이브레인 뇌-컴퓨터 인터페이스 개발 맞손,Social
"박용선 포항시장 당선인, 민선9기 포항시장직 인수위원회 오는 10일 출범",Social
기록 경쟁 없이 즐기는 3종 경기...한강 축제 '북적',Social
'부천 제일시장 차량 돌진 사고' 운전자 금고형,Social
"'폭발 사고' 100억 지체상금 문 한화에어로…대법 ""20억 돌려줘라""",Social
이화영 참여재판 개막…배심원 12명 구성 여부가 '최대 변수',Social
'2026 강원원주 혁신도시 상생마켓' 11~13일 개최,Social
"경찰, ‘투표용지 부족 사태’ 수사 본격화",Social
"""시어머니가 정치성향 강요, 밥 먹다 체할듯요""…들들 볶인다는 며느리 [어떻게 생각하세요]",Social
"'젠슨황 사인' 적힌 삼겹살집 테이블 공개…""방탄유리 깔아야""",Social
부천 사우나서 남아 성추행 혐의 30대 검거,Social
"'22명 사상' 부천 제일시장 돌진사고 운전자, 금고 2년 6개월",Social
"경찰, '원유 90만배럴 北 유입' 허위정보 유포 2명 송치",Social
"""유리 덮어 보존해야""…젠슨 황 사인에 대박 난 '삼소 회동' 식당 어디?",Social
이 대통령 지지율 55.2%.. 민주 41.8%·국힘 41.1%,Social
"인천 가게서 둔기로 업주 살해하고 현금 훔친 40대 중국인, 하루 만에 체포",Social
'믿고 거르는 정당'? 청년세대는 왜 민주당을 싫어할까,Social
7살 아들에 “너 죽어도 아무도 신경 안 써” 폭언·폭행한 엄마,Social
음주 단속 불응하고 도주하던 SUV 버스와 충돌 20대 남녀 사망,Social
"경찰, '투표용지 부족' 선관위 수사 본격화…고발인 조사",Social
한국나노기술원장에 '삼성 반도체 전문가' 변대석,Social
안산 공장 밀집지역 화재…9개 업체·11개동 피해,Social
슈퍼마켓 업주 살해하고 달아난 40대 강도 하루 만에 검거(종합),Social
부천 제일시장서 트럭 돌진해 4명 사망…60대 운전자 금고형,Social
제38회 고양행주문화제 13∼14일 개최… 볼거리·놀거리 가득,Social
"'술파티 위증' 이화영 국민참여재판, 배심원 선정 돌입",Social
안산 성곡동 공장화재 밤샘 사투 끝 진화,Social
"부산 돌려차기남 ""영치금 매달 15만원 쓰게 해달라"" 법원에 신청",Social
"‘투표용지 부족 사태’ 검경 합수본 이르면 8일 구성…與野, 국정조사요구서 제출도[세상&]",Social
"안산 종이상자 공장 큰 불 11시간 만에 초진…소방당국, 한때 '대응 2단계' 발령",Social
곰 사육 끝낸다더니…'금지된 나라'에서 새끼 곰이 태어났다 [취재파일],Social
"한동훈, 선관위 정조준…'1호 법안'으로 감사원 감찰 추진",Social
"한은, 멜라트은행에 100억 배상 항소…1000억대로 커질 수도",Social
"인벤티지랩 ""비만약 지속형 주사제 경쟁력 확인""",Social
대기업·중소기업 임금격차…“상여금 등 특별급여 차이 때문?”,Social
대구 아파트 경매 낙찰률 한 달 만에 반등…6개월째 '80%대',Social
"아내 휴대폰서 외도 증거 수집한 남편…""몰래 봤으니 고소할 것""",Social
진주시 평거동 배수관로 누수로 600여 가구 단수,Social
"[단독]메디컬아이피, 젠슨 황 만난다…의료 디지털트윈 기술력 인정",Social
'BTS 온다' 부산은 이미 보랏빛…초대형 전광판엔 '뮤비 특별 송출',Social
잠실개표소 시위 나흘 차…2030 줄고 '부정선거' 구호 높아져,Social
"김수현, 100억원대 손배소 재개…'김세의 구속'으로 반전 맞나?",Social
"""불난다"" 시민 신고에 경찰관 소화기 들고 출동…방화범 검거",Social
"문체부, 디지털관광주민증 지역 52곳으로 확대…1천400곳 혜택",Culture
'반구천 암각화'속 고래뼈에 꽂힌 신석기 작살 국가유산 된다,Culture
"""화사 'So Cute' 매력적"" 젠슨 황, 깜짝 팬심...""이재용·최태원·정의선 중 찐친?"" 질문엔",Culture
"""우리가 듣겠습니다""…7대 종단, 청계광장서 국민 마음회복 캠페인",Culture
"“국가유산, 미래 산업자산 활용”…국가유산 디지털 자료 807건 무료 공개",Culture
"'고난의 행군' 이후 북한을 소설로…서현범 '점선,' 오늘의 작가상",Culture
"콘진원, 2026 콘텐츠산업포럼 개최…K-콘텐츠 성장 해법 찾는다",Culture
"여행 시작과 끝을 한눈에…관광공사, 한국관광 데이터랩 개편",Culture
"[뉴스타임날씨] 당분간 평년 초여름 날씨…오늘, 동쪽 곳곳 소나기",Culture
쌍둥이 중 첫째 보내고…22주 더 품어 둘째 출산,Culture
고환율의 두 얼굴…원가 압박 vs 수출 훈풍,Culture
동남아 식당서 맛보던 ‘공심채 볶음’…알고 보면 만능 집반찬 [FOOD+],Culture
올 여름 평년보다 더 덥다는데...무더위 이기는 데 좋은 과채들,Culture
[약손+] 제2의 심장이 뛴다 ‘맨발 걷기’ ③현대인을 위협하는 ‘활성산소’란?,Culture
“치매 위험 던다”…맛·영양 가득 ‘달걀’ 얼마나 먹어야 할까,Culture
"울산서 발견된 '고래뼈에 박힌 사슴뿔 작살촉', 국가유산 된다(종합)",Culture
"""입원 대기 30분 줄였다""…분당서울대병원 '병상 자동 배정' 도입",Culture
"[930날씨] 당분간 평년 초여름 날씨…오늘, 동쪽 곳곳 소나기",Culture
태국 여행 중 '낮술 금지' 사라진다…54년 만에 주류 규제 완화,Culture
"밤에 심해지는 어깨 통증, 오십견 아닌 '회전근개 파열' 의심해야",Culture
"젠슨 황 BBQ 치킨 먹방…""치맥보다 더 좋은 건 없어""",Culture
"고유가 덕에 獨3사 제친 테슬라… 모델Y·3, 1·2위 ‘질주’[자동차]",Culture
"170cm·53kg 성해은, 몸매 비결은 혈당 안정?… “운동 후엔 꼭 ‘이 조합’” 뭐야?",Culture
[날씨] 오늘 흐리고 한낮 초여름...동쪽 곳곳 한때 소나기,Culture
"현대차, 기술인력 공개 채용…고졸 이상 생산직도 뽑는다",Culture
초전도모터 품은 '도요타 수소엔진차' 24시간 레이스 완주…세계 최초,Culture
한 세기 전 벽화 속 토끼의 '빨간 눈'에서 읽어낸 것,Culture
‘이 음료’ 즐겨 마신 여성들 신장 기능 떨어져…콩팥 건강 망치는 습관은?,Culture
"인슐린 쓴 당뇨 환자, 치매 위험 높았다… 왜?[밀당365]",Culture
"발냄새 심한 양말, ‘뒤집어서 vs 그대로’...맞는 세탁법 따로 있다",Culture
"日 여권 수수료 반값 인하…들썩이는 韓 여행업계, 왜?",Culture
"20대 女 “‘이 약’ 먹고 성기능 장애, 감각 사라져”…남 일 아닌 이유 [라이프+]",Culture
리투오가 살린 휴메딕스…올해 최대 실적 기대감 [Why 바이오],Culture
한국인 가장 많이 입원한 질병은 백내장…알츠하이머 치매에는 1조9312억 원 소요,Culture
[날씨] 전국 흐리고 낮 더위 주춤…동쪽 소나기,Culture
치아가 나빠지면 고기보다 먼저 사람을 피하게 된다,Culture
허수경 시인 떠난 지 8년…생일 맞아 마지막 유고시집 출간,Culture
사리병 뚜껑에 0.2mm 금구슬…'감은사 사리갖춤'이 보여준 신라의 세공술,Culture
"“불치병은 옛말… 백혈병, 이젠 ‘무치료 관해’ 시대”",Culture
"[기고] 단백질 섭취, ‘양’보다 어떤 ‘형태’로 먹느냐가 중요하다",Culture
"""이유 없는 만성 피로, 내 몸속 생명수 '진액'이 마른 탓""",Culture
노년 치매 1조9000억원…입원 원인 1위는 백내장,Culture
[출근길 날씨] 당분간 초여름 날씨…흐리고 동쪽 소나기,Culture
"""올해 일 낸다"" 연초부터 심상치 않더니 5개월 만에 325만명 찾은 국립중앙박물관",Culture
"[속보] 이란, 이스라엘 향해 미사일 발사...베이루트 공습에 대한 보복",World
"""젤렌스키, 러시아 재벌 통해 푸틴에 정상회담 요청""",World
"시진핑, 오늘 북한 국빈 방문…북중 '재밀착' 속 북핵 논의 주목",World
"골드만 ""연준 올해 금리인하 없다""…인상 가능성 20%로 상향",World
"""호르무즈 통행 서비스료 징수 단계‥선박 당 150~200만 달러""",World
"美 ""이란 동결 자금으로 전쟁 피해 보전""",World
페루 대선 출구조사 초박빙…우파 후지모리 오차內 우세(종합),World
"日언론 ""日, 韓정부에 수산물 수입 재개 실무논의 타진""",World
"트럼프 ""이란과 합의불발시 타격한 뒤 고농축우라늄 회수할 것""",World
"美참전용사, 백악관 UFC 중단 소송…“트럼프, UFC 주식 산뒤 행사 진행”",World
"FT ""韓, AI 붐·전쟁 최대 수혜국…반도체·조선·방산 3중 호황""",World
"[영상]건물 와르르, 日까지 쓰나미 경보…필리핀 규모 7.8 강진",World
"외신이 보는 韓 증시… “너무 빨리 올랐지만, 아직 끝난 장은 아니다”",World
"""중국 핵탄두, 지난해 620기로 증가…ICBM 발사대 수는 미러 추월""",World
"미국, 인도양 요충지 차고스 제도 손에 넣나…""매입안 마련""",World
스페이스X 상장 잭팟에…직원들도 '돈방석',World
"페루, 10년간 9번 쩨 대통령 뽑는 결선 투표 7일 실시.. 후지모리 -산체스 대결",World
"볼턴 ""트럼프의 이란 전쟁, 중동 핵무기 경쟁 촉발할 수 있다""",World
"스웨덴 싱크탱크 ""北 핵탄두 50→60기…中, 미·러 빠르게 추격""",World
"""中 핵탄두 수, 지난해 620기로 증가…실전배치도 늘려""",World
남수단 ODA 공백 민간이 채웠다…8월 톤즈 이태석 희망병원 완공,World
"""누가 이겨도 부정선거?""⋯쓰레기통 안 투표함·용지 부족·개표 지연까지 '대혼란' 온 페루",World
"中, 대일 희토류 수출 80%↓…日, 호주·인도 등 대안 모색",World
"英·佛·獨 ""젤렌스키-푸틴 직접 회담 지지…휴전 후 추가협상해야""",World
"""합의 불발 시 타격 후 우라늄 회수""‥여론 싸늘",World
시진핑 주석 7년 만 방북…'전략적 공조' 과시,World
“언론도 부정선거 알고 있는데”…근거 묻자 인터뷰 중단한 트럼프,World
"푸틴, 핵전쟁 위협하더니…“러 드론, 체르노빌 핵연료 시설 공습” 발칵 [핫이슈]",World
"“美, 차고스 제도 매입 검토…미·영 공군기지 통제권 확보 목표”",World
"트럼프, 월드컵 이전 종전 합의 원하나?…이란·이스라엘에 자제 촉구",World
‘불의 고리’ 필리핀 해역서 규모 8.2 강진… 쓰나미 경보 발령,World
"필리핀 민다나오 남쪽해역서 규모 7.8 강진…""쓰나미 경보 발령""(종합)",World
"영·프·독 정상, 젤렌스키 만났다…""국경 무력 변경 불가""",World
"이란-이스라엘, 레바논 두고 일촉즉발…美-이란 협상 다시 위태",World
"“젤렌스키, 러 재벌 통해 정상회담 제안”…푸틴은 ‘대면 회담’ 거부",World
"이란-이스라엘 공습 속 트럼프 ""10일까지 합의 가능""(종합)",World
"이란, 휴전 뒤 처음으로 이스라엘에 미사일 공격",World
평양거리 시진핑 맞이 준비 완료…오성홍기·인공기 나란히 가득,World
"월드컵 코앞에 조급한 트럼프…""이란·이스라엘, 이제 그만하라""",World
4주면 끝난다더니 100일…휴전도 종전도 못한 트럼프의 이란전[1일1트],World
"“우리 돈으로 걸프국 복구?”…이란, 美 자산 압류 구상에 강력 반발",World
트럼프 “이란 핵물질 직접 폐기···합의 불발시 무력으로 회수”,World
블룸버그 “코스피 과열에 글루벌 투자자들 경계감…일부 헤지 나서”,World
"""친기업 텍사스""…캘리포니아 제치고 美 500대 기업 보유 1위",World
필리핀서 최대 규모 8.2 지진… 일본 '1m 쓰나미 온다' 경보 발령,World
"中, 이란 내 자국민에 긴급 대피 통지…“즉시 등록”",World
"네이버, 엔비디아와 글로벌 AI 팩토리 구축 추진…2028년 200MW·장기적 GW급 목표",IT_Science
젠슨 황은 왜 연일 PC방을 찾나,IT_Science
"리벨리온·에코피스, 국산 NPU 기반 수상로봇 개발…중동 시장 노린다",IT_Science
"KT, 광화문서 월드컵 거리관람 행사…대형 미디어월로 경기 생중계",IT_Science
K게임 찾는 젠슨황...“엔비디아 기틀 마련한 게임 사업부 격려 의도도”,IT_Science
"젠슨 황 ""SK와 AI 인프라 확충해 에코시스템 구축""[현장]",IT_Science
② 종료된 게임도 역사의 일부…플랫폼으로 진화 중[넥슨뮤지엄에게 묻다],IT_Science
"젠슨 황, 또 PC방 찾는다···김택진 엔씨 대표와 아이온 행사 참여",IT_Science
젠슨황 방한 마지막 날 SK·LG·현대차·서울대·네이버 릴레이 회동… 피지컬 AI 협력 확장,IT_Science
"쏠리드, KT·한화시스템과 저궤도 위성통신 핵심 반도체 국산화 착수",IT_Science
젠슨 황 “AI 혁명 초입”...최태원 “엔비디아와 AI 팩토리 구축”,IT_Science
"‘아리랑 위성 6호’ 하반기 출격…독자개발 능력 확보, 위성강국 도약",IT_Science
"""코드만 짜는 AI 그만""…LG CNS, AI로 SI 체질 바꾼다",IT_Science
"2시간 벽 깬 마라톤 신기록…""신발은 거들 뿐""",IT_Science
"ESS 시장, 전기차 둔화 속 급성장…LG엔솔, 점유율 두 배 껑충",IT_Science
"'P의 거짓' 이끈 박성준 그룹장, 네오위즈 새 사령탑으로",IT_Science
"젠슨 황 ""SK하이닉스는 최대 메모리 파트너""…공동설계 공식화",IT_Science
"유나이티드항공 CEO ""항공권 올라도 부유층은 탄다""",IT_Science
“AI 구축은 이제 시작”... 젠슨 황 “SK와 협력 규모 상당히 커질 것”,IT_Science
"삼성重, LNG운반선 1척 수주…상선 목표 91% 달성",IT_Science
‘사망 위험 2배’ 근력 부족…‘앉았다 일어서기’로 측정하는 법,IT_Science
TJ 만날 때는 가죽 재킷·장병규는 면 재킷⋯젠슨 황의 '재킷 교체' 눈길,IT_Science
"[주간 클라우드 동향/6월①] 젠슨 황, 방한 후 종횡무진…핵심 키워드로 떠오른 'AI·클라우드'",IT_Science
"‘각 세종 4배’ 초대형 AI 팩토리 짓는다…네이버, 엔비디아와 글로벌 인프라 공략",IT_Science
[속보] 최태원·젠슨 황 “AI 팩토리 함께 만든다”…SK-엔비디아 협력 확대,IT_Science
"젠슨황x이해진, 오늘 네이버 '비전스테이지'서 치지직 생방송",IT_Science
"“GW급 AI 팩토리, 2027년 첫 가동”…SKT, 엔비디아 ‘클라우드 파트너’ 합류",IT_Science
"네이버-엔비디아, 국내 최초 기가와트급 AI팩토리 짓는다…각 세종 4배 규모(종합)",IT_Science
"SKT-엔비디아, 韓 GW급 AI팩토리 짓는다…亞 최대 AI 인프라(종합)",IT_Science
美 40개 신의료기기 메디케어 우선 적용...K의료기기 수혜 기업은?,IT_Science
"잠실 달군 젠슨 황, 이번엔 두산과 AI팩토리 손잡았다",IT_Science
"가스공사, LNG 캐나다 수도권 첫 입항…키티맷~인천 8500㎞ 12~13일이면 운송",IT_Science
"HBM만? 노! SK·엔비디아, 칩부터 데이터센터까지 'AI 풀스택 깐부' 맺었다",IT_Science
"SKT, 엔비디아와 GW급 ‘AI 팩토리’ 짓는다… 2027년 한국서 첫 가동",IT_Science
"""소버린 넘어 피지컬 AI까지""…엔비디아 손잡은 네이버, 세종 넘어 데이터센터 글로벌 확장",IT_Science
"디앤디파마텍, 빅딜 기대감에 '강세'…에임드바이오·이뮨온시아 ↓[바이오 맥짚기]",IT_Science
"엔비디아, 네이버와 기가와트급 AI 팩토리 구축 협력",IT_Science
"파로스아이바이오, 일라이릴리 '튠랩' 전격 합류…엔비디아 AI 플랫폼 쓴다[only 이데일리]",IT_Science
"“육아휴직 끝나면 내 자리는?”…IT기업들, 복귀 지원까지 챙긴다",IT_Science
K-문샷 PD에 예산권 준다더니…권한 범위 논란,IT_Science
"이통3사, 알아서 요금 내린다고?…요금제 줄이고 구독상품 강화",IT_Science
"마지막까지 바쁜 젠슨 황, 오늘은 LG·서울대·현대차·네이버 찾는다",IT_Science
"위기의 애플, '구글 AI'로 시리 전면 개편…WWDC서 반격[모닝폰]",IT_Science
"[단독] 삼성전자 파운드리, 올 3분기 흑자전환 전망… “4년 만에 성장궤도 진입”",IT_Science
독박 육아 대신 ‘함께 키우는 회사’ 택했다,IT_Science
"“1억 지원금”…IT업계, 육아 복지에 힘 쏟는 이유 [애 낳으면 1억…IT업계가 달라졌다]①",IT_Science
[PLAY IT] 'AI PC 사춘기 끝'…퀄컴 스냅드래곤X2 엘리트 실측해보니,IT_Science
"인간 배아 DNA ‘오타’ 고쳤다… 생명의 빨간펜, 득인가 실인가",IT_Science
"발바닥 통증 ‘족저근막염’, 왜 자꾸 재발할까",IT_Science
원전? 석유? 태양광? 특정 에너지원만으로는 안보 못 지켜,IT_Science
"젠슨 황, 오늘 네이버 로봇 사옥 방문…'로보틱스' 협력안 나올까",IT_Science
"미토스로 '미토스 쇼크' 막는다…과기정통부, 대응 본격화",IT_Science
젠슨 황 “HBM 더 많이 필요”…오늘 SK와 청사진 발표 예고,IT_Science
"공공 서비스 첫 관문 ‘본인인증’, 딱 한번 설정해 3년 편하게",IT_Science
운전대·페달·계기판 없앴다… 로보 택시의 진화,IT_Science
인류 첫 ‘마라톤 서브2’… 신발보다 계산된 훈련-강한 경쟁자 덕,IT_Science
‘깐부’와 점심·저녁…그 사이엔 PC방 두 번 간 젠슨 황,IT_Science
젠슨 황 만난 최태원 회장 옆 정재헌 SKT 사장…'깐부회동' 왜 함께했나,IT_Science
"젠슨 황, 네이버 치지직 뜬다…이해진과 1784서 특별 라이브",IT_Science
"젠슨황, 내일 SK그룹 새 협력방안 직접 발표한다",IT_Science
"""젠슨 형이 왜 여기에?""…치지직 생방송에 젠슨 황·이해진 의장 '등판'",IT_Science
"SK 깐부회동의 깜짝 선물…젠슨 황, T1 완전체 사인 후드 받고 '함박웃음'",IT_Science
젠슨 황 “韓에 빚졌다”…PC방-식당-야구장-깐부 회동까지 광폭 행보,IT_Science
"“친구들과 일한다”…최태원과 치맥한 젠슨 황, 다음 행선지는 삼성·네이버",IT_Science
"젠슨 황, 최태원과 '치맥 깐부회동'…SK와 새로운 협력 계획 예고",IT_Science
젠슨 황-최태원 '깐부 회동'에 SKT 수뇌부는 왜?…HBM 넘어 AI 통신망까지,IT_Science
달에서 대포를?…‘뻥’이 아니야,IT_Science
위성 발사만큼 중요한 전자부품의 우주 검증[찌릿찌릿(知it智it) 전기 교실],IT_Science
‘19금’ 내세워 반전…“너무 심하다했더니” 결국 살아나는 티빙,IT_Science
"젠슨 황 ""HBM! 더 많은 HBM!""...내일 전영현 부회장 회동",IT_Science
"젠슨 황, 치지직 생방송 뜬다…이해진과 네이버 사옥 1784서 특별 라이브",IT_Science
"“이러다 다 망한다?” ‘99만원’ 맥북, 어마어마하게 팔리더니…가격 싼 노트북 ‘우르르’ 등장",IT_Science
"잠실 시구, 삼성동 2차 깐부회동…젠슨 황 광폭 행보에 ‘그늘’도 커져",IT_Science
48시간 만에 최태원 다시 만난 젠슨 황…두산 유니폼 입고 치킨집 등장,IT_Science
"젠슨 황·최태원, 서울 강남 '깐부회동' 식당 도착",IT_Science
86조 車 디스플레이 잡아라…삼성·LG 주도권 경쟁,IT_Science
"LGU+, 파주에 데이터센터…""2030년까지 5조 수주""",IT_Science
"젠슨 황, 두산 유니폼 입고 ""코리아!""...잠실구장 '들썩'",IT_Science
"""이대로면 상장폐지 될라""…위기의 '바이오 동전주' 결국",IT_Science
K제약바이오 원팀 뜬다… ADC·비만신약 글로벌 빅딜 정조준,IT_Science
"PC방 세 번 찾은 젠슨 황 ""e스포츠가 지포스 키워""",IT_Science
'첨단기술 집약' 수도권 최대 AIDC… 완공도 전에 1동 완판[현장르포],IT_Science
텔레픽스 “AI 위성 설계부터 검증까지...하드웨어·소프트웨어 다 잡았죠”,IT_Science
다시 PC방 향한 젠슨 황… 크래프톤·NC 만나 “PC방처럼 지포스 빅뱅(bang)”,IT_Science
"삼전닉스, 2분기 또 '최대 실적' 전망…영업익 150조 추정",IT_Science
젠슨황 잠실 시구 “치맥보다 좋은 건 없다”,IT_Science
"택진이형 만난 젠슨 황 ""사랑해요 '아이온2'""…엔씨·엔비디아, PC방서 25년 동행 기념",IT_Science
AI시대 대량실업 불가피 사회 안전장치 서둘러야,IT_Science
구글 이어 메타도 100조원대 유증 카드 만지작,IT_Science
이통3사 요금체계 개편…통신비 내려간다,IT_Science
컴퓨터 기자에서 네이버 최초 여성 CEO까지…한성숙 후보자는 누구?,IT_Science
젠슨 황은 왜 PC방에서 NC·크래프톤을 만났나[서대문 오락실],IT_Science
[AI픽] PC방에 뜬 젠슨 황…K게임과 AI 협력 속도낸다,IT_Science
미토스 발표이후 AI가 찾아낸 취약점만 월 900건…구글·AWS도 예외 없었다,IT_Science
"""게임과 AI가 만나는 시대""…크래프톤·엔씨 찾은 젠슨 황, PC방 투어(종합)",IT_Science
"""아빠, 진짜 젠슨 황 와요?""…2차 깐부 회동에 ""저녁보다 젠슨 황""",IT_Science
엔비디아서 MS·구글·삼전까지…‘AI 파트너’로 뜨는 K게임,IT_Science
"젠슨 황, 엔씨·크래프톤과 'PC방' 회동…""직접 보고싶다"" 강조해",IT_Science
"PC방 뜬 젠슨 황, '택진이형' 샤라웃…'AI PC 전초기지' 한국 낙점?",IT_Science
“이차전지 물렸는데 ‘이 종목’은 589% 폭등”…K-증시 시총 톱10 대이변,IT_Science
한국 PC방 누빈 젠슨 황…엔비디아·K게임 AI 동맹 굳혔다,IT_Science
"총리 후보자에 한성숙 중기부 장관…""네이버 출신 잘나가네""",IT_Science
"젠슨 황, 김택진 손잡고 “아이온2·NC 사랑합니다!” [현장]",IT_Science
"[AI is] 젠슨 황 만나는 정재헌…SKT, 피지컬AI 선점 나선다",IT_Science
서버 한 대가 수백 대 전력 삼킨다…LG유플러스 파주 ‘AI 공장’ 가보니,IT_Science
[현장에서] 배그 유저 만난 젠슨 황…크래프톤과 AI 협력 주목,IT_Science
"파주 AI 데이터센터 1동 이미 '완판'... LGU+ ""2030년까지 5조 원 수주""",IT_Science
"[현장] 배틀그라운드 행사에 젠슨 황 떴다…장병규 ""게임과 AI 결합의 시작점""",IT_Science
휴온스랩-휴온스 합병 추진에 주주 반발…내달 3일 임시주총서 주주의견 수렴,IT_Science
"중동전쟁 100일…MOU 초안도 불발, 호르무즈 재개방 안갯속",IT_Science
여름철 심근경색 주의보… 에어컨·탈수가 심장 위협,IT_Science
'벤처 4대강국' 앞장선 한성숙 총리 후보자…기업인 출신 장관(종합),IT_Science
[뉴스1 PICK]젠슨 황의 강남 'PC방 외교'… 크래프톤·엔씨와 연쇄 회동,IT_Science
첫 기업 출신 총리 한성숙 누구? 네이버서 AI 플랫폼 전략 밑그림,IT_Science
"수도권 최대 AIDC 구축 LGU+…""2030년까지 5조 수주""[현장+]",IT_Science
[기획] ‘근본’ 다시 챙긴 엔비디아… 韓게임서 피지컬AI 미래 찾는다,IT_Science
"AIDC 매출 향후 5조 달성 목표…LGU+, 수도권 최대 AI 데이터센터 승부수(종합)",IT_Science
“아이 러브 아이온2” 외친 젠슨 황... 김택진과 엔씨 이용자들 깜짝 만남,IT_Science
"젠슨 황, 현대차·엔씨·크래프톤·두산·SK 등 연쇄 회동…韓 협력 광폭 행보",IT_Science
AI 자금 조달 급해진 빅테크들...유상 증자 카드도 만지작,IT_Science
PC방서 “아이 오우 유(I Owe You)” 외친 젠슨 황,IT_Science
PC방에 젠슨 황이?…괴물 그래픽카드 'RTX 5090' 쐈다[현장],IT_Science
"젠슨 황의 'PC방 찐사랑'…장병규·김택진 ""PC방서 봅시다""(종합)",IT_Science
총리 후보자까지 네이버 출신…IT업계 존재감 부각,IT_Science
"젠슨 황 만난 크래프톤 장병규 ""게임과 AI가 만나는 출발점""[현장+]",IT_Science
"“엔비디아 안 부럽다”... 베일 벗은 토종 AI 칩, 초거대 모델 한 장으로 돌렸다 [only 이데일리]",IT_Science
"젠슨 황, PC방서 게이머에게 RTX 5090·스파크 쐈다[현장+]",IT_Science
"'한국과의 인연' 강조한 젠슨 황 ""e스포츠가 엔비디아 키웠다""",IT_Science
"티빙 해킹, 단순 정보유출 넘어 클라우드 계정 관리 논란으로 확산",IT_Science
"[현장]""아이 러브 아이온2! 아이 러브 엔씨!""…김택진과 우애 뽐낸 젠슨 황",IT_Science
"[강민성의 헬스토리] 뱃살의 주범 ‘내장지방’, 역류성식도염·변비 유발",IT_Science
‘게임업계에선 이미 황제’ 여기저기서 환호성…젠슨 황 “아이온2 최고”,IT_Science
"젠슨 황, '배틀그라운드' 게이머 찾았다... 장병규 의장과 강남 PC방 회동",IT_Science
"6·3 지방선거 항의 집회, 연예인 SNS까지 불똥",IT_Science
"젠슨 황의 한국 사랑…""e스포츠는 한국이 만들었다""(종합)",IT_Science
"장병규·김택진과 ‘PC방 투어’ 나선 젠슨 황…“PC, AI와 함께 다시 발명”",IT_Science
AI 기업 지분 사들이나…미국서 떠오른 ‘국가 주주’ 실험,IT_Science
"젠슨 황 ""아이온2 최고""…김택진과 PC방 깜짝 라이브(종합)",IT_Science
"젠슨 황-김택진, 강남 PC방 '아이온2' 행사 회동…셀카 찍으며 파트너십 재확인",IT_Science
"넷마블, 구로 사옥 6976억 매각…2028년 과천 신사옥 입주",IT_Science
"서울대-엔비디아, 젠슨 황 방한 속 8일 '빌드 어 클로' 개최",IT_Science
19년만에 여성 총리 탄생하나...한성숙은 누구인가,IT_Science
"시진핑, 내일 평양 간다…7년 만 북중 정상회담, 핵·연대·경제 '3대 의제' 주목",IT_Science
'벤처 4대강국' 앞장선 한성숙 총리 후보자…기업인 출신 장관,IT_Science
삼성전자·SK하이닉스 2분기 합산 영업이익 152조원 전망,IT_Science
"[현장] 젠슨 황, '아이온2' 이용자에 그래픽카드 주고는 ""당신은 이제 부자""",IT_Science
"삼성, OLED TV서 LG 바짝 추격...격차 6%P로 좁혀",IT_Science
"젠슨 황, NC '아이온2' 이용자에 최신 그래픽 카드 '깜짝' 선물…가격이?",IT_Science
'PC방 투어' 나선 젠슨 황…이번엔 엔씨·크래프톤,IT_Science
젠슨 황 방한 뒤 장녀 있었다…삼겹살집 부터 유퀴즈까지 다 챙겨,IT_Science
"李대통령, 한성숙 총리 지명...""AI대전환 완수""",IT_Science
투자·토큰으로 엇갈리는 청구서… AI 경제학에 이는 균열,IT_Science
"잠실 투표소 '개인정보 유출' 파장…개보위, 사실관계 파악 나서",IT_Science
노화를 막는 세포 ‘안전벨트’ 발견했다 [달콤한 사이언스],IT_Science
K제약바이오 '바이오USA 2026' 출격 신약 경쟁력으로 글로벌 공략,IT_Science
'삼소 회동' 이어 PC방까지…젠슨 황 광폭 행보[뉴스잇(IT)쥬],IT_Science
[현장] 젠슨 황 '왕림' 앞두고 엔씨 아이온2 서프라이즈 라이브 '입장마감',IT_Science
[속보]젠슨 황-크래프톤 장병규 만났다…PC방서 게임업계 회동,IT_Science
젠슨 황·장병규 '엄지 척'…강남 PC방 회동,IT_Science
"[속보] 젠슨 황, 크래프톤 장병규 만났다…게임업계 회동 시작",IT_Science
TV예능 프로그램 출연한 젠슨 황…유재석 어깨 감싸고 '골든' 춤까지,IT_Science
"정재헌 SKT 대표, 최태원-젠슨 황 '깐부 회동' 참석…""AI·반도체 논의할 듯""",IT_Science
"EU, 美 빅테크 의존 끊는다…클라우드·AI 주권 선언",IT_Science
"日 95% 독점 ‘전자 내시경’ 도전장…산학연병, 2031년 국산화 목표",IT_Science
"젠슨 황, 삼성동 깐부치킨 또 간다…저녁 최태원과 회동",IT_Science
"젠슨 황, 오늘 또 '깐부치킨' 회동...최태원 SK 회장과 두차례 만남",IT_Science
"젠슨 황, 최태원과 또 '깐부'…SK하이닉스·SKT 경영진 총출동(상보)",IT_Science
"SKT, 시험기간 맞춤 혜택 제공…골드번호 1만개 추첨도",IT_Science
"""클라우드 비용 부담 끝낸다""…시놀로지, 韓 기업시장 정조준(인터뷰)",IT_Science
"“DNA가 촉매 성능 프로그래밍” KAIST, DNA 염기서열 설계만으로 촉매 성능↑",IT_Science
"“日 세계시장 95% 독점 깬다”…韓 드림팀, ‘AI 로봇 내시경’ 국산화 도전장",IT_Science
"일본 95% 장악 '연성 내시경'…228억 투입, 국산화 나선다 [지금은 과학]",IT_Science
운전석·페달 없는 로보 택시 등장...AI 운전 적합하게 형태 바뀌는 자동차,IT_Science
"한은 ""생성형 AI 쓰면 시간 절감…생산 증가는 아직""",IT_Science
LG유플 파주 AIDC 완공 전부터 ‘완판’…“2030년 5조원 수주 목표”,IT_Science
“그쪽 당 지지자면 안 만날래요” 반대 정당 지지하면 데이트도 피했다,IT_Science
"메이플·마비노기 쌍끌이 흥행에…넥슨, 모바일 게임 글로벌 성장률 1위",IT_Science
26조원 체코 원전사업 리스크 해소…보조금 위반 의혹 조사 종료,IT_Science
"젠슨 황, 오늘 PC방서 크래프톤 장병규 의장, 엔씨 김택진 대표 잇따라 만나",IT_Science
"젠슨 황, 연이틀 PC방에...NC 김택진·크래프톤 장병규와 '게임 회동'",IT_Science
젠슨 황 또 다시 PC방으로…장병규·김택진과 회동,IT_Science
"SKT, 1만개 골드번호 추첨…8일부터 21일까지 응모",IT_Science
"SKT, 2026년 골드번호 추첨",IT_Science
"lg유플, 파주 AI 데이터센터 시작으로 “2030년까지 5조원 수주",IT_Science
"동물실험 대체 확산…유럽연합, 단계적 폐지 로드맵 발표",IT_Science
젠슨 황의 유별난 PC방 사랑…이번엔 강남서 장병규·김택진과 '게임 회동',IT_Science
"[챗ICT]서브노티카2, 얼리액세스로 등장한 이유",IT_Science
"‘방한 사흘째’ 젠슨 황, 또 PC방 간다…오늘은 누구 만나나 보니",IT_Science
"[르포] ""완공 1년 전인데 완판""…'수도권 최대' LG U+ 파주 AIDC 가보니",IT_Science
"韓 연구진 포함 과학자들, 인간 배아서 첫 염기 초정밀 교정",IT_Science
"젠슨 황, 강남 PC방 찾는다…장병규·김택진 연쇄 회동",IT_Science
[현장] 젠슨황X택진이형 회동 강남 PC방 오전부터 긴줄,IT_Science
"티빙, 900만 MAU 눈앞…개인정보 유출에 성장세 '찬물'",IT_Science
피지컬 AI 집중하는 젠슨 황…SK·LG·네이버 협력안 기대감,IT_Science
삼성 감사 페스티벌 8일 실시…통신사도 프로모션 가세 [Q&A],IT_Science
‘세계 최초’ 수술실 CCTV 도입 3년…환자 절반 “있는 줄도 몰랐다”,IT_Science
"젠슨 황, 엔씨 김택진·크래프톤 장병규 PC방에서 만난다",IT_Science
"SKT, 시험기간 대학교 찾아가 커피 쏜다",IT_Science
"[단독] 젠슨 황, 크래프톤 PC방에서 만난다…NC와도 'PC방 회동'",IT_Science
"""1111·1004 번호의 주인공 찾는다""…SKT, 골드번호 1만개 추첨",IT_Science
[100세건강] 다이어트 성공했는데 귀가 이상?…이관개방증 의심,IT_Science
"""배당주라 샀는데""…美 식품주, 인플레·비만약에 줄하향",IT_Science
"젠슨 황, PC방서 엔씨 김택진·아이온2 이용자 만난다",IT_Science
"[인터뷰] 톰 예 벤큐 총괄 ""MA 모니터, 맥북 경험 따라 확장…32인치 6K 검토""",IT_Science
"[르포] ""1mm 오차도 허용 안 한다""… 벤큐 '빛의 품질'에 집착하는 이유",IT_Science
'베라 루빈 시대' 준비하는 LGU+…파주 AIDC서 '600MW' 향한다,IT_Science
[위클리반도체] HBM5·2나노 승부수 던진 삼성… 젠슨 황과 혈맹 과시한 SK하이닉스,IT_Science
트럼프 AI 정책 설계자 떠난다…백악관 고문 스리람 크리슈난 퇴임,IT_Science
"고성능 수소 촉매, 국수 가락 뽑듯 대량생산 길 열렸다",IT_Science
"""2002년 영광 재현할까"" KT, 광화문서 월드컵 거리관람 행사 개최",IT_Science
"'AI' vs '로스쿨 교수', 법률 추론 대결...승자는",IT_Science
"KT, 내달 5G·LTE 통합요금제 출시…전 구간 데이터 안심 옵션 적용",IT_Science
얇아지는 옷차림에…음료도 닭고기도 ‘저당 열풍’,IT_Science
"""학생 수업시간까지 공략했다""…스냅·메타·틱톡·유튜브 집단소송 확산",IT_Science
"""내 번호는 1004""…SKT, 골드번호 1만개 추첨",IT_Science
"“특별한 폰 번호 잡아라”…SK텔레콤, 1만 개 골드번호 추첨",IT_Science
"SKT, T월드·T다이렉트샵서 맛집 식사권·포켓몬 카드 제공",IT_Science
[AI위클리] 젠슨 황 방한에 커지는 AI 동맹…보안 AI 경쟁도 격화,IT_Science
"[ZD브리핑] 젠슨 황 엔비디아, LG그룹-현대차-네이버 방문...협력 강화 '주목'",IT_Science
"“골드 번호를 잡아라”… SK텔레콤, ’1004′ 등 1만개 추첨",IT_Science
"스퀘어에닉스, 파이널판타지7 리벨레이션 2027년 봄 출시",IT_Science
"SKT, '1111·1004' 등 골드번호 1만개 추첨",IT_Science
"[르포] 수도권 최대 AIDC 짓는 LG유플러스…""2030년 누적 수주 5조 목표""",IT_Science
"KT, 광화문서 월드컵 거리응원 개최…“응원 메시지 전달”",IT_Science
"[르포]118억짜리 엔비디아 '베라루빈' 받는다…LGU+, 수도권 최대 AI 데이터센터 승부수",IT_Science
"올릭스·아키소스템, 이번 주 각각 1100억·40억 투자 유치 [바이오 투자 레이더]",IT_Science
"LGU+, 2030년까지 AIDC 수주 누적 5조원 목표",IT_Science
"""2030년 AIDC 수주 5조원 목표""…LGU+ '파주 AIDC' 가보니 [르포]",IT_Science
"프리그로우, DIPS 첨단제조 분야 선정...UWB 단일 측위 단말, 육해상 통합 장비로 진화",IT_Science
"[르포] 추론형 AI 시대, AIDC 수요 폭등 온다…“2030년까지 5조 수주”",IT_Science
"UNIST, 사우디 KAUST와 수소 대량생산 촉매 전극 개발",IT_Science
광화문광장서 월드컵 생중계...KT 미디어월 활용,IT_Science
LG유플러스 “2030년까지 AI데이터센터 5조원 수주”,IT_Science
"[AI픽] LGU+, AI 데이터센터 승부수…""2030년 수주 5조원""",IT_Science
"[현장] 축구장 21배 'AI 요새' 짓는다…LGU+, 파주 AIDC로 5조 수주 '정조준'",IT_Science
[영상]성게 닮은 이 로봇…왜 만들었나 봤더니,IT_Science
"[르포]LG유플, 차세대 AIDC 전략 발표…""누적 수주 5조원 정조준""",IT_Science
"수도권 최대 AIDC 확보한 LGU+ ""2030년까지 5조 수주 목표""",IT_Science
"KT, 전사 시스템에 '제로 트러스트' 보안 확대",IT_Science
LGU+ 축구장 21개 크기 '데이터공장' 1년 만에 짓는 비결,IT_Science
글로벌 대작 쏟아진 'SGF 2026'…K-게임도 신작 공세,IT_Science
"[뉴겜] 스마일게이트 '크로스파이어', AAA 싱글플레이로 새 전장 연다",IT_Science
"젠슨 황, 오늘 잠실 마운드 오른다…‘93번’ 등번호 담긴 의미는",IT_Science
"SKT, 맛집 식사권부터 포켓몬 카드까지…T월드 매장서 이벤트",IT_Science
"클라비, 예지보전에 생성형 AI 입힌다…스마트팩토리 공략 시동",IT_Science
"상장 앞둔 스페이스X, 구글에 47조원 규모 AI 인프라 임대",IT_Science
"비트코인, 일주일 사이 17% 급락…스트래티지 재매수 여부 '촉각'",IT_Science
"미 행정부 vs 오픈AI, 엇갈린 AI 규제 청사진…위험 판단-평가 방식 차이",IT_Science
"젠슨 황, 오늘 잠실 마운드 오른다…'93번' 달고 시구",IT_Science
"""SKT 매장에서 최신 갤럭시 사면 전국 맛집 식사권 쏩니다""",IT_Science
"애플, 8일 WWDC26 개막…AI 전략 재정비 무대 되나",IT_Science
"젠슨 황, 오늘 김택진·장병규 만난다…게임 거장과 '로보틱스 동맹' 그린다",IT_Science
[AI혁명](202)기업을 AI 네이티브로…'회사를 바꾸는 회사' 클리브,IT_Science
SF 영화가 현실 될까···하루 1400t 폭격 가능한 우주 무기 ‘매스 드라이버’가 뭐길래,IT_Science
"""시리야~ 네!"" 아이폰 똑똑해진다…WWDC서 베일 벗는 'AI 시리'",IT_Science
“구글이 먼저 전기 사갔다”…핵융합 발전소 상용화 성큼,IT_Science
"[KISTI의 과학향기]‘아기 땐 네발, 어른 되면 두발’…공룡의 걸음 진화",IT_Science
네이버 주가 20% 상승했는데 카카오는 13% 하락...'파업 위기'에 주주들 분통,IT_Science
"잠이 편해야 관절도 편하다…수면 건강, 골관절염 관리 변수로 주목",IT_Science
"[비욘드 미토스②] 삼성·SK·정부, 앤트로픽 미토스 손잡았다…'국산 AI 생태계' 고민은 숙제",IT_Science
서버 넘어 스토리지로 번진 글로벌 AI 인프라 수요…공급망·마진 압박은 숙제,IT_Science
초유의 투표용지 부족사태…수요예측에 AI는 없었다,IT_Science
[르포] “용산은 쇠락했지만 광화는 건재”… ‘PC 강국’ 대만이 AI 서버 강국 된 비결,IT_Science
"엘리스그룹, IPO 출사표…클라우드 사업, 교육 넘어설 전망 [AI 클로즈업]",IT_Science
"삼성·하이닉스, 2분기 또 최대실적 가능성…영업익 150조 전망",IT_Science
"여름철 심근경색 환자, 겨울보다 많았다…폭염 속 ‘심장 주의보’",IT_Science
“AI가 알아서 다 해줬어요”…‘바이브 코딩’의 두 얼굴,IT_Science
'카카오→라인' 대주주 교체 앞둔 카카오게임즈…하반기 변화에 쏠린 눈,IT_Science
[여성과학자로 산다는 것] 함께라서 가능했던 리더의 길,IT_Science
[컴퓨텍스 2026] 결산 ㊤ 'PC 부품 메카'서 'AI 실전 무대'로… 타이베이 휩쓴 'K-반도체',IT_Science
"AI 대학, 내년부터 400명 정원으로 4대 과기원 모집…흥행 여부 촉각",IT_Science
"""한국은 AI투자의 위대한 미래""…피지컬 AI 동맹 만드는 젠슨황",IT_Science
'무너진 韓 교권' 겨눈 넷플릭스…6월 신작 '참교육' 공개,IT_Science
"스페이스X 상장, 기업이 국가 움직인다",IT_Science
'피지컬 AI'의 심장을 찾아...젠슨 황이 게임사 만나는 이유,IT_Science
"“생일 선물하기도 부담인데…이맘때 선물 준 친구까지 뜬다, 어쩌나” 너무 심한 ‘국민 메신저’",IT_Science
전기비행기 국내 첫 상업 비행…‘도심항공’의 미래는? [기술:너머],IT_Science
"세가, 월드컵 앞두고 'SFCC 2026' 띄운다…안정환·김남일 앞세워 韓 시장 재공략",IT_Science
[오늘의 웹툰] 게임 속 인연이 현실로 '우리 길드 아이돌',IT_Science
“삼전 35만원에 샀다” “하이닉스 230만원이다” 공포의 월요일이 온다…개미들 ‘초긴장’,IT_Science
"티빙, 홈화면에서 '비밀번호 변경' 안내",IT_Science
"휴머노이드 경쟁, 이젠 월드모델로…1X 전담 연구소 설립",IT_Science
"EC, 한수원 두코바니 원전사업 EU역외보조금규정 조사 종결",IT_Science
"잠실 투표소 선거인명부 대조전표 외부 노출…개보위, 사실관계 조사",IT_Science
“AI 하자더니 보고서만 쓰다 나왔어요”…AI 인재들이 대기업 떠나는 이유 [MTR],IT_Science
中 휴머노이드 1만대 양산권…엔비디아 협력 모델도 나온다,IT_Science
"“저녁 메뉴까지 AI 뜻대로” 하루 25억번 대답하는 AI…전기 사용량, 곧 한국 넘어선다 [지구, 뭐래?]",IT_Science
팀 쿡 마지막 WWDC 개막 임박…애플 AI 전략 시험대,IT_Science
"선관위, 선거인명부 대조전표 유출 신고… 개보위 “사실관계 확인”",IT_Science
"""AI 전쟁 판 뒤집나""…머스크가 점찍은 차세대 돈줄의 정체",IT_Science
핀란드선 이미 일상?…식료품 배달 5건 중 1건 로봇이,IT_Science
에이전틱 AI 결정하고 사람은 승인만…가트너 “HITL 착각 조짐”,IT_Science
피규어로 음악 듣는다? '베어브릭' 블루투스 스피커 [더스쿠픽 쇼츠],IT_Science
美증시 반도체주 시총 하루새 2000조원 증발…코스피 ‘블랙 먼데이’ 우려,IT_Science
'1세대 게임 BJ' 난닝구 별세… 향년 46세,IT_Science
"시계→반지→안경, 그 이후는?…주머니 탈출한 AI[AI를 입다③]",IT_Science
"젠슨 황, 한국 예능 첫 출연… '유퀴즈' 녹화",IT_Science
하정우 논란 다시 보니…‘7명 스타트업’ 시절 일을 현재 잣대로 재단했나,IT_Science
"AI 유출방지, DLP가 만능?…과도한 오탐·효율저하 피하려면",IT_Science
"""메모리 값 뛰어도 TV 가격 그대로...광고수익 겨냥""",IT_Science
"""소화기 메고 산길 누빈다""…中 휴머노이드 로봇 화제",IT_Science
독감 치료제 타미플루가 치매 막는다고? [사이언스 브런치],IT_Science
"""어젯밤 심장이 이상했나요?""…손목 위 'AI 주치의'가 병원 가라 하네[AI를 입다②]",IT_Science
이번엔 CU편의점 택배…아이디·비번 등 개인정보 유출,IT_Science
CU편의점 택배 온라인 회원 개인정보 유출,IT_Science
"'스텔라 블레이드' 다음 장 열린다…시프트업, 'SGF'서 후속작 '블러드 레인' 최초 공개",IT_Science
"“선수로서 성장한 경기도, 내겐 제2의 고향”…경기 이네이트 이한울 “성적으로 보답”",IT_Science
젠슨 황이 ‘픽’한 디지털 트윈 뭐길래…개발 뛰어든 통신3사 [빛이 나는 비즈],IT_Science
"""스마트폰 집어삼킨다""…눈앞에 다가온 100조 'AI 안경' 전쟁[AI를 입다①]",IT_Science
"스마일게이트 신작 베일 벗어…'크로스파이어' IP, 잠입 액션 장르로 진화",IT_Science
"네이버, 軍 AI 시장에 꽂힌 이유",IT_Science
"""1분만? 켜면 1시간 훌쩍""…SNS '무한 스크롤'의 덫",IT_Science
"[스노우플레이크 서밋 26] 베누아 다쥬빌 공동창업자 “기업 AI, 데이터 이동 최소화가 핵심”",IT_Science
우주정거장서 공기 누출…ISS 비행사들 2시간 대피,IT_Science
"앤트로픽, AI 에이전트 보안 백서 공개… “제로트러스트 적용해야”",IT_Science
[테크톡노트] 가상세계서 로봇 키운다…엔비디아 아이작 심,IT_Science
[자막뉴스] 상상도 못한 우울증 치료...국내 연구진이 또 해냈다,IT_Science
“얼마나 물렸으면”…AI 레이저 모기 퇴치기 만든 개발자,IT_Science
젠슨 황은 왜 韓 게임업계를 만나나…게임과 피지컬AI 연결성에 ‘주목’,IT_Science
소포 배송 실패? 우체국 사칭 피싱 이메일 주의보… ”링크 절대 누르지 마세요“,IT_Science
[게임위드인] 젠슨 황이 게임사 만나는 이유…피지컬 AI의 숨은 강자,IT_Science
"구광모 비계 손질에, 젠슨 황 깻잎쌈까지…온라인 달군 ‘삼소 회동’",IT_Science
"아이폰18 프로맥스, 두께 그대로인데 배터리는 더 커진다?",IT_Science
"AI發 낸드 훈풍…삼전닉스 1·2위, 中 YMTC 3위 넘본다",IT_Science
"젠슨 황, 주말엔 유퀴즈 녹화하고 잠실서 시구…게임업계 회동도",IT_Science
"젠슨 황, 주말엔 유퀴즈 출연… 7일 두산베어스 시구도",IT_Science
구글 이어 메타도 AI 투자 위해 유상증자 검토,IT_Science
"젠슨 황, 유퀴즈 찍는다... 7일 잠실구장서 시구도",IT_Science
"[사이언스샷] 인간 배아의 염기 교정 첫 성공, 판도라 상자 열리나",IT_Science
엔씨 '아이온2' 9월 글로벌 출시…SGF서 새 트레일러 공개,IT_Science
"엔씨 ‘아이온2’, 9월 글로벌 출격…SGF서 사전 예열",IT_Science
"시프트업, '스텔라 블레이드: 블러드레인' 발표…자체 퍼블리싱(종합)",IT_Science
한미약품 1.9兆 ‘잭팟’부터 美 BINSA 발의까지[바이오 주간 결산],IT_Science
[컴퓨텍스 2026]대만에서도 빛난 'K-반도체 열풍',IT_Science
"“은행 차세대 전산망에도 AI 반영”… 삼성SDS, 금융권 AX 속도",IT_Science
"""선거 끝나자 관망세 걷혔다""…공공 IT 대규모 발주 예고, IT서비스 업계 '속앓이'도",IT_Science
"엔씨, '아이온 2' 글로벌에 오는 9월 출시…흥행 이어갈까",IT_Science
"[ZD e게임] 위메이드커넥트 '메이크 드라마: MAD', 남성향 '매운맛' 게임",IT_Science
대작 쏟아진 SGF…'스트레인저 댄 헤븐' 내년 1월 출시,IT_Science
3Tx로 5G 업링크 670Mbps...미디어텍·삼성 새 이정표,IT_Science
"시프트업, 신작 '스텔라 블레이드 블러드레인' 발표",IT_Science
스타벅스 불매 잦아드나…선물하기·결제액 엇갈린 신호,IT_Science
WBD 합병에 소비자 극장 반독점 우려 소송 제기,IT_Science
"[SW키트] ""보여야 통제한다""…기업 새 과제로 떠오른 '에이전트 거버넌스'",IT_Science
"""전선도 배터리도 없다""…레이저로 로봇에 24시간 전력 공급",IT_Science
티빙 탈퇴해보니…가입 형태에 따라 6~12단계[잇:써봐],IT_Science
2600년 묵은 미스터리…정전기 범인은 공기 속 '탄소 먼지'?,IT_Science
"얼음은 왜 뜰까…물, 4℃에서 가장 무거운 이유",IT_Science
"[AI는 지금] 페루, 국가 AI 전략 2030 발표…공공 AI·거버넌스 제도화 속도",IT_Science
"[헬스토크] 선크림, 자주 덧발라야 효과 유지돼",IT_Science
"순위 나열·내용 복붙 ""NO""…AI 인용 잘되는 비결 공개",IT_Science
1억 바닥 뚫린 비트코인… '급락' 공포에 한때 6만달러도 붕괴,IT_Science
"스마일게이트, '신작' 크로스파이어로 글로벌 확장 시험대",IT_Science
"엔씨 아레나넷 신작 ‘길드워3’, ‘서머 게임 페스트’서 공개",IT_Science
에이전틱 AI 시대 CPU·데이터 전면에…컴퓨텍스 2026 폐막,IT_Science
방귀 잡는 스마트 기기 등장…장 건강 상태까지 분석한다,IT_Science
"[지금, 명의] “수술해도 재발 잦은 폐암…조기 암도 표적치료제로 생존율 높여”",IT_Science
"[주말엔게임]댓츠노문 ""신작 '크로스파이어' 서사·전술 재미 더해""",IT_Science
"스마일게이트 ‘크로스파이어’, 트리플A 싱글플레이 게임으로 진화",IT_Science
"[지금, 명의] “증상 없는 난소암, 발견 땐 이미 전이…완전 절제·항암이 생존 좌우”",IT_Science
“누가 내 뱃속에 돌 넣어놨냐”…화장실서 못나오는 당신을 위한 처방전 [MK약국 x 약들약],IT_Science
사고 나기 전에 막는다…인공지능이 ‘위험 경고’,IT_Science
"엔씨 북미 자회사 아레나넷, '길드워 3' 발표…내년 베타",IT_Science
"세가 풋볼 클럽 챔피언스 2026, 韓 축구 팬에 다시 도전장…""제대로 준비""",IT_Science
"북중미월드컵 공인구 ‘트리온다’, 내장 센서로 비디오 판독 돕는다",IT_Science
80만원 스마트폰으로 라이카 감성을? 직접 찍어봤다[잇:써봐],IT_Science
티빙 유출된 ‘CI’ 뭐길래…암호화 여부가 관건 [IT백과],IT_Science
'언차티드' 개발진이 만드는 '크로스파이어'…서사 중심 싱글 게임,IT_Science
비주류 꼬리표 뗀 ‘서브컬처 게임’…K게임 새 승부수,IT_Science
"11억명 즐긴 IP의 변신…스마일게이트, AAA급 '크로스파이어'로 서구권 겨냥",IT_Science
"[컴퓨텍스 2026] 결산 ㊦ ""모바일·그래픽 칩 경계 없다""… 타이베이 달군 반도체 영토 전쟁",IT_Science
"스마일게이트가 투자한 댓츠노문, 신작 '크로스파이어' 공개",IT_Science
[AI돋보기] 젠슨 황은 왜 '슈퍼갑'이 됐나…AI 판을 바꾼 20년,IT_Science
"“테슬라 놓친 투자자들 몰렸다”…스페이스X, 상장 전부터 광풍[주형연의 에구MONEY]",IT_Science
"[AI세계속으로]AI 빠른 진화에 윤리적 고민…""발전 속도 늦춰야""",IT_Science
가격 올라도 재고 안 쌓는 ‘삼전닉스’… 메모리 초과이익과 한국 경제,IT_Science
‘기업가치 1조달러’ 앤트로픽 투자로 대박… SK텔레콤·아마존·줌 지분가치 껑충,IT_Science
"""월 10원만 내면 5GB""…알뜰폰 '파격 할인' 이유 있었다",IT_Science
개인정보 유출에 몸살 앓는 기업들…티빙도 예외 아니었다,IT_Science
초미세먼지 오래 마시면 ‘뇌 속 백과사전’ 지워진다… “10년 노화보다 치명적”,IT_Science
[알쓸신기] ⑨ 내 폰 안에 '천재 비서'…인터넷 없이도 똑똑한 '온디바이스 AI',IT_Science
AI 반도체 열풍의 어두운 그림자…13억 인구의 물이 마른다,IT_Science
[알아BIO] 쏟아지는 기술수출 낭보…제약·바이오 반등 신호탄?,IT_Science
[여성과학자로 산다는 것] 어머니의 돌봄 위에 세워진 나의 연구 인생,IT_Science
"""4만원대 요금제로도 공짜"" 모토로라 G77, '그 시절 가격'으로 귀환[테크로그]",IT_Science
"스페이스X, 구글과 월 9억 달러 AI 컴퓨팅 계약…IPO 앞두고 수익화 본격화",IT_Science
"고용호조·금리인상 우려↑, 美 나스닥 '검은 금요일'…반도체 급락",IT_Science
"젠슨 황, 주말엔 유퀴즈…시구·게임업계 회동도",IT_Science
"[단독] 젠슨 황, 비공개 간담회에 NC AI 초청…두 차례 만남 갖는 엔씨",IT_Science
모건스탠리 “스페이스X 2040년 매출 5000조원 올릴 것”,IT_Science
PC방서 페이커 만난 젠슨 황 “한국은 e스포츠 발상지”,IT_Science
폭증하는 토큰 사용량…‘AI 비용 청구서’ 더 늘어난다,IT_Science
"“치킨이 그리웠다” 젠슨 황의 ‘BBQ치킨 2차’, 최태원이 ‘244만원’ 골든벨",IT_Science
젠슨 황의 '삼소 회동'…네이버 이해진 얼굴로 결제했다,IT_Science
젠슨 황 1경짜리 삼겹살 회동...한국 파트너십 공고히(종합),IT_Science
홍대 ‘불금’ 즐긴 젠슨 황…韓 기업들과 ‘AI 동맹’,IT_Science
젠슨 황 ‘삼소회동’서 한턱 낸 이해진···'네이버페이 커넥트' 주목,IT_Science
‘1차 삼소·2차 치맥’ 불금 보낸 젠슨 황…골든벨 울린 네이버,IT_Science
"젠슨 황, '삼쏘 회동' 뒤 치킨집 2차…K-치킨 애정 과시",IT_Science
[가보니] 이해진의 한 수…젠슨 황 앞서 '얼굴 결제'했다,IT_Science
노래방 얘기도 나왔지만… BBQ로 발길 옮긴 젠슨 황 ‘K-치킨’ 사랑,IT_Science
"이해진 네이버 ""제가 쏠게요""…젠슨 황에 '페이스사인' 뽐내",IT_Science
"'K직장인' 회식 코스 따라한 젠슨 황... ""한국, 내년에 많이 바빠질 것""",IT_Science
500만원 골든벨 울린 이해진…네이버페이 '안면인식' 결제로 쓱,IT_Science
젠슨 황 '삼소회동'에 뜬 세븐일레븐·하이트진로...빙그레,IT_Science
소맥 제조한 최태원·고기 구운 구광모·골든벨 이해진,IT_Science
"엔비디아, AI 기술센터 설립…장소 ""서울 유력""",IT_Science
"젠슨 황, 방한 선물 공개…메모리 대규모 주문 시사",IT_Science
"앤트로픽 ""AI 개발 잠시 늦추자"" 호소…무슨 일",IT_Science
젠슨 황이 한국에 가져왔다는 '깜짝 선물' 네 가지는,IT_Science
"젠슨 황, 대만서 입었던 ‘470만원 디올’ 韓서도 그대로…‘패션템’ 모아보니 ‘약 770만원’",IT_Science
엔비디아 “4가지 큰 선물”…한국 AI센터 서울 유력,IT_Science
젠슨 황 ‘삼소회동’ 이해진이 네이버페이로 ‘골든벨’… 2차는 BBQ 치킨,IT_Science
"카리나도 “밥 먹는 중” 매시간 2초씩…‘날것’ 그대로 공유하자 780만명이 움직였다 [이슈, 풀어주리]",IT_Science
‘HBM칩스’ 나눠준 젠슨 황 “현대·LG·SK·삼성·네이버와 함께 성장”,IT_Science
“그냥 한 봉투에 버려도 재활용 되잖아요”…납 10배 차이가 반박했다[후암동 논문 연구소],IT_Science
"젠슨 황 삼겹살값 누가 냈나…이해진, ‘네이버페이’로 골든벨 울렸다",IT_Science
GPU부터 HBM칩·붕어빵까지…선물 잔뜩 뿌린 젠슨 황,IT_Science
"젠슨 황 만난 이해진…네이버, 엔비디아와 'AI 동맹' 과시 [현장+]",IT_Science
"""이번엔 이해진이 쐈다"" 젠슨황 삼소회동, '네이버페이'로 '골든벨'",IT_Science
"[팩플] 삼겹살 회식서 만난 네이버·엔비디아, 3년 간의 밀착 협력",IT_Science
"“물을 왜 돈 주고 사 먹어” 30년 전까지 불법이었던 ‘생수’…알고 보니, 골칫덩어리 [지구, 뭐래?]",IT_Science
"젠슨 황 홍대 ‘삼소 회동’ 건배사는 “Go 코리아, SK, LG, 네이버”",IT_Science
"'치킨 마니아' 젠슨 황, 2차는 치킨집… 1차 '삼소 회동' 계산은 이해진이",IT_Science
"젠슨 황 ‘삼소 회동’에...“형님 제가 쏠게요” 네이버 깜짝 등판, 무슨 일?",IT_Science
"젠슨 황, 홍대서 최태원·구광모·이해진과 '제2 깐부회동'",IT_Science
"셀럽의 행보 젠슨황…낮엔 페이커, 밤엔 재계 총수들과 삽겹살 회식",IT_Science
"젠슨 황, 공항 사인에 PC방·삼소까지…넘치는 '한국 사랑'",IT_Science
"""막내가 구울게요~"" 삼소회동서 직접 고기 굽는 구광모 LG회장",IT_Science
"젠슨 황 '삼쏘 회동' 밥값은 누가?…네이버 ""형님 제가 쏠게요"" SNS 깜짝 마케팅",IT_Science
"피지컬 AI로 만든 비행사 로봇 ""조종사처럼 하늘 난다""",IT_Science
"[단독] 젠슨 황, '삼소 회동' 끝나고 노래방 간다",IT_Science
"파이슨, AI 인프라 지원 위한 스토리지 전략 제품 공개",IT_Science
"젠슨 황, 최태원-구광모-이해진 총수와 홍대서 '삼소' 회동",IT_Science
"젠슨 황, 홍대 삼겹살집 도착해 총수들과 회동… 소맥은 ‘테슬라’",IT_Science
"[속보]젠슨 황, LG 구광모·SK 최태원·네이버 이해진과 회동 시작",IT_Science
"젠슨 황 방한에 들뜬 AI 업계…""엔비디아 생태계 종속 경계해야""",IT_Science
"T1에 사인 유니폼 전달했던 젠슨 황, 이번엔 페이커 사인 유니폼 받았다…‘쉿’포즈까지 소화",IT_Science
"젠슨 황과 총수들 '삼소 회동', 막내 구광모가 고기 굽고 냅킨 가져왔다",IT_Science
“두쫀쿠 아직도 잘 팔려” 이 말 믿었는데…유행 지난 메뉴 덜컥 팔았다간 ‘큰 낭패’,IT_Science
"카카오게임즈, 라인게임즈 출신 사내이사 선임…공동대표 체제 예고",IT_Science
“‘게임 체인저’ 수많은 생명을 구할 것”…세계 최초 ‘AI 설계 백신’ 첫 인간 임상 통과,IT_Science
"""젠슨 황 보고 싶어요""…불금 홍대서 ‘형님회동’ 시작 전부터 인산인해",IT_Science
'선물 꾸러미' 예고한 젠슨 황 섰던 자리에서 최태원 응답했다 “기회 있을 것”,IT_Science
"""젠슨황 오는곳마다 주가 뜨네"" … '동선 추적 사이트' 인기몰이",IT_Science
"PC방서 페이커 만난 젠슨 황 …""PC게임 없인 지금의 엔비디아 없어""",IT_Science
AI가 촉발한 글로벌 전력난…핵융합 상용화 시간이 빨라졌다,IT_Science
"""제조 역량 활용땐 '한국판 웨스팅하우스' 나올 것""",IT_Science
메모리 가격 상승 속 '가성비 업그레이드' 카드 꺼낸 AMD,IT_Science
"""스페이스X 상장땐 빅테크서 950억弗 이탈""…K반도체株도 비상",IT_Science
젠슨 황 “15억쯤 나갈지 모른다”…페이커 만난 PC방서 뿌린 선물,IT_Science
페이커 만난 젠슨 황 “PC 게이밍은 엔비디아 모태”…K게임 손잡고 AI PC 승부수,IT_Science
"[유미's 픽] 작년 경주 빅딜서 빠졌던 LG…구광모, 젠슨 황과 'AI 판' 다시 짜나",IT_Science
"DGIST, 한국판 '일론머스크' 만들기 프로젝트 시동",IT_Science
"""삼소 회동 궁금해"" 마포 고깃집 앞에 젠슨 황 보려는 구름 인파",IT_Science
"홈플 노조 ""김광일 MBK 부회장 고가 차량, 법인등록 여부 조사해야""",IT_Science
‘젠슨황♥페이커’ PC방에서…대기업 총수 다 제치고 가장 먼저 만났다 [영상],IT_Science
"세상에 없던 '조만장자' 머스크, 첫 주인공 된다",IT_Science
[DD퇴근길] 홍대에 뜬 젠슨 황…깜짝 선물 보따리 푼다,IT_Science
"PC방 찾은 젠슨 황 ""한국, e스포츠 발상지…내게 각별한 나라""(종합2보)",IT_Science
"젠슨 황, 방한 첫 일정 '페이커'…""한국이 e스포츠 만들어""[현장+]",IT_Science
"젠슨 황, 홍대 PC방서 '새 AI 노트북' 띄웠다…교환권·사인 그래픽카드 선물",IT_Science
"페이커 만난 젠슨 황 ""K-게임이 지포스 키웠다""",IT_Science
"젠슨 황 사로잡을 'K결제'…이해진, '페이스사인' 선보인다",IT_Science
젠슨 황 “메모리 3사 HBM4 퀄 통과…양산 진행 중”,IT_Science
"페이커에 RTX 5090 선물한 젠슨 황…""韓 게임 열렬한 팬""(종합)",IT_Science
"""쉿, 이건 미출시 제품입니다"" PC방서 페이커 만난 젠슨 황 ""AI시대로 이끌어줄 것""[르포]",IT_Science
"엔비디아, 韓 R&D 센터 짓는다…젠슨 황 “이미 인력 채용 중”",IT_Science
"“게임은 엔비디아의 시작”… 젠슨 황 방한 첫 일정, ‘페이커’ 만났다",IT_Science
"한국판 팔란티어 도전장…네이버, 국방 AI 전담조직 띄운 이유",IT_Science
피시방서 페이커 만난 젠슨 황 “게임은 엔비디아 출발점”,IT_Science
"""K-게이머가 날 키웠다""…젠슨 황, 입국 첫발에 페이커 찾은 이유",IT_Science
"[현장]홍대서 페이커 만난 젠슨 황 ""엔비디아 GPU, 한국이 키워""",IT_Science
[단독] 젠슨 황 “PC게임은 엔비디아의 모태… 방한때마다 PC방 가려고 고려”,IT_Science
"엔비디아 젠슨 황, PC방서 페이커 만났다...“한국은 e스포츠 발상지”",IT_Science
젠슨 황 “한국은 e스포츠 발상지”…페이커에 선물도,IT_Science
"PC방 찾은 젠슨 황 ""한국, e스포츠 발상지""(종합)",IT_Science
"“YTN DMB 지분 한도 초과”…방미통위, 경남기업 고발키로",IT_Science
"DGIST, AI대학 신설…AI 응용인재 200명 키운다",IT_Science
"""매우 특별해""…젠슨 황, 총수들보다 '이 사람' 먼저 만났다 [현장+]",IT_Science
"""15억 이상 가치""...젠슨 황, 페이커와 함께 사인한 '이것' 깜짝 선물",IT_Science
“대체 얼마인지 감도 안 온다” 젠슨황·페이커 사인한 ‘이것’ 당첨된 시민,IT_Science
"다크포럼스에 등장한 '개인정보 판매' 주장글…해당업체 ""우리 데이터 아냐""",IT_Science
“삼성·SK도 합류한 앤트로픽 미토스”… 글로벌 빅테크 ‘AI 보안’ 경쟁 본격화,IT_Science
“미국 이어 유럽도”…‘단계적 동물실험 폐지’ 로드맵 발표,IT_Science
"젠슨 황 ""한국에 '깜짝 선물' 있다""...페이커 만남→'삼소' 회동 광폭 행보",IT_Science
"[단독]티빙 해킹범 DB 침입 확인…""단순 개인정보 유출 아냐""",IT_Science
"‘롤 황제’ 페이커 만난 젠슨 황, 사인 새긴 ‘미출시 그래픽 카드’ 증정 이벤트",IT_Science
"젠슨황, 배경훈 부총리도 만난다…‘GPU 보따리 풀까’",IT_Science
"삼성, 올해 폴더블폰 3종 500만~600만대 출하 목표...폴드8·와이드폴드에 기대",IT_Science
[뉴스1 PICK]'안녕하세요' 외치며 입국한 젠슨 황,IT_Science
"금속탐지기로 발견한 로마 시대 황금 반지…""전례 없는 발견""",IT_Science
젠슨 황 첫 일정...T1 PC방서 페이커 만나 “韓이 E스포츠 발상지”,IT_Science
"KT, 5G·LTE '통합요금제' 출시…105종→18종 간소화",IT_Science
가죽 재킷 벗은 젠슨 황이 선택한 브랜드는?…삼소를 먹어도 명품룩,IT_Science
[AI 고속도로] 국산 클라우드-NPU 연합 생태계 본궤도…정부 육성정책 결실 맺나,IT_Science
"[속보] 젠슨 황, 동교동 PC방 도착... 기다리고 있던 페이커와 만났다",IT_Science
"[비즈톡톡] 한국IBM, 적자날 땐 475억 배당하고 흑자날 땐 배당 안 한 이유는",IT_Science
"젠슨 황x페이커 만나는 'T1 베이스캠프', 방문 전부터 후끈",IT_Science
[가보니] 젠슨 황 뜨자 김포공항 들썩…팬들과 셀카·사인까지,IT_Science
"젠슨 황 ""한국에 깜짝 놀랄 선물 준비…투자 관심사는 로봇공학""(종합)",IT_Science
젠슨 황 기다리는 동교동 PC방... 페이커 2시경 도착,IT_Science
유출 규모·암호 방식도 깜깜이…티빙 '해킹 사태' 미궁 속,IT_Science
HBF 시장 노리는 후공정 장비업계…국내외 기업 모두 참전,IT_Science
젠슨 황 “한국에 깜짝 선물 준비돼 있어”,IT_Science
"젠슨 황, '하이트진로'vs'롯데칠성' 술 선택은?...유통업계 촉각",IT_Science
공룡 사라진 뒤 유럽 누빈 거대 소 발견 [사이언스 브런치],IT_Science
"""젠슨 황을 기다리며""…홍대 삼겹살집 앞에 선 사람들 [르포]",IT_Science
SKT·KT·LGU+ 5G·LTE 통합요금제 출시…연령혜택 자동적용,IT_Science
"""사람은 믿지만, 로봇 눈은 불신""…아이들 ‘시선 실험’했더니",IT_Science
"스페이스X 상장 임박…머스크, 인류 첫 1544조원 자산가 되나",IT_Science
"""뮤직비디오 한 편에 5억? AI로 500만원에 만들었다""",IT_Science
[기고] 누가 카카오모빌리티의 미래를 막았는가,IT_Science
"HD현대, SMR 추진선 개발 확대…자동차운반선 개념설계",IT_Science
"30년 장수 ‘포켓몬’, 사람들은 왜 포켓몬에 열광할까",IT_Science
새 시장 열린 양자내성암호…보안업계 '선두 잡기' 사활,IT_Science
"정부, KT스카이라이프 7년 재허가",IT_Science
"영풍·MBK, 고려아연 사외이사 공개 추천 제안…자체 추천 포기",IT_Science
개인정보 털려 티빙 이용권 받았는데…“여기서 또 털리다니”,IT_Science
"YMTC, 1분기 낸드 점유율 13%…키오시아·마이크론 턱밑 추격",IT_Science
"젠슨 황, 한국 오자마자 회장님들 제치고 페이커와 PC방",IT_Science
"[AI는 지금] 메타, AI 모델 공개 또 연기…1450억 달러 투자 회수 '안갯속'",IT_Science
"카카오게임즈, 김태환·이시우 공동대표 선임",IT_Science
“놀라운 조종 실력”…세계 최초 ‘로봇 파일럿’ 등장,IT_Science
“아파트 무료로 청소해준다” 수천명 몰렸는데…AI 학습에 활용한다는 스타트업,IT_Science
"젠슨 황 ""페이커 팬"" 한국 오자마자 PC방 간다…저녁엔 총수들과 '삼소 회동'",IT_Science
컴퓨텍스 2026 폐막…젠슨 황 AI PC 청사진·韓 AI 동맹 돋보여,IT_Science
이해진-젠슨 황 7개월 만에 재회⋯'AI 협력 시계' 빨라질 듯 [IT돋보기],IT_Science
비 안 와도 ‘장마철’…기상학계 ‘장마’·‘장맛비’ 용어 손질,IT_Science
장마 설명때 나오는 '오호츠크해 고기압'→삭제된다 [지금은 기후위기],IT_Science
美·EU 동물실험 퇴출 본격화… K바이오에 기회 찾아온다,IT_Science
"젠슨 황, 방한 첫 일정은 T1 PC방…페이커 만난다",IT_Science
"항암제 내성 전이암 잡는 신물질 발견…""게임 체인저 작용 기대""",IT_Science
"젠슨 황, 방한 첫 일정은 ‘페이커’…T1 선수단 만난다",IT_Science
"젠슨 황, 방한 첫 만남은 '페이커'…T1 PC방 찍고 재계 '삼쏘 회동'",IT_Science
"백종원, 1년 만에 유튜브 복귀…첫 영상은 ‘요리비책’",IT_Science
"젠슨 황, 홍대 PC방에서 페이커 만난다",IT_Science
"삼성전자 최대노조, 과반 지위 상실…'노노 갈등'에 조합원 이탈",IT_Science
"성수 아닌 홍대였다…젠슨 황, 최태원·구광모·이해진과 삼겹살 회동",IT_Science
[AI는 지금] 애플 메시지에 AI 에이전트 첫 진입…'AI 통행세' 시대 열리나,IT_Science
"핸디소프트, '폴라리스AI핸디'로 새 출발…문서·피지컬 AI 품는다",IT_Science
"매각 카카오게임즈, 대표 전격 교체",IT_Science
"""AI 시대 폭증하는 데이터, 고용량 HDD에 담는다""",IT_Science
"韓, 캐나다 ‘수소 트럭’ 투자 제안…차세대 잠수함 수주 연계",IT_Science
이론을 현실로…'체급'으로 기초과학 이끄는 포항 4세대 방사광가속기,IT_Science
"요금 단순화·QoS 확대…이통3사, 통합요금제 출격(종합)",IT_Science
"'깐부'에서 '형님'으로…젠슨 황의 두 번째 한국, 달라진 것들",IT_Science
"하루에 420억원, 100년을 써야 재산탕진…조만장자 앞둔 머스크",IT_Science
"'깐부' 이어 '삼소'…젠슨 황, 오늘 홍대서 재계 총수 회동",IT_Science
美서 60년 만에 '살 파먹는 구더기' 재등장…인간도 위험할까,IT_Science
"메타, AI모델 개발자용 도구 출시 지연… “수익화 계획 차질”",IT_Science
"[단독] 홍대 찾는 젠슨 황, PC방서 '롤 황제' 페이커 만난다",IT_Science
"1년 일하려다 11년, 고생 많았다…화성 탐사선 ‘메이븐’ 임무 종료",IT_Science
20대 홀린 '2초 일상 SNS' 셋로그…지난달 780만명 몰렸다,IT_Science
"이재명 정부 1년, 혁신성장정책 어땠나…성적표 매겼더니",IT_Science
"젠슨 황, 홍대서 총수들과 삼겹살 회동 예정",IT_Science
"""삼성, 갤럭시Z플립 8에 듀얼 칩 검토""…원가 절감 노리나",IT_Science
"KT, 105→18종 요금제 축소…데이터 ‘안심 옵션’ 전면 도입",IT_Science
"'젠슨 형 보러 홍대갈까'...'삼소' 회동 식당 ""예약 마감""",IT_Science
"클래시스, 제프리스 헬스케어 컨퍼런스 참여 ... K미용기기 알렸다",IT_Science
'맥북 울트라'로 돌아온다…애플 첫 OLED 맥북 프로 윤곽,IT_Science
"젠슨 황, 오늘 SK·LG·네이버 총수와 홍대서 '삼겹살' 회동",IT_Science
"""AI, 2030년까지 매년 에펠탑 250개 맞먹는 폐기물 유발""",IT_Science
“톰크루즈 못잖은 놀라운 조종 실력”…세계 첫 로봇 파일럿 등장,IT_Science
삼성 차기 폴더블폰 ‘갤럭시Z폴드8 울트라’ 유력,IT_Science
"코어라인, 유럽 폐암검진 AI 평가 1위권…독일 국가검진 수혜 기대",IT_Science
"AI 안경 1500만대 시대…구글·삼성, 메타 추격 나선다[모닝폰]",IT_Science
"MS, AI 에이전트 검증·통제 기준 제시…""정책 위반 차단""",IT_Science
"[인터뷰] 모하메드 아와드 Arm ""자체 CPU 없는 빅테크 겨냥…인프라 최적화가 핵심""",IT_Science
전시장 바닥에 앉아 쉬는 젠슨 황 포착 …소탈한 '호랑이 경영자',IT_Science
한배 탄 라인게임즈와 카카오게임즈,IT_Science
"""연봉 조금 적어도 성과급 주는 회사 다닐래요""",IT_Science
문닫는 美 전문직(H-1B)비자…엔비디아만 ‘숨통’ 열어뒀다,IT_Science
"[인터뷰] 해밀턴 WD 디렉터 ""NVMe-oF, HBM 부담 덜 SSD 확장 계층 될 것""",IT_Science
선 없는 GPU의 비밀…젠슨 황이 마벨을 띄운 이유,IT_Science
"""내 정보 털려서 티빙 구독권 받았는데, 거기서 또 털리다니""",IT_Science
"""우리 딸 반친구 절반이 걸렸대요""…수족구병 유행 주의보",IT_Science
"스페이스X “AI 데이터센터, 결국 우주로 간다…우린 우주 AI인프라 기업”",IT_Science
"[사이언스카페] 몸에 뿌리는 모기약, 오히려 유인제 될 수도",IT_Science
‘저승사자’ 한동훈 당선에 업스테이지 초긴장… 국민성장펀드·국가대표 AI 어쩌나,IT_Science
[체험기] 韓 상륙한 메타 AI 안경 써보니… 말 걸면 그림 설명·번역 ‘척척’,IT_Science
[비욘드 미토스①] 앤트로픽 '글래스윙'에 올라탄 한국…AI 사이버방어 새 국면,IT_Science
"""경쟁사 속도전에 자극받았나""…애플, 비전 프로 접고 안경으로 급선회",IT_Science
"'젠슨 황이 주목한 용접로봇용 AI' NC AI, 한화오션과 개발",IT_Science
"[사이테크+] ""우리은하 중심 블랙홀은 현재 활동중…'바람' 분출 흔적 발견""",IT_Science
물의 비밀부터 신소재까지… 과학 난제 해결사 된 ‘포항의 빛’,IT_Science
"AI 글라스 써보니… 미술관 명화 해설부터 번역까지, ‘일상 속 비서’",IT_Science
"불붙은 AI 글라스 전쟁, 메타 독주에 삼성-구글 연합 맞불",IT_Science
"젠슨 황, 한국 게임사 왜 만날까… AI 노트북, 피지컬AI 플랫폼 확장 노리는 듯",IT_Science
"젠슨 황, 오늘 방한…K-게임사 대표들과도 연쇄 회동",IT_Science
"삼성전자-넷리스트, 美특허분쟁 확전...HBM도 쟁점",IT_Science
"“인스타도 이제 끝인가”…월 6000원 내면 ‘이것’까지 가능, 누리꾼 탄식",IT_Science
“새로운 곳 찾을까” “아는 맛집 또 갈까”… 여행지 식당 선택법 수학으로 풀었다,IT_Science
머스크 꿈 산다면 2700조…리스크도 감안 땐 1200조,IT_Science
"""AI반도체 세계 선도 가능...피지컬AI와 '원팀' 이뤄야""",IT_Science
"“명품도 아닌데 ‘69만원’ 짜리 안경”…이걸 누가 사나 했는데, 실제로 써보니",IT_Science
"젠슨 황, 5일 오후 1시 김포공항 도착 후 '삼소 회동' 예정",IT_Science
"""너무 비싸니까 깎아줘""…'30조' 돈벼락 맞은 직장인 향한 곳",IT_Science
한국 직장인들 '연차' 얼마나 쓰길래…'뜻밖의 결과',IT_Science
영수증 사진 찍으면 알아서 1/n…아이폰에 ‘더치페이’ 기능 생긴다,IT_Science
1분기 낸드 시장서 삼성 1위·SK 2위…中 YMTC는 13% 돌파,IT_Science
"‘옷깃만 스쳐도 주가 오른다’ 한국인들 난리더니…7만명 ‘우르르’ 몰렸다, 무슨 일이",IT_Science
“오늘 뭐 먹지?”…50년 전 천재 물리학자가 알려준 정답 [일상다과학],IT_Science
"시놀로지 ""스토리지에 AI 결합해 데이터 관리 더 쉽게""",IT_Science
"바이오 파업, 반도체만큼 치명적… '연속공정 보호' 인정할까",IT_Science
연구실 밖으로 나온 'K-AI 칩'…英선 교통약자 돕고 지리산에선 산불 잡는다(종합),IT_Science
"웨이저자 회장 ""삼성전자가 TSMC 추월? 아직은 꿈""",IT_Science
"퀄컴, 컴퓨텍스 2026서 '드래곤플라이' 랙 모형 공개",IT_Science
삼성은 'HPB' SK는 'iHBM'…HBM5 발열 관리 기술 승부처,IT_Science
"'저가폰의 비애'… 제조사들, 부품값 급등에 ""남는 게 없다"" 손절",IT_Science
"이번엔 삼겹살 회동…젠슨 황, 성수동부터 간다",IT_Science
"“징징대지 말고 퇴사”… 삼성전자 메모리 신입, 파운드리 20년 차 선배 조롱 ‘논란’",IT_Science
"젠슨 황, '대상혁'도 만난다…페이커 회동 타진, 이유는?",IT_Science
엔비디아 젠슨 황이 K-게임사 찾는 이유…'피지컬AI' 협력 가능성↑,IT_Science
"양계장·드론·콜센터까지…국산 AI반도체, 산업 현장 파고든다",IT_Science
"NHN, 순이익 돌아오자 PBR도 뛰었다…1배 회복 시험대",IT_Science
"절치부심 MS, 논란의 위상 양자컴 '마요라나' 후속작 공개",IT_Science
"김성환 기후부 장관 ""지역별 전기요금 곧 공개…석화·철강 수혜""",IT_Science
"""전기 없어요""… 美데이터센터 절반 첫삽도 못 떠",IT_Science
"넷마블, 구로 '지타워' 6977억원에 매각…과천 신사옥 이전",IT_Science
"김정수 회장, 삼양식품 지분 20만주 자녀 증여…오너 3세 전병우 2.87% 확보",IT_Science
"젠슨황, '대상혁' 만난다…韓 게임 애정으로 페이커 회동 타진",IT_Science
"[이준기의 D사이언스] “탄소중립, 기술보다 속도가 관건”… 시장 진입 문턱 낮춰야",IT_Science
"""엔비디아 의존 줄여라""…K-AI칩 생태계 커진다",IT_Science
죽었지만 살아있네…5300년 된 ‘아이스맨’ 미라서 고대 미생물 발견 [핵잼 사이언스],IT_Science
"[단독] 오치영, 지란지교 재편 속도…지란지교데이터, 6년 만에 소프트로 흡수합병",IT_Science
11만원 넘던 도수치료 4만원에 받는다…年 15회 이상 치료 '불가',IT_Science
"성과급 갈등에 삼성전자 초기업노조, 과반 노조 지위 상실",IT_Science
“이 음식 칼로리 계산해줘”“총 510입니다”…일상으로 들어온 메타 스마트 글래스,IT_Science
"오스코텍, 다음 주력 분야는 ‘항내성 항암제’",IT_Science
[르포] 젠슨 황 '컴퓨텍스 2026' 중심⋯나란히 선 한국 기업들,IT_Science
"카카오게임즈, 김태환·이시우 공동대표 체제로 전환한다",IT_Science
도수치료 ‘무제한’ 못 받는다…주 2회·연 최대 24회 제한,IT_Science
글로벌 WFE 전망치 줄상향…국내 전공정 장비사 '훈풍' 기대감,IT_Science
"이노스페이스, 0.4톤급 메탄엔진 지상연소 420초 국내 처음 달성",IT_Science
"선거 끝, 외식 가격 줄인상…""예고된 수순""",IT_Science
[DD퇴근길] 또 빗나간 지상파 출구조사…샤이보수 표심 놓쳤다,IT_Science
"젠슨 황, ‘롤 황제’ 페이커 만난다… 韓게임사도 연쇄 회동",IT_Science
라인 품에 안기는 카카오게임즈…김태환·이시우 공동대표 체제 검토,IT_Science
"넷마블, '구로 랜드마크' 지타워 판다…자산 전략 재편",IT_Science
"NC AI, 한화오션 선박 용접 로봇 '두뇌' 맡는다",IT_Science
"안경쓰면 AI가 답해주는 시대왔다…메타, AI안경 韓 출시",IT_Science
"[팩플] 젠슨 황은 왜 K스타트업, K게임사 만나나",IT_Science
"‘동분서주’ 최태원 회장, 엔비디아·TSMC 이어 폭스콘 회장도 만났다",IT_Science
티빙도 개인정보 털렸다…해킹 충격에 ‘넷플 대항’ 좌초되나,IT_Science
"""헤이 메타"" 부르자 번역·코디 척척…메타표 'AI 글래스' 써보니",IT_Science
AI 서버 다음은 ‘공장’… 컴퓨텍스 2026서 드러난 대만의 ‘AI 제조’ 야심,IT_Science
"게임이 로봇 훈련장?…젠슨 황, 크래프톤·엔씨에 '러브콜'",IT_Science
"넷마블, 지타워 매각…2028년 2분기 과천으로",IT_Science
[데스크라인]'K-보안'에 거는 기대,IT_Science
[뉴스줌인] AI 보안 주권 확보 나선 'K-글래스윙',IT_Science
"""페이커"" 외쳤던 젠슨 황, '롤 황제' 이상혁과 깜짝 만남 타진",IT_Science
"넷마블, 구로동 사옥 ‘지타워’ 6977억원에 매각",IT_Science
'젠슨 황' 성수동 회동 이어 사옥 미팅까지…'이해진 AI 올인',IT_Science
"랜섬웨어, 데이터 협박으로 진화…양자암호까지 손댔다",IT_Science
'젠슨 황 랠리' 하루천하였나…엔씨 상승분 반납·크래프톤 소폭 상승,IT_Science
"젠슨 황, 7일 잠실서 시구… 박정원 두산 회장은 시타",IT_Science
“식탁 위 음식은 500kcal” 뿔테 선글라스에서 답변이 흘러 나왔다,IT_Science
‘1조 기술수출’ 오스코텍...윤태영 대표 “3년 내 또 성과낼 것”,IT_Science
"삼성·현대차·LG·두산, 美 최대 로봇 전시회 총출동",IT_Science
"달에서 쓰려던 초소형 원자로, 대통령 관심에 군사용으로 먼저?",IT_Science
"약가인하 두달 앞으로…제약사, 매출 20% 감소 예상 속 방어 총력",IT_Science
중국판 팰컨9 떴다…재사용 로켓 '창정 12호B' 깜짝 발사 [우주로 간다],IT_Science
"이통사, 통합요금제 맞춰 온라인 요금제 20~50% 줄인다",IT_Science
AI 쓰면 빨라질 줄 알았는데…IBM “개발 전 주기 최적화해야 진짜 생산성”,IT_Science
"AI 수석·AI전략위 부위원장 빈자리, 누가 채우나… '디플정 라인' 하마평 무성",IT_Science
[AI는 지금] 모델보다 플랫폼…기업 AI 에이전트 전략 바뀐다,IT_Science
"이노스페이스, ‘경량화’ 메탄엔진 핵심 기술 개발…420초 지상연소시험 성공",IT_Science
"파두, Gen6 SSD 컨트롤러 최초 공개… 아시아 시장 공략 속도 [컴퓨텍스 2026]",IT_Science
"젠슨 황, 크래프톤과 AI·칩셋 협력 논의…페이커도 만난다(종합)",IT_Science
"카카오 노조 ""카카오엔터프 임단협 결렬…경영진 책임 회피가 원인""",IT_Science
사상 최대 잭팟 노리는 스페이스X…몸값 거품 경고음도 나와,IT_Science
"라온시큐어, 양자보안 금융권 첫 발…KDB생명에 양자내성암호 공급",IT_Science
"반도체 기판 '대목' 맞은 LG이노텍, 베트남에 공장 증설 나선다",IT_Science
"LG이노텍, 베트남에 반도체 패키지 기판 신공장 투자…'생산지 이원화' 첫 걸음",IT_Science
"LG이노텍, 베트남에 반도체기판 공장 세운다…""생산지 이원화""",IT_Science
"LG이노텍, 베트남에 첫 반도체 기판 공장…""4년내 매출 3조""",IT_Science
"""스마트폰보다 낫다""…제니 쓴 'AI 안경' 메타가 미는 이유 [현장+]",IT_Science
삼성 LPDDR5X-PIM 사용한 AI칩 내년 나온다,IT_Science
한국투자증권이 코인원 택한 이유…'이것',IT_Science
"코인원, 한투證·OKX 품었다…‘4자 연합’ 구축",IT_Science
"최태원, 젠슨 황 이어 TSMC·폭스콘 회장 연쇄 회동…AI 동맹(종합)",IT_Science
지구가 지금처럼 산소 많은 행성 된 이유는 이것 덕분? [지구를 보다],IT_Science
[단독]연구원 퇴근해도 로봇이 밤샘 실험…국내 첫 AI 신약 개발 자율 실험실 가보니,IT_Science
"젠슨 황, 내일 방한… ‘반도체 깐부’ 넘어 엔비디아-韓 ‘피지컬 AI 동맹’으로",IT_Science
"전세기 입국 젠슨 황, ‘삼쏘회동’부터 시구까지…‘AI 담판’ 나흘 강행군",IT_Science
[6·3 지방선거]서울 자치구청장 민주 17곳·국힘 8곳…4년 만에 판세 정반대로,IT_Science
"카카오 노조 ""(사측과) 교섭한 적 없어""...2차 조정 결렬 이후 '교착상태'",IT_Science
스페이스X 참여 가능성은…美 5G 주파수 입찰 열기 '미지근' [IT클로즈업],IT_Science
"젠슨 황, 내일 오후 5시 전세기 타고 김포공항 입국",IT_Science
"홈플러스, 휴점 37개 점포 결국 문 닫는다…희망퇴직 실시",IT_Science
"분당차여성병원, 복부에 구멍 하나 뚫어 난소·담낭 동시치료",IT_Science
대장암 항암치료제 내성 원인 찾아…떨어진 약효도 되살리다,IT_Science
"'연속공정' 중단 시 치명적 손실...法, 삼성바이오 특수성 인정할까?",IT_Science
"브로드컴 ""HBM 물량 2029년까지 확보 계획""",IT_Science
"‘아르키메데스 스크류’ 닮은 나노선, 전자를 나르는 ‘양자 펌프’ 된다",IT_Science
"휴머노이드 플랫폼 푼 젠슨 황, 韓 스타트업 만난다",IT_Science
[컴퓨텍스 2026] 한미반도체 첫 참가… 글로벌 AI 반도체 공급망 정조준,IT_Science
"[르포] LGD ""OLED 게이밍 모니터 수요 못 따라가""…中 추격에도 자신감",IT_Science
"“엔비디아 칩에 MS 영혼 얹었다”… 30년 동맹, AI 시장 표준 독점 선언",IT_Science
AI 수요에 낸드 시장 역대 최대…삼성전자 1위 수성,IT_Science
"카카오 노조, 파업 전 연일 회사 압박…""교섭 결렬은 경영진탓""",IT_Science
"[단독] 티빙 CI 유출, 2차 피해 우려에…방미통위, 긴급 실태점검",IT_Science
"델, 컴퓨텍스에 코어 시리즈3 노트북 신제품 'XPS 13' 전시",IT_Science
"애플, 구글 제미나이 품은 새로운 ‘시리’ 9월 출시 전망",IT_Science
"中 배터리, 해외 전기차 시장서도 훨훨…후발주자 세 자릿수 성장세",IT_Science
"‘대표 교체’ 단행 카오게임즈, 하반기 분위기 반전 나선다",IT_Science
"슈퍼마이크로, 1GW급 'AI 팩토리' 청사진 공개…에이전틱 AI 인프라도 강화",IT_Science
"[단독]젠슨 황, T1 찾는다…롤 황제 '페이커'와 만남 추진",IT_Science
[써보니] 말 걸면 답하는 메타 AI 안경…스마트폰 넘본다,IT_Science
“챗GPT에 ‘고맙습니다’ 줄이면 전기차 서울~부산 74만번 왕복 전력 아낀다”,IT_Science
100배 넓은 시야로 지구 밖 본다…‘로만 우주망원경’ 8월30일 발사,IT_Science
"""나랏돈을 왜 과학자한테 줘야 합니까?"" 뼈아픈 질문에, 이렇게 답했다",IT_Science
시스코 “AI 투자 멈추면 멸종”[시스코 라이브 2026],IT_Science
"[속보] 젠슨 황, 5일 전세기 타고 방한…‘삼겹살 회동’·스타트업 간담회 참석",IT_Science
‘교육감’ 방송 3사 출구조사도 예측 빗나가…직전 선거 ‘100% 적중’ 신화 깨져,IT_Science
"보령, 오리지널 항암제 탁소텔 영업 양수…제네릭 ‘디탁셀’ 매각 진행",IT_Science
"""신입도 30분 만에""…한국IBM, AI 개발 파트너 '밥' 공개",IT_Science
"[현장] AI가 코딩해도 배포는 왜 늦을까…IBM, SW 전 과정 조율하는 'IBM 밥' 공개",IT_Science
임무 끝나면 스스로 사라진다…서울대 '소멸 로봇' 기술 개발,IT_Science
"과일 먹던 유인원-고기 먹는 인류 가른 원인, 알고 보니[사이언스 브런치]",IT_Science
"[혁신기업] 엔비디아·델도 ""K-빅테크""… 네이버클라우드, 글로벌AI 도전",IT_Science
"[컴퓨텍스 2026]LGD, '黑'으로 게이밍 OLED 시장 잡는다",IT_Science
1조 달러짜리 회사가 두개? '스페이스X' IPO 앞둔 머스크 꿈과 현실 ,IT_Science
삼성 갤럭시 워치9에 생체 징후·심장 건강 점수 탑재,IT_Science
"젠슨 황, 크래프톤 장병규 만난다…로보틱스·칩셋 논의 가능성",IT_Science
“며칠에서 몇 분 만에”…AI로 개발 전 과정 책임지는 'IBM 밥' 韓 출시,IT_Science
티빙 개인정보 유출 규모 공개 안 돼 파장 여전,IT_Science
삼성전자·하이닉스·SKT·KISA ‘글래스윙’ 참여,IT_Science
"젠슨 황, 韓 로보틱스 생태계에 '엔비디아 AI' 심는다",IT_Science
"""AI 에이전트가 임원""…뤼튼AX, 기업 AX 자동화 승부수",IT_Science
"젠슨 황, 크래프톤 만난다.... 휴머노이드·AI PC 협력 논의",IT_Science
"UNIST, 나선형 물질 위상 전하 펌핑 작동 원리 규명",IT_Science
"[단독] ‘헝가리 양산 코앞’ 에코프로, 성일하이텍 찾았다",IT_Science
"삼성전자 초기업노조, 과반노조 지위 상실...성과급 격차에 1만8000명 이탈",IT_Science
"PBS 폐지·예산복원 호평, '관료제 극복' 과제…과학기술 A-학점",IT_Science
"NC AI, 한화오션 선박에 ‘자율 용접 로봇 AI 두뇌’ 장착한다",IT_Science
"""젠슨 황 지금 어디에""…동선 추적 사이트 '북적'",IT_Science
"‘팀코리아,’4조원 규모 美 루이지애나 천연가스 해양플랜트(FLNG) 수주",IT_Science
"어머니는 시신기증, 아들은 뇌사 장기기증…한 가족의 특별한 유산",IT_Science
"[AI 고속도로] ""GPU보다 뜨겁다""…달아오른 냉각 시장, 엑스너지 몸값에 '깜놀'",IT_Science
"""투표용지가 없어서 못 찍다니""...선거 용지 부족 사태 법적쟁점과 전망은",IT_Science
"젠슨 황, 크래프톤 장병규 만난다…게임사의 피지컬 AI 확장",IT_Science
"국산 AI반도체, 양산·상용화 속도…정부 “독자 AI 핵심 기반”",IT_Science
[서울데이터랩]개장 직후 인기 검색 종목 20選,IT_Science
"과기정통부, 국산 AI 반도체 상용화 본격화…‘성장 포럼’ 개최",IT_Science
"빨라진 '사람잡는 더위'…온열질환 벌써 185명, 1명 사망",IT_Science
"한미반도체, 컴퓨텍스 첫 참가…차세대 HBM4 장비 공개",IT_Science
K-AI반도체 실증 넘어 수출로…英·中 등에 3000만佛 계약,IT_Science
"정부 ""K-AI 반도체는 AI 3대 강국 도약 기반""",IT_Science
"한미반도체, 컴퓨텍스서 차세대 HBM 장비 총출동",IT_Science
"셀트리온, 1000억원 자사주 소각 완료…연내 2조 규모 주주환원",IT_Science
"시놀로지 ""AI 위협 확대... 백업도 진화해야 한다""",IT_Science
"젠슨 황 ""수조 달러 기회""…엔비디아, 개방형 휴머노이드 로봇 발표",IT_Science
국회로 돌아온 '방통위 투톱'…과방위·법사위 배치 촉각,IT_Science
"구글, '젬마 4 12B' 출시…""음성·이미지 처리 간소화""",IT_Science
"""말보다 행동"" 셀트리온, 2조 주주환원 ""주가 끌어올린다""",IT_Science
"라온시큐어, KDB생명보험 등 금융사에 양자내성암호 공급 확대",IT_Science
"셀트리온, 1000억원 규모 자사주 소각 최종 반영 ... 연내 2조 소각 추진한다",IT_Science
당근 비즈프로필 단골 1000만 돌파…지역 가게 연결 강화,IT_Science
앤트로픽 ‘미토스’ 접근 권한 확보…삼성·SK·KISA,IT_Science
"美·英 링크드인 채용 제안 주의보...""알고보니 중국 스파이""",IT_Science
"젠슨 황, 크래프톤도 만난다…피지컬 AI·AI 게이밍 협력 논의",IT_Science
하품 전염은 엄마 뱃속에서부터 시작된다,IT_Science
"'일베' 문 닫을까…이훈기 의원, ‘일베 금지법’ 발의",IT_Science
보상부터 쌓인 웹3…'실사용 과제' 해결 노력 | 컴투스홀딩스②,IT_Science
"[AI 고속도로] 구글, AI 데이터센터 전력에 '베팅'…발전사업까지 품는다",IT_Science
"“화재 위험 원천봉쇄”…ETRI, ‘수계아연전지’ 상용화 난제 해결",IT_Science
"""차세대 발사체 표준 잡아라""…이노스페이스, 메탄엔진 420초 연소 성공",IT_Science
"파두, 컴퓨텍스서 Gen6 SSD 공개…올해 신규 수주 3000억 돌파",IT_Science
"스페이스X, 美 IPO 새 역사 쓰나…""시총 2700조 목표""",IT_Science
"국방 이어 조선까지…NC AI, 한화오션 자율용접 AI 개발 나선다",IT_Science
"""패치해도 안 죽는다""...자동진화형 AI웜 등장[글로벌AI브리핑]",IT_Science
"시놀로지 ""NAS용 운영체제 'DSM'에 AI 적극 통합""",IT_Science
“에어팟 다음은 오픈이어…귀에 거는 AI 비서 온다”,IT_Science
"이노스페이스, 차세대 메탄엔진 기술 개발…'국내 최장' 420초 연소 버텨",IT_Science
"시스코, '클라우드 컨트롤' 공개…""인간·AI 에이전트 함께 일하는 시대""",IT_Science
"[스페이스버드2] ⑦""우주의 무중력은 인체에 영향""…GIST서 그린 미래 우주",IT_Science
"월급쟁이부자들, 새 CTO에 '김상효' 본부장 선임",IT_Science
"NC AI, 한화오션 조선소에 ‘AI 용접공’ 투입한다",IT_Science
"""갤럭시Z폴드8 울트라, 더 얇아진다…배터리 용량도 14%↑""",IT_Science
"가온전선, 美 AI데이터센터 송전 케이블 시장 뚫었다",IT_Science
서울시장 초박빙...개표 13시간 만에 오세훈 역전,IT_Science
"이승진 메디포스트 美법인 대표 “FDA 단일임상, 근본치료제 도전 기회 열었다”",IT_Science
"젠슨 황, '리니지' 엔씨 이어 '배틀그라운드' 크래프톤 만난다",IT_Science
디앤디파마텍 MASH 신약 몸값 재평가…“선급금 3~5배 뛴다”,IT_Science
"""전압 대신 회전으로 전자 옮긴다""…UNIST, 나선형 나노선 '양자 펌프' 작동 원리 규명[과학을읽다]",IT_Science
"젠슨 황, 크래프톤 장병규 만난다…피지컬AI·칩셋 협력 논의",IT_Science
"아이폰18 프로 배터리 큰 변화없다…""용량 1% 증가""",IT_Science
"[단독] ""카톡방서 챗GPT 쓴다""…AI 힘주는 카카오",IT_Science
"메디포스트 카티스템, 美 3상 1개로 끝낸다…'FDA 단일임상 허용'[only 이데일리]",IT_Science
"NC AI, 한화오션에 ‘자율 용접 로봇 AI 두뇌’ 공급한다",IT_Science
"로봇이 배도 만든다고?… NC AI, 한화오션 사업 최종 수주",IT_Science
"스크류같은 1차원 나노선서 펌핑 현상 첫 규명…""고장없는 전자소자 가능할까""",IT_Science
"UNIST, 1차원 나선형 물질 위상 전하 펌핑 작동 원리 이론 규명",IT_Science
"최태원, 젠슨 황 이어 TSMC 회장도 만나…AI 반도체 협력 강화",IT_Science
[챗ICT]네이버가 블로그·카페에 1조 베팅한 이유,IT_Science
"[르포] ""3년 걸릴 줄 알았는데 벌써 여기까지""…600조 쏟아붓는 SK하이닉스 용인",IT_Science
"민주당, 16곳 광역단체장서 12곳 확보...서울시장 초박빙",IT_Science
"반도체, AI를 넘어 ‘피지컬’의 시대로 [트랜D]",IT_Science
"초소형원자로 MMR, 한미 우주협력 새 카드 되나",IT_Science
"""30년간 왜 가려운지 몰랐어요""…원인 '진단' 난치성가려움증센터 [K-메디컬리포트]",IT_Science
"[비즈톡톡] 구글, 25년 만에 검색창 개편… 엉뚱한 답변에 이용자 평가 엇갈려",IT_Science
식사 만족 극대화하려면...파인만의 ‘식당 메모’ 50년 만에 풀렸다,IT_Science
"바이오도 중국 굴기…中 신약, 美 최대 암학회 메인 무대 올랐다",IT_Science
[이재명 정부 1년]③'AI 3대 강국' 가시권 진입 성과...지속 가능한 생태계 구축은 과제,IT_Science
"[이재명 정부 1년] R&D 정상화 첫걸음, 실행 필요하다",IT_Science
블랙아웃 경고가 현실로…반복되는 유료방송-PP '사용료' 전쟁,IT_Science
"“무릎 속 ‘천연 방석’ 반월상연골판, 손상되면 관절염 빨라질 수 있어”",IT_Science
안방서 젠슨 황 맞는 네이버…이해진·최수연·김유원 총출동하나,IT_Science
“AI 판 뒤집히면 민주주의 붕괴”…中에 쫓기는 美 ‘섬뜩 경고’ [팩플],IT_Science
"""안방보단 해외인데""… 무대 고민하는 게임사들",IT_Science
“35억 투자해 2조2000억 수익”…신들린 투자 주인공은 카카오,IT_Science
수돗물 5분 끓였더니 미세플라스틱 90% 사라져,IT_Science
[스타트업 리포트]'치매에도 골든 타임 있다' 치매 예방 앱 개발한 이준영 이모코그 대표,IT_Science
포털은 네이버·AI는 챗GPT…한국인 92.5%가 쓰는 최애 메신저는?,IT_Science
"끊기지 않는 SKT 초심경영, 40년 장기고객 직접 찾았다",IT_Science
"‘콜 오브 듀티’ 신작에 소총 든 박 이병, 한국 배경으로 한 글로벌 게임 잇따라",IT_Science
자동차 OS·보안 통신에 집중… 블랙베리 올해만 주가 130% 뛰어,IT_Science
"눈에 띄면 규제 대상… AI, 안 보여야 산다",IT_Science
“예약부터 요약까지 대화방에서 지시 끝”… 텔레그램 ‘AI 플랫폼’ 진화,IT_Science
현실과 닮은 ‘그녀’… ‘공각기동대’ 실현도 머지않았다,IT_Science
"가독성 좋아진 OLED, 사무용 모니터 시장 노크",IT_Science
"MS, AI 독립 선언… 자체 개발 모델 대거 선보여",IT_Science
택시 업계 “자율주행 택시하려면 면허 사라”,IT_Science
"젠슨 황, 이번엔 피지컬 AI 파트너 찾는다",IT_Science
“스팟·아틀라스 온다” 인력 충원하는 현대오토에버,IT_Science
"[컴퓨텍스 2026]MS ""엔비디아 슈퍼칩 탑재 AI노트북 올 가을 출시""",IT_Science
"설마했는데…“월드컵 전 경기 보려면 4900원 내세요” 전 국민 ‘우르르’ 몰린다더니, 네이버 결국 ‘유료화’",IT_Science
양자컴 주도권 노리는 MS…'비밀병기 칩' 마요라나2 공개,IT_Science
"""13년전 두나무 발굴 …2조 수익 실현""",IT_Science
수학자들 “AI 능력 과신하지 말라... 냉정하게 평가해야”,IT_Science
"치매 산업, 신약 경쟁 넘어 인프라 경쟁 단계 진입… '플랫폼 기술'이 핵심 승부처",IT_Science
"""인터넷 없이도 AI 쓴다"" MS, 신형 PC 공개",IT_Science
"K바이오 성장 과실, 美·獨 소부장이 챙겼다",IT_Science
"""인텔·애플 M5 다 비켜""…퀄컴 '스냅드래곤 X2 엘리트' 성능 지표 '압도' [컴퓨텍스 2026]",IT_Science
中게이머 홀린 엔씨 리니지2M·스마일게이트 카제나,IT_Science
"개인용 AI 컴퓨팅 시대 열린다…젠슨 황 ""40년 만에 PC 재탄생""",IT_Science
15國 판 커진 앤스로픽 ‘미토스’ 보안 실험… 삼성·SK·KISA 합류,IT_Science
"민주 11곳·국힘 1곳 우세, 경합 4곳...지상파 출구조사",IT_Science
"젠슨 황, K스타트업에 ‘깜짝’ 초대장 보냈다",IT_Science
[단독] 엔비디아 주도 AI랜 총회 11월 한국서 열린다,IT_Science
"BOE, 오는 17일 8.6세대 OLED 양산식…삼성D와 본격 양산 경쟁 시작",IT_Science
"MS, 양자칩 '마요라나2' 공개…""양자컴 2029년 상용화""",IT_Science
"LG전자, '中 생태계 활용' 전략 시동…로봇청소기 프리미엄·볼륨존 라인업 대거 확충",IT_Science
"22년만에 시총 1위 내준 도요타, 2위마저 '흔들'…日도 AI 열풍",IT_Science
"작년 ‘수퍼갑’으로, 올해는 ‘파트너 간택’하러 오는 젠슨 황...그가 풀어놓을 보따리는?",IT_Science
가독성·번인 약점 잡고 사무용 시장 노리는 디스플레이 업계,IT_Science
반도체 레이저 어닐링 공정 저변 확대…SiC·400단 낸드 적용 추진,IT_Science
"“카톡은 못 떠나고, 쇼핑앱은 갈아탄다”…500조 플랫폼 시장 흔드는 속마음",IT_Science
"中 딥시크, 텐센트·CATL로부터 11조원 조달 추진",IT_Science
"印 암바니 제쳤다…바이트댄스 창업자, 아시아 부호 2위 탈환",IT_Science
"'개인정보 유출' 티빙, 범인은 신원 미상의 해커…""깊이 사과""",IT_Science
"""외산 AI 모델은 불안""…네이버·SKT·NC가 군대로 간 이유는",IT_Science
우주에서 위성 데이터 처리···AI큐브위성으로 동유럽·아시아 시장 잡는다,IT_Science
"""월 5500원 내면 더 보여줘요""…14만명 홀린 '수영복 그녀' 정체",IT_Science
"‘미토스 보안동맹’에 KISA·삼전·하닉·SKT 포함된 듯…""국가 보안공백 해소 기대""",IT_Science
"스페이스X, 2667조원 몸값 IPO 추진…美 증시 최대 기록 쓰나",IT_Science
스페이스X 기점 韓 우주스타트업 웃나···우나스텔라 ·텔레픽스 등 주목,IT_Science
'티빙'도 개인정보 유출…'CI'까지 털려 2차 피해 우려,IT_Science
"국가AI컴퓨팅센터, SPC 이달 출범…본사는 해남·이사회 3자 구성",IT_Science
삼성바이오 이어 셀트리온도 성과급 요구 태풍…바이오 투톱 경영진 위기관리능력 ‘시험대’,IT_Science
"""CPU 물량 확보 전화 불난다""…'AI 시대' 극적 부활한 인텔",IT_Science
가벼워진 ‘갤럭시 Z 폴드’…가로형 디자인으로 아이폰 폴더블 견제,IT_Science
한국도 '미토스' 접근 가능…삼성전자·SK하이닉스·SKT·KISA 참여,IT_Science
"길쭉한 폴더블폰 종말? 삼성, 애플, 화웨이 '여권폰 동상삼몽' [IT+]",IT_Science
"앤트로픽, ‘미토스’ 보급 150개 기관으로 확대…삼성·SK도 참여",IT_Science
"“스페이스X, 공모가 주당 135달러 제시”…기업가치 1조7500억달러 목표",IT_Science
HBM부터 피지컬 AI까지… 컴퓨텍스 2026서 존재감 커진 한국 기업,IT_Science
"오픈AI, 코덱스와 챗GPT 통합…기업 고객 공략 박차",IT_Science
"MS, ‘오픈 AI 독립 선언’...자체 AI 모델 대거 공개",IT_Science
"엔씨는 '리니지', 스마일게이트는 '카제나'…中 시장서 승부수",IT_Science
"중동, 다시 긴장 고조되나…이란, 바레인·쿠웨이트 미군기지 타격 주장…미군 “모두 실패”",IT_Science
‘푸바오 동생’ 쌍둥이 판다도 떠난다…올겨울 中 귀환 준비,IT_Science
[유미's 픽] 6·3 선거판 달군 'AI 유치전'…데이터센터·제조 AX 현실화될까,IT_Science
인텔 제온 7 다이아몬드 래피즈 공개…192코어 집적한다 [고든 정의 TECH+],IT_Science
앤트로픽 '프로젝트 글래스윙'에 KISA·삼성·SK 포함,IT_Science
"돈은 ‘AI 네이티브’로…챗GPT 前 유니콘들, 몸값 평균 52% 증발",IT_Science
“로봇에 AI 붙인다고 피지컬AI 아냐…경쟁력은 산업 현장서 증명”,IT_Science
해킹 괴물 미토스 접근권 얻었다…과기부·삼전닉스 ‘글래스윙 프로젝트’ 전격 합류,IT_Science
"오늘이 제일 싸다? 끝 모르고 오르는 전자제품 가격, 왜 이럴까",IT_Science
“코딩 도와줘” 했더니 40만원 청구서…AI 비용 절감법 찾은 개발자,IT_Science
"'유증 추진' LB세미콘, ""내년까지 R&D 인력 2배로...반도체 후공정 확대""",IT_Science
"앤트로픽, '미토스' 접속권 확대…삼성·SK 합류한 듯",IT_Science
택시업계 “자율주행 택시하려면 면허 사라”… ‘제2 타다’ 되나,IT_Science
"스페이스X, 경쟁사 폭발 사고에도 웃지 못하는 이유는",IT_Science
"""없으니 불편하네"" 너도 나도 '탈팡' 난리나더니…인터넷 쇼핑 절반은 '쿠팡'",IT_Science
"""엔비디아 RTX 스파크, Arm 윈도 PC의 전환점""",IT_Science
"에브리봇, '휠리스 SLAM' 구현…자율주행 기업 노린다",IT_Science
"마이크로소프트, 양자 칩 '마요라나 2' 공개…""신뢰성 1000배↑""",IT_Science
미토스發 보안 수요 기대감…동시에 커진 인프라 비용 부담,IT_Science
젠슨 황-최태원이 띄운 'AI 팩토리'…AI 공급 패러다임이 변한다,IT_Science
세상에서 가장 강력하고 위험한 AI…한국에도 상륙한다는데,IT_Science
비트코인 하루 만에 6% 넘게 급락…5만 달러 대 하락 전망도,IT_Science
"통신장비사, 신사업 채비 속도…AI·군 위성·전장 확장",IT_Science
"네이버·카카오도 막은 오픈클로, MS 손잡고 기업 시장 두드린다",IT_Science
"스마트폰 다음은 ‘AI 배지’?…MS, 에이전트 전용 디바이스 실험",IT_Science
"MS, 자체 AI 모델 7종 공개…오픈AI·앤트로픽에 정면 도전장",IT_Science
"GLP-1 비만치료제 맞은 여성, 유방암 위험 30% 적었다",IT_Science
"대기업 전산실 취급받던 SI, '몸값 100만원' 대반전",IT_Science
챗GPT가 쏘아 올린 공...'구형 스타트업' 유니콘 무더기 탈락,IT_Science
"[빌드 2026] MS, 자체 AI모델 7종 공개…“애저 AI칩에 최적화”",IT_Science
"MS, 안정성 1000배 높인 차세대 양자 칩 ‘마요라나 2’ 내놨다",IT_Science
"앤트로픽, ‘미토스’ 접근 권한 150개 기관으로 확대…삼성·SK도 합류(종합)",IT_Science
한날한시 ‘AI 직원’ 꺼낸 MS·오픈AI…‘챗GPT 동맹’ 깨고 경쟁자로,IT_Science
돼지 신장·간 ‘53살 뇌사자’에 동시 이식…5일간 정상 작동했다,IT_Science
"깃허브, '코파일럿 앱' 공개…""AI 작업 통제권 강화""",IT_Science
"9만→39만원, 1월에만 샀어도 ‘대박’…젠슨 황 효과 이 정도였어?",IT_Science
[AI 고속도로] AI 서버 전성시대…델·HPE·슈퍼마이크로 고공행진,IT_Science
"'미토스'가 바꾼 트럼프 AI 정책…美정부, 사전검증 도입",IT_Science
"HLB 진양곤 의장, 계열사 주식 추가 매수",IT_Science
AI 데이터센터發 반도체 슈퍼사이클…4년 만에 10배 성장 전망,IT_Science
"[사이언스샷] 5300년 전 냉동된 미라, 미생물은 살아 있다",IT_Science
"""1300억 투자해 3조5000억 됐다""…SKT '뜻밖의 잭팟'",IT_Science
노벨상 수상자도 고민한 '오늘 뭐 먹지'…파인만의 수학 해법 약 50년만에 검증,IT_Science
"""개표율 60%인데 '당선 확실'?""…개표방송 AI 예측시스템의 비밀",IT_Science
"""자동화 늘려도 사람 공백 못 메워""…헥사곤이 짚은 제조 AI의 본질",IT_Science
전기차보다 전력망이 본게임…유럽 전기화에 K-전력기기 기회,IT_Science
"미국 상공 뒤흔든 ‘쾅’…NASA, 폭발 운석 정체 밝혔다",IT_Science
노르웨이 신차 98%가 전기차…비결은 보조금보다 ‘세금 설계’,IT_Science
에이전틱 AI 바쁜데…내부 갈등에 어수선한 카카오,IT_Science
올해 대형 로봇주 150% 상승…'젠슨 황 효과' 주목,IT_Science
"[빌드 2026] MS, 차세대 양자칩 ‘마요라나2’ 공개…""2029년까지 양자컴 상용화""",IT_Science
"[AI픽] ""출근 전 AI 한판 붙자""…SKT 직원들 몰린 수요 챌린지",IT_Science
"“여러분과 경쟁 안 해” 오픈 AI, 기업 고객 향한 ‘러브콜’",IT_Science
"나쿨 두갈 퀄컴 ""AI 핵심은 엣지·로보틱스""…현장 휴머노이드 로봇 등장 [컴퓨텍스 2026]",IT_Science
"'오딘' 넘어 장르 다변화 본격화…라이온하트, 글로벌 시장 도전장",IT_Science
"[르포] ""수천명 쓰면 감당 안 돼""… AI 구독료 폭등 잡는 인텔 '슈퍼클로' 현장 가보니 [컴퓨텍스 2026]",IT_Science
"""응급환자 이송 혁신사업 운영 안정적""…사망 줄고 환자 수용 늘어",IT_Science
"[빌드 2026] MS, 에이전트 위한 새 기기 공개…AI 일상화 시대 선점 나서",IT_Science
"[단독] 최태원 “SK실트론 매각, 실무진이 결정”",IT_Science
"[인터뷰] 배태원 인텔코리아 사장 “AI 사용량 증가에 ‘녹는 토큰’, 대안은 하이브리드 AI”",IT_Science
"""맥북 네오보다 가볍다""… 델, 599달러 'XPS 13' 메인스트림 정조준 [컴퓨텍스 2026]",IT_Science
축지법 쓰는 젠슨 황...방한 기간 '광폭 행보'[1일IT템],IT_Science
[AI 클로즈업] 앤트로픽·오픈AI 상장 임박… B2B 비중이 판가름,IT_Science
페루사막 '나스카 지상화' 2천년이상 보존된 이유는? [과학 유튜브 보니],IT_Science
"""1CPU:8GPU 공식은 깨졌다""…에이전틱 AI가 촉발한 'CPU 역습'",IT_Science
"'지직' 끊기던 카폰에서 손주 해외 영통까지…40년 SKT만, 왜?",IT_Science
스페이스X 실체 다 파봤다…투자설명서에 170번 나온 말,IT_Science
[李정부 1년]인프라 깔고 AI 주권 세웠다…청신호 켜진 이재명표 'AI 고속도로',IT_Science
"MS, 클라우드 안 거치고 AI 에이전트 구동…윈도 온디바이스 AI 강화",IT_Science
"마이크론, 엔비디아 제언에 AI 붐 타고 시총 1조달러 돌파",IT_Science
"립부 탄 CEO ""TSMC는 파트너, 엔비디아는 친구… '뉴 인텔' 개방과 협력"" [컴퓨텍스 2026]",IT_Science
"PC 시대 윈도처럼…MS, ‘AI 에이전트 OS’ 정조준 [MS 빌드]",IT_Science
"고유가 시대, 양수발전의 재발견",IT_Science
"[사이테크+] ""목성급 자기장 가진 외계행성 증거 발견…자기장 세기 첫 추정""",IT_Science
LG헬로서 사라지는 '스포티비'…왜,IT_Science
"""우리 동네 시의원 누가 됐나""…케이블TV, 구석구석 선거방송",IT_Science
앤트로픽 'AI 보안동맹' 한국도 합류… 삼성전자·SK하이닉스·KISA 참여,IT_Science
"MS, 애플 맥미니에 반격…엔비디아 손잡고 AI용 PC 공개",IT_Science
“오픈AI보다 IPO 먼저”… 앤스로픽 몸값 1조달러 육박,IT_Science
젠슨 황 “메모리 부족 지속”… 최태원 “5년 내 생산 능력 2배 확대”,IT_Science
"앤트로픽 '글래스윙' 150곳으로 확대…韓, KISA·삼성·SK 포함(종합)",IT_Science
"인텔 ""CPU·GPU·파운드리·맞춤형 반도체 중심 전략 재정비""",IT_Science
[카드뉴스] 젠슨 황이 한국에 온다,IT_Science
전남친 인스타 염탐하려고 아이디 새로 파는 사람 많더니…“6000원에 마음껏 몰래 보세요”,IT_Science
주민등록상 나이 말고 ‘진짜 내 몸 나이’ 재는 시계 나왔다[후암동 논문 연구소],IT_Science
"립부 탄 인텔 CEO ""새로운 인텔 만들기에 주력""",IT_Science
논란의 '카톡 개편' 주도했던 임원 퇴사에…날 세운 카카오 노조,IT_Science
"[종합] 삼성·SK, 대만서 엔비디아 생태계 핵심 과시…HBM 경쟁 가열 [컴퓨텍스 2026]",IT_Science
[지금 AI] AI와 전력,IT_Science
"“바닷속에 웬 ‘라면냄비’가” 상식 밖 쓰레기 속출하는 바다…치우는 사람, 따로 있다 [지구, 뭐래?]",IT_Science
"젠슨 황, SK하이닉스 부스 깜짝 방문…""HBM4E 더 만들어달라""",IT_Science
"자금 지원처마다 평가, 또 평가…스타트업계 ""이제 제발 그만해달라""",IT_Science
최초 공개 'HBF'부터 'HBM4E'까지… SK하이닉스 차세대 메모리 '정조준' [컴퓨텍스 2026],IT_Science
"최태원 ""생산 2배 늘린다""…젠슨 황 ""제발 더 만들어줘""(종합)",IT_Science
"엔씨 김택진 대표, 젠슨 황과 7일 회동",IT_Science
그의 '입'과 '발'에…주가가 춤춘다,IT_Science
"""AI인프라 투자금 선점해야 경쟁력""… 상장 속도낸 앤스로픽",IT_Science
"HBM5 꺼낸 삼성전자, 시장 우위 강조한 SK하이닉스… 컴퓨텍스 2026서 HBM 주도권 경쟁",IT_Science
'삼성·SK 임원' 구독하는 사장님들…채용 대신 빌려 쓴다,IT_Science
젠슨 황 ‘선택적 침묵’ 왜?... 삼성전자 언급 않고 하이닉스만 칭찬,IT_Science
"판 커지는 AI 베팅 … 4대 빅테크, 올 '1천조원' 쏟아붓는다",IT_Science
1조달러 상장 레이스 … 오픈AI에 선수 친 앤스로픽,IT_Science
CONX 리브랜딩에도 가상자산 가치 하락 |컴투스홀딩스①,IT_Science
"'깐부' 최태원과 하이닉스 부스 본 젠슨황…""제발 더 만들어줘""",IT_Science
"[단독] “K바이오 키우겠다”던 제이랩스, 3년도 못 채우고 철수",IT_Science
UN “올여름 ‘비정상적 폭염’ 확률 80%”…한국도 피할 수 없다는데,IT_Science
"""D램 공급난에 HBM 협상력 커져…내년 계약가격 몇배 상승 전망""",IT_Science
"""유심 바꾸러 갔는데 선불폰 개통""…LGU+ 대리점 직원의 실수?",IT_Science
"최태원 ""SK하이닉스 생산능력 5년 내 두 배로…메모리 2030년까지 부족""",IT_Science
"젠슨 황, 2년 연속 SK하이닉스 찾았다… 'HBM4E'에 친필 사인",IT_Science
엔비디아에 밀린 인텔의 반격…‘18A 양산’ 승부수 던졌다,IT_Science
"중국산 인조 다이아몬드, 반도체 시장서 각광…왜?",IT_Science
스타벅스 논란 후 숨 고르는 이마트…롯데마트는 할인 공세,IT_Science
"최태원 ""웨이퍼 생산능력 5년내 2배 늘린다…공급부족 해소""",IT_Science
젠슨 황 “한국·대만 모두 특별한 파트너…비교 중요하지 않아”,IT_Science
"젠슨 황, 엔씨·업스테이지에 2차 깐부회동까지…로봇·AI 협력 '광폭 행보'",IT_Science
"삼성전자, HBM5 실물 첫 공개… 방열 신기술 SK하이닉스와 격돌",IT_Science
"[DD's톡] ""젠슨 황 효과""…네카오 주가, 희비 엇갈렸다",IT_Science
"[단독]젠슨 황, 8일 현대차·LG 사옥 찾는다…피지컬 AI 협력 논의",IT_Science
"젠슨 황의 자신감 ""컴퓨터 재발명""…판도가 뒤바뀔까[이런일이]",IT_Science
"젠슨 황의 부탁…""SK하이닉스, HBM 더 만들어줘""",IT_Science
주가 들썩이는 '젠슨 황' 파워…실시간 동선 추적 사이트도 등장,IT_Science
[DD퇴근길] 이번엔 삼겹살에 소주다…젠슨 황과 이해진의 ‘삼쏘 회동’,IT_Science
[이재명 정부 1년] 외형 성장 이룬 AI 산업…‘질적 성숙’은 여전히 물음표,IT_Science
"오뚜기까지 日 법인 설립…K푸드, 일본 식탁 쟁탈전",IT_Science
[비즈톡톡] 이름값 못한 넷마블 ‘왕좌의 게임:킹스로드’… 출시 열흘 만에 이용자 72% 감소,IT_Science
"앤트로픽은 IPO 개시, 알파벳은 거액 유상증자…판돈 커지는 AI 산업",IT_Science
"젠슨 황, 하이닉스 부스서 최태원 만나… 소캠2 보며 “아름답다”",IT_Science
엔비디아 손잡은 네이버 'AI 영토' 확장…국방까지 광폭 행보,IT_Science
"최태원 회장 ""향후 5년간 웨이퍼 생산 능력 2배로… 2030년까지 메모리 부족""",IT_Science
"젠슨 황, 8일 韓 AI·로봇 스타트업 만난다",IT_Science
"""엔씨에 무슨 일이""…젠슨 황 회동 기대감에 30만원선 회복",IT_Science
'한국 로봇' 콕 집은 젠슨 황… 관련주 뛰고 동선 지도까지 나왔다,IT_Science
최태원 “HBM 부족 2030년까지 지속… 생산능력 5년 내 2배 확대”,IT_Science
"“젠슨 황 어디 가나”…방한 일정 추적 사이트까지 등장, 엔비디아 수혜주 들썩 [only 이데일리]",IT_Science
"눈앞에 다가온 휴머노이드 시장… 삼성전자 파운드리, 초기 고객사 기반 확대에 전력투구",IT_Science
"최태원 SK 회장 ""5년 내 SK하이닉스 캐파 2배로 확대할 것""",IT_Science
"""구글·오픈AI도 눈독 들인다""…네이버가 던진 1조 '승부수'",IT_Science
"""2분기 범용 D램 가격 1분기보다 최대 63% 상승 전망""",IT_Science
"젠슨 황 ""40년 된 PC 재발명할 때""...N1X 이어 N2X·N3X로 AI PC 확장 선언",IT_Science
AI 추론 전환이 쏘아올린 D램 가격…2분기 최대 63% 급등 전망,IT_Science
"앤트로픽, 美 상장절차 착수…오픈AI와 'AI 상장 1호' 경쟁 본격화",IT_Science
"AI 모델 경쟁, 국방으로 번진다…네이버·NC AI 가세",IT_Science
"[컴퓨텍스 2026]젠슨 황, '탄탄한 공급망' 과시… “HBM 부족 우려 없다”",IT_Science
[컴퓨텍스 2026]삼성·SK “AI 투게더”…나란히 메모리 공급망·기술력 과시,IT_Science
"앤트로픽, EU 사이버보안청에 AI '미토스' 개방 예정…韓은 언제쯤?",IT_Science
"판촉 경쟁 숨고르기…통신 3사, 갤럭시 S26 지원금 하향",IT_Science
"Arm ""AI 에이전트가 CPU 시장 키운다... 성장세 이례적""",IT_Science
블루오리진 로켓 발사대 ‘초토화’…우주서 본 폭발 현장 [우주서 본 지구],IT_Science
연봉 ‘542억원’ 젠슨 황 ‘삼성 성과급’ 질문에…“난 직원들에게 최대한 보상”,IT_Science
“젠슨 황 어디쯤 왔나”…방한 앞두고 ‘발자취 추적 사이트’까지 등장,IT_Science
"또 협의체, 또 연구반…콘텐츠사용료 갈등 키운 정책 공백 [강소현의 방송통신문]",IT_Science
동접 16만 K-인디게임 'TBH: 태스크바 히어로'…흥행 속 서버 안정화 과제 남아,IT_Science
[기고] 카카오 위기의 진짜 범인은 누구인가,IT_Science
"체크포인트 ""AI 기반 신제품 'AEV로 한국 시장 공략""",IT_Science
중동 위기에도 통했다…하나증권 외화채 흥행에 증권가 '촉각',IT_Science
"""우리집 PC가 AI 두뇌 된다"" 젠슨 황, 엔비디아 AI PC 공개",IT_Science
젠슨 황 '택진이형'도 만난다…게임 넘어 '피지컬 AI' 협력 주목,IT_Science
"“AI 빅6 가치 11조 달러, 뉴스만 공짜로 삼켰다” 세계 언론 ‘생존’ 화두, 빅테크에 ‘뉴딜’ 요구",IT_Science
"송재혁 삼성전자 CTO ""HBM5 미세공정 도입…1나노 한계 깰 것""",IT_Science
"'상장 문턱서 고배' 파블로항공, 사업화가 관건",IT_Science
"‘더치페이’ 돈 계산 머리 아픈데... 아이폰, 영수증 찍으면 알려준답니다",IT_Science
"젠슨 황, 삼성전자 성과급 질문에 ""직원들에 가능한 많이 보상해 줘야""",IT_Science
바다 일렁이는 천체 ‘타이탄’ 탐사 준비 속도…핵심장치 ‘방열판’ 시험 성공,IT_Science
"상선 목표 88% 채운 삼성중공업, 해양서도 4.3조 FLNG 수주",IT_Science
"젠슨 황 엔비디아 CEO, tvN '유퀴즈' 출연한다",IT_Science
"젠슨 황, 엔씨 김택진도 만난다…게임 넘어 피지컬AI 접점 찾나",IT_Science
"젠슨 황 ""직원 보상은 다다익선...나는 그렇게 한다""",IT_Science
"[컴퓨텍스 2026] 삼성전자, HBM5 시제품 첫 전시…송재혁 ""HPB·2나노 베이스 다이 준비""",IT_Science
"오바마 전 美 대통령 인스타 해킹, 알고보니 AI 상담 챗봇 탓",IT_Science
"씨어스, 모비케어 UAE 초도물량 출하 임박...FDA·중동 모멘텀 부각",IT_Science
"젠슨 황, 韓서 '택진이형' 만난다…게임·피지컬AI 협력 주목",IT_Science
아이폰 울트라 색상 유출…화이트 모델 첫 공개,IT_Science
"삼성전자, HBM5서 기술 초격차 시동…발열 낮춘 'HPB' 적용 추진",IT_Science
젠슨 황이 찍으면 무조건 뜬다?···방한 장소·테마주 주가 실시간 추적 사이트 등장,IT_Science
"AI, 로봇… 젠슨 황 방한이 몰고 올 '포스트 반도체' 바람 ",IT_Science
"[단독] LG유플러스 대리점, 무료 유심 교체한다더니 서류 위조해 무단 개통",IT_Science
“최대 폭발력 규모 3.5 지진과 맞먹어”… 로켓 고체연료 얼마나 위험한가,IT_Science
"AI PC 판도 '급변'…HP·에이수스, '엔비디아 RTX 스파크' 동맹",IT_Science
"엔비디아 ‘RTX 스파크’, 윈도우 ARM으로 고성능 PC 재창조할까 [고든 정의 TECH+]",IT_Science
"블루오리진 폭발, 달 탐사계획까지 휩쓸었다…발사대 복구 2028년",IT_Science
젠슨 황 방한 때 네이버 이해진과 AI 팩토리 구상 공개 [팩플],IT_Science
반도체에 웃은 한국 증시…인도 제치고 세계 6위로 부상,IT_Science
"젠슨 황, 방한 중 김택진 엔씨 대표와 회동",IT_Science
젠슨 황 동선 따라가는 웹사이트까지 등장…관련주 정보도 담았다,IT_Science
인류 문명 탄생 ‘비옥한 초승달 지대’ 형성의 비밀 풀었다 [달콤한 사이언스],IT_Science
오바마 센터 개관 앞두고 트럼프 “10년 지나면 망할 것”,World
"""코스피 과열 경계감…일부 글로벌 투자자 헤지 나서""",World
"트럼프 ""이란과 오는 8~10일 내 합의할 듯""⋯이스라엘에 보복 자제 촉구",World
"트럼프 “결정권자는 나…네타냐후, 美-이란 합의 수용할 수밖에”",World
"트럼프 ""네타냐후, 美-이란 합의 수용할 수밖에…결정권자는 나""",World
"[뉴스UP] 이란, 이스라엘 공격에도...트럼프 ""10일까지 합의""",World
트럼프 “이란과 이번 주 초 합의 가능”…네타냐후엔 미사일 보복 자제 압박,World
"이스라엘, 가자 경찰서 공습 9명 사망…이집트서 휴전 협상 재개",World
"""마우나케아를 넘어라""…中, 티베트고원에 세계 최대 천문관측기지 추진",World
[자막뉴스] 북한 찾아도 노림수는 '한국'?...안보 위협 느낀 중국의 도발,World
"""美국방예산법안에 '군함 외국건조 금지' 명기…상임위 통과""",World
"美 NBC ""트럼프, 이란戰·선거 관련 발언 다수 과장·허위""",World
"伊국방 ""나토, 韓·日까지 넓혀야""…새 유럽 방위동맹도 제안",World
[자막뉴스] 휴전 협상에 '중대 위기'...이스라엘에 이란 미사일 '우수수',World
"""젤렌스키, 러 재벌 아브라모비치 통해 푸틴에 회담 제안…러 거부""",World
"트럼프 ""미국이 직접 우라늄 폐기…협상 불발 땐 타격""",World
‘개전 100일’트럼프…이란·이스라엘에 자제 촉구,World
"이스라엘군, 이란 공격에 ""심각한 실수…승인 떨어지면 보복""",World
"[뉴스초점] 트럼프 ""최종합의 근접""…시진핑, 오늘 국빈 방북",World
월드컵 前 합의 바라는 트럼프…이란·이스라엘에 자제 촉구,World
쓰레기통에서 투표함 발견…'투표용지 부족 사태'에 결선투표 벌이는 페루,World
"시진핑, 오늘 북한 국빈 방문…북중러 '재밀착' 속 연대 강화 주목",World
"이란 ""동결 자산, 걸프 동맹국 배상 재원 될 수 없다""",World
[비즈 나우] '흥행 돌풍' 스페이스X…목표액 2배 몰린 청약,World
"[부자들의 투자노트] 美 자산운용사 ""반도체주 조정 일시적""",World
"이스라엘, 베이루트 전격 공습…이란 “고통스러운 대응” 즉각 보복 예고",World
"美, 인도양 전략 요청지 차고스제도 매입 추진",World
스페이스X에 1500억달러 몰렸다…IPO 청약 목표액 2배 흥행,World
"“美, 인도양 전략적 요충지 차고스 제도 매입 검토”",World
에베레스트서 실종된 셰르파…장례식 도중 ‘6일 만에 생환’ 화제 [잇슈 SNS],World
"中, 대만 맞은편 최전선에 신형 중거리 지대공 미사일 배치",World
"""女배우가 죽기 직전 입었던 속옷이래""...3000만원 치솟은 마릴린 먼로 브래지어",World
"트럼프 ""이란 고농축우라늄 회수할 것…동결자산 즉시 해제 안해""",World
트럼프 “이란과 최종 합의 눈앞…10일까지 타결 가능성”,World
[마켓 브리핑] 예상보다 강한 고용 지표에 금리 인상 우려 부각,World
"이란 외무부 ""휴전 깬 이스라엘에 방어적 타격…자위권 행사""",World
"OPEC＋, 호르무즈 봉쇄후 4번째 원유 증산 합의",World
이스라엘군 “승인 내려지는 즉시 이란에 강력한 타격”,World
미군 “‘對이란 해상봉쇄’ 132척 회항·6척 무력화”,World
"[증시전략] ""고용 호조가 악재됐다""…美 AI 반도체 랠리 '제동'",World
‘부정선거’ 설전 벌이다 인터뷰 끊고 나간 트럼프[이태규의 워싱턴 플레이북],World
"관세 냈던 LG엔솔, 美서 돈 돌려받는다…환급 규모 1000억원대",World
美 장관 해외 출장에 부인·자녀 동행 [김태훈의 의미 또는 재미],World
코이카 수뇌부 인선 동반 표류…'전략적 ODA' 차질 우려,World
"이란, 레바논 때린 이스라엘에 보복 미사일… 중동에 다시 전운",World
"이스라엘 당국, 이란 미사일공격후 가자 진입 라파 관문등 전면 폐쇄 발표",World
젠슨 황은 왜 '슈퍼갑'이 됐나…AI 판을 바꾼 20년,World
"이스라엘군 ""명령 내려지는 즉시 이란에 강력한 타격""",World
"이란, 이스라엘 북부 미사일 공격...중동 휴전 이후 처음",World
"美 전문가들 “시진핑 방북, 북핵 성과 기대 낮아”",World
"""이스라엘 공습 마음에 안 들어""…제동 건 트럼프, 이란엔 ""월~수 합의하자"" 압박",World
이미 뜨거워진 지구… 탄소 감축만큼 중요한 ‘기후 버티기’[페트로-일렉트로],World
[취재후 Talk] 美 첨단원전 SK 테라파워 건설 현장 르포,World
"이스라엘 ""이란, 중대한 실수 저질러""…미사일 11발 모두 요격",World
"[외신 헤드라인] 스페이스X, 청약 목표액 2배 몰려…'흥행 돌풍'",World
"이란, 4월 휴전 이후 첫 이스라엘 영토 미사일 타격… 평화 협상 중대 기로",World
트럼프 對이란 강온 양면책 “核 포기 땐 공동 폐기… 불응 땐 군사 타격”,World
트럼프 “협상 되든 안 되든 고농축 우라늄 회수…협상엔 근접”,World
'만류'에도 베이루트 공습…'미사일 보복' 나선 이란,World
'트럼프 만류'에도 레바논 때린 이스라엘…이란도 보복 맞대응 [글로벌 뉴스픽],World
美 반도체 쇼크…코스피 '블랙 먼데이' 공포,World
"호르무즈 신경전 격화‥""선박당 30억 원 징수""",World
"이란, 이스라엘 본토 미사일 공격...종전 협상 꼬이나",World
트럼프 “이란과 합의 안되면 강력 타격 후 고농축우라늄 회수”[1일1트],World
"미 봉쇄 비웃듯...이란, 이라크 움카스르 항 새 우회로[美-이란전쟁]",World
"주말 합의 결국 수포로…트럼프 ""합의 근접""",World
커피만 팔아선 안 된다…스타벅스가 10만원짜리 옷 꺼낸 이유 [박시진의 글로벌 픽],World
"트럼프 ""이란과 곧 최종합의 가능…10일까지 합의 예상""",World
‘벌써 100일’ 민간인 피해만 낳고 멈춰버린 美-이란 전쟁시계 [글로벌 모닝 브리핑],World
"휴전 흔든 이란 미사일 공세…트럼프 ""보복 만류"" 진화 총력(종합)",World
호주서 '외래종 바퀴벌레' 10만 마리 압수… 역대 최대 규모,World
"세금 발목에 테슬라도 떠났다…텍사스, 캘리포니아 제치고 1위 기업도시 등극",World
[줌인] 에볼라 번지는데 월드컵 열린다… 600만명 이동에 글로벌 방역망 ‘긴장’,World
CSIS 중동 국장 “이번 전쟁이 새 중동 질서의 윤곽 결정지을 것”[미·이란 전쟁 100일],World
"호르무즈 해협으로 본 전쟁···“호르무즈, 새로운 ‘억지력’이 되다”[미·이란 전쟁 100일]",World
“짖는 개는 물지 않는다” 현실이 된 9년 전 예언[미·이란 전쟁 100일],World
"“김정은 몸값 올랐네”…‘북한 뺏길라’ 평양가는 시진핑, 한국 어쩌나 [권윤희의 월드뷰]",World
쿠바 놀러 가시는 분? 비자·마스터카드 못 써요,World
"이란, 다시 호르무즈 통행료 징수…‘서비스료’ 명목, 선박당 150만~200만 달러",World
"트럼프 ""이스라엘, 보복하지 않길...합의 무산 원치않아""",World
"이란, 이스라엘 북부에 미사일 공격…‘베이루트 공습 보복’",World
"이란 외무, 英·佛·카타르·튀르키예와 연쇄 통화…확전 차단 외교전",World
"“오늘 밤 이스라엘 하늘 보라”…이란, 베이루트 공습에 보복 경고",World
[속보] 결국 손잡는 트럼프와 이란?… '빠르면 내일 합의문 서명' 초읽기 돌입,World
"이란, 이스라엘에 미사일 발사...휴전 중대 위기",World
"트럼프 ""네타냐후에 보복 만류할 것""…이란-이스라엘 재충돌 차단 총력",World
"젤렌스키, 아브라모비치 통해 푸틴에 회담 의사 전달",World
다른 종목 자금도 휩쓰는 ‘인류 최대’ 美공모주 [트럼프 스톡커],World
"[속보]이란, 이스라엘에 탄도미사일 쐈다...4월 휴전 이후 처음",World
이라크 영공 72시간 폐쇄…시리아도 남부 영공 12시간 차단,World
"이란, 이스라엘 겨냥 미사일 공격…'베이루트 공습에 보복'(종합)",World
"시진핑, 오늘 방북…""비핵화보다 전략공조"" 방점",World
"트럼프 만류에도 네타냐후, 베이루트 공습",World
"트럼프 “이란과 월~수 합의… 이란, 미사일 쐈으니 이제 충분”",World
"트럼프 ""이란 우라늄 우리가 처리""…합의 불발 땐 추가 군사압박",World
"'혈맹 관계'로 만나는 김정은·시진핑, 뭘 내주고 뭘 받을까",World
"이란, 이스라엘 향해 미사일 발사…보복 공습 추정",World
"이란, 이스라엘 북부 공습…美와 휴전 후 처음",World
"코스피, 너무 빨리 올랐나…""글로벌 펀드들, 한국 증시 하락 방어 시작""",World
구글 이어 메타도 유상증자 '만지작'…AI 올인,World
"오픈AI, IPO 앞두고 챗GPT 대개편…'슈퍼앱' 변신 승부수",World
"이스라엘서 대이란 美협상단 도청 정황… 美국방부, ‘방첩 등급’ 최고단계로 올려",World
"상장 앞두고 호재…스페이스X, 구글에도 클라우드 임대 계약",World
"日 ""국산 전기차 보호"" 수입차 보조금 싹뚝...한국차 어쩌나 [클로즈업 재팬]",World
"이스라엘, 헤즈볼라 거점 공습…이란 ""공격 목표 됐다""(종합)",World
"시진핑 방북, 북 핵보유국 인정 대관식 되나",World
"""미국, 인도양 전략적 요충지 차고스 제도 매입 검토""",World
"중동전쟁 100일째 다시 격화…이란 ""베이루트 공습 대가 치를 것""",World
OPEC+ 4개월 연속 증산 결정…호르무즈 봉쇄에 효과 제한적,World
"아르헨, 中서 통화스와프 연장 협상…반중 밀레이의 현실적 선택",World
"이란 협상단장, ""軍 선택지 열려"" 베이루트 공습 보복 시사",World
“돌려줘야 종전” vs “동맹국 복구”… 동결자산 두고 미·이란 ‘동상이몽’,World
"""젤렌스키, 첼시 前구단주까지 동원했지만…푸틴, 정상회담 거절""",World
"미 국무 ""그린란드, 지금은 덴마크 영토""...트럼프, 포기 안 했나?",World
"트럼프 ""이란과 합의불발시 타격한 뒤 고농축우라늄 회수""(종합)",World
"이탈리아 국방장관 “나토, 한국 포함 비유럽 국가로 확대 필요”",World
11월 중간선거 앞두고 '경합주' 시동...미 의회권력 뒤바뀌나,World
"""젤렌스키, 러 재벌 통해 푸틴에 정상회담 요청""",World
"이스라엘군, 레바논 베이루트 남부 공습…""최소 2명 사망""",World
마스가 차질 빚나… 美하원 “외국서 군함 만들면 돈 못 줘”,World
"이란전 100일… “곧 종전”→“더 걸려"" 도돌이표",World
‘플라밍고 혁명’ 목청 높인 알바니아,World
"트럼프 ""협상 불발되면 이란 공격해 고농축우라늄 회수할 것""",World
"이스라엘, 트럼프 만류에도 레바논 베이루트 공격",World
트럼프 “이란과 합의 불발땐 타격 후 고농축우라늄 회수”,World
北中 밀착·美日 견제·북핵… 시진핑 방북 ‘3대 관전 포인트’,World
"트럼프 만류에도…네타냐후, 베이루트 공습 재개",World
"인도 Z세대의 분노, 스스로 바퀴벌레가 되다",World
"트럼프 ""합의 불발 시 이란 타격…고농축 우라늄 회수할 것""",World
"트럼프 ""이란과 합의해도 동결 자산·제재 즉시 해제 안해""",World
"트럼프 ""이란 우라늄 회수해 폐기할 것…동결 자산 해제는 후순위""(종합)",World
"테슬라, ‘호버링 전기 슈퍼카’ 로드스터 공개 시연 또 연기",World
"트럼프 ""이란과 합의하면 HEU 협력해 폐기…불발 땐 미군이 제거""",World
트럼프 “이란 고농축우라늄 전량 회수·폐기…합의해도 동결 자산 즉시 해제 않을 것”,World
"""미, 이란 자산 활용해 걸프국 '전쟁 피해 보상' 추진""",World
"공방 격화로 유명무실해진 휴전...트럼프는 ""중동은 날 좋아해""",World
“女배우가 입었던 낡은 속옷 살래요!” 낙찰가 3000만원 예측…무슨 일?,World
"日 육상자위대, 적기지 타격 미사일 첫 공개… 중국 염두 사격 훈련",World
"중국과 일본, '타이완 동부 바다' 두고 또 기 싸움",World
"미국 ""이스라엘 못 믿겠다...방첩 경보 최고수준 격상""",World
"블룸버그 ""글로벌 펀드들, 한국 증시 하락 방어 시작""",World
"미군 ""대이란 해상봉쇄로 지금까지 132척 회항·6척 무력화""",World
아르메니아 오늘 총선…'친서방이냐 친러시아냐' 기로,World
"살아남은 2명 걸어와 알렸다…사막 고립 49명, 갈증으로 집단 참사",World
"미국인 10명 중 7명 ""트럼프에 불만""…물가정책 지지도 조사 이래 '최저'",World
이란 “파키스탄 통해 메시지 교환중”…美에 ‘동결자산 해제·평화적 핵농축’ 공개통첩,World
"젤렌스키 ""러시아, 체르노빌 사용후핵연료 시설에 드론 공격""",World
오픈AI “챗봇 시대 끝”…‘슈퍼앱’ 변신 승부수,World
"中, 대만 최전선 부대에 '신형 방공 미사일' 배치…대만 전선 전력 강화",World
"젤렌스키, 드론 날려 푸틴 압박 ‘러시아판 다보스’ 폐막일 재공습",World
미·이란 또 무력 사용…트럼프 “합의까지 시간 좀 걸릴 것”,World
전쟁 100일째…출구 못 찾고 세계 경제만 '휘청',World
트럼프·푸틴 못 믿어… EU 가입신청 ‘러시’,World
100일 넘긴 이란전… ‘종전’ 희망고문 속 주말 내내 무력충돌,World
"“한국, ‘전투기 엘리트 국가’ 됐다”…KF-21의 ‘이것’에 쏟아진 극찬 [밀리터리+]",World
미국 축산업 ‘비상’…60년 만에 본토서 발견된 ‘이것’ 때문에 난리,World
"시진핑 방북 하루전날 … 北 ""핵보유국 지위는 절대불퇴""",World
"중국 지도자, 방북 때마다 금수산궁전·우의탑 방문",World
호르무즈 사태로 재확인된 세계 급소 '경제적 상호의존',World
쓰레기통에서 투표함 나와…투표용지 부족으로 대혼란 겪은 페루 결국,World
"중국, 대만 맞은편 최전선에 신형 지대공 미사일 배치",World
출구 못 찾은 이란 전쟁 100일… 호르무즈·레바논 ‘동시 폭발’,World
‘시진핑 비서실장’ 차이치 中 2인자로… 조직·이념·행정 모두 장악,World
삼시세끼에 재활치료까지… 日교도소 어쩌다 요양원 됐나[글로벌 리포트],World
"'배당' 카드까지 꺼낸 트럼프…""국민 부자로 만들겠다""",World
"""자녀교육에 월급 절반 쏟는다""… 베트남에 부는 '입시 열풍'",World
"[일요와이드] 시진핑 방북 전날…북 김여정 ""비핵화는 망상""",World
"""미, 걸프국들 전쟁피해 배상에 이란자산 사용 추진""",World
시진핑 7년 만에 방북… 반서방 연대·핵 문제 논의하나,World
미-이란 휴전 MOU 협상 ‘엇갈린 신호’…막판 압력 고조,World
"日대표 맥주회사 ""건강식품 기업으로 대전환""",World
트럼프와 맞서라고?…“한국도 나토에 포함해야” 파격 제안 나온 배경 [핫이슈],World
핵·경제·레바논 얽힌 고차방정식… 100일째 답 못찾는 중동戰,World
"""스페이스X, 개미지옥 될수도"" 상장 앞서 경고",World
우크라 드론에 전략 바꾼 푸틴…모스크바 빌딩에 신형 판치르 방공시스템 올렸다 [포착],World
시진핑 8~9일 방북…“한반도 핵심 관리자 지위 확인 의도”,World
"""미국 국방부, 이스라엘 스파이 위협 '최고 등급'으로 격상""",World
관세에도 공장은 돌아오지 않았다…트럼프 ‘제조업 황금기론’ 흔들리는 이유[디브리핑],World
"""고용 좋은데 주가 왜 내리나"" 뿔난 트럼프…과열 우려 커진 美 증시",World
"""美, 걸프국들 전쟁피해 배상에 이란자산 사용 추진""(종합)",World
"美·이란戰 100일…협상 교착·공방 지속, 출구는 어디에(종합2보)",World
"푸틴, 결국 패배할까…“우크라, 러 드론 91% 요격” 전황 뒤집혔다 [밀리터리+]",World
"中, 대만 맞은편 최전선에 신형 지대공 미사일 배치",World
"미, 이스라엘 방첩 위협 최고 수준 격상…""선 넘었다""",World
"인도 뒤덮은 ‘바퀴벌레’…가면 쓴 분노의 Z세대 거리 나왔다, 왜",World
"아슬아슬한 호르무즈…美·이란, 종전협상 교착에 신경전 격화",World
"호르무즈 살얼음판…美·이란, 종전협상 교착에 신경전 격화",World
"텍사스, 캘리포니아 제쳤다…‘美500대 기업’ 최다 보유 주 1위 올라",World
"계속되는 충돌, 불안한 휴전…호르무즈 언제 열리나",World
"이탈리아 국방 “나토, 한국까지 확장해야” 파격 제안",World
"""4주 내 마무리"" 이란 전쟁 100일째…'도돌이표' 협상, 핵심 쟁점은",World
"“중동 특사도 도청, 선 넘어”…미, 대이스라엘 경계 최고 수준 격상",World
"시진핑 방북, 북중 관계 재조정 분수령",World
"“선수만 들여보내고 스태프는 막았다”…美, 이란 월드컵대표팀 단장 비자 거부 논란",World
"美, 이스라엘에 분노“이란협상도 엿들어?”…“선 넘었다” 대응조치",World
"""美, 이란 자금 이용해 걸프국가에 재건비용 지급 검토""",World
"스페이스X, 청약 초반 2배 몰렸지만...S&P500 지수편입 2년 걸릴 듯",World
"“동맹국 도청, 선 넘었다”…美 성역 없는 이스라엘 스파이 행위에 안보 경보 [美-이란 전쟁]",World
"젤렌스키, 푸틴과 설전 중 상트페테르부르크에 드론 수백대 날려",World
"미군, 호르무즈서 '선박 위협' 이란 드론 2대 추가 격추",World
푸틴 속 긁는 젤렌스키…1000㎞ 떨어진 크론슈타트 해군기지 또 타격한 이유 [핫이슈],World
"美, 호르무즈 해협서 이란 드론 2대 추가 격추…중동 긴장 고조",World
"파키스탄 실권자, 이란 최고지도자에 친서 전달…중재 노력 지속",World
"오픈AI, 제품라인 전면개편…챗GPT→코덱스로 중심이동",World
"휴전 합의 사흘 만에 이스라엘, 레바논 공습…주변국도 “주권 침해” 규탄",World
"이스라엘, 트럼프에 완전 찍혔다…“도청하다 들통” 美 국방부 발칵 [핫이슈]",World
"실무·사상 교육·경호 다 쥔 시진핑 비서실장… 차이치, 中 유력 후계자 급부상",World
"美, 호르무즈해협서 선박 위협한 이란 드론 격추",World
“무엇이든 케이블 하나로 다 연결”…이스라엘 미래차의 진화,World
멜라니아 모국 슬로베니아에 이스라엘 대사관 개설된다,World
“이스라엘 선 넘었다”…美-이란 협상단 통신 도청 덜미,World
"전쟁 100일 넘겼다…이란, 마음 급한 트럼프에 ‘추가 요구’ 공세",World
"트럼프도 “AI 대박, 국민 나눠 갖자”…美도 기업 이익 공유 논쟁",World
"시진핑 7년만의 방북...북, '비핵화 불가' 선언 의도는",World
전쟁 100일째 타결 기미 안 보이는 美-이란 협상,World
"북한, 시진핑 방북 앞두고 비핵화 불가 선언",World
"미군, 호르무즈서 이란 드론 2대 추가 격추(종합)",World
쿠바에서 호텔·채굴 국제 기업 줄줄이 철수···“국가 경제에 큰 타격 줄 듯”,World
"우크라, 러 상트페테르부르크에 드론 공습...수백대 동원",World
러·우 전쟁에 등 터지는 루마니아…공중과 해상서 연이어 러·우크라 드론 침범 폭발 [핫이슈],World
"중국차, 한국 수입차 시장에서 처음으로 日 제쳤다",World
"[영상] 우크라, ‘러시아판 다보스’ 개막 이어 폐막날에도 드론 공습···젤렌스키 “전쟁 끝내야” 푸틴 압박",World
바늘에 실 꿰기? 그쯤이야…'마지막 1cm' 향하는 차이나 휴머노이드,World
친서 들고 테헤란行…협상 ‘키맨’ 파키스탄 다시 떴다[美-이란전쟁],World
"트럼프, 종전 포기?…이란 드론 격추·레이더 기지 박살내고 올린 영상 [핫이슈]",World
"中, 티베트고원에 세계 최대 천문관측기지 구축 추진",World
교착 빠진 미-이란 종전 협상에…파키스탄 물밑 중재,World
"흰 연기 정체는 백린탄?…이스라엘, 레바논 공습 영상 포착",World
"이란 ""37조 동결자산 풀어달라"" vs ""트럼프, 중동 피해복구에 쓸것""",World
푸틴-젤렌스키 설전 와중에 러 제2도시에 대규모 드론 공격,World
"중국 지도자, 방북 때마다 '혈맹 상징' 금수산궁전·우의탑 방문",World
호르무즈 또 무력충돌…美 '선박 위협' 이란 드론 연달아 격추(종합),World
"우크라, '러시아판 다보스포럼' 폐막일에도 대규모 공습",World
"""바퀴벌레가 온다""…뿔난 Z세대 단체, 첫 거리 시위 나섰다",World
美 눈치 안 보는 이란? 쿠웨이트에 또 드론·미사일 폭격…쿠웨이트는 사이렌 울리고 ‘날벼락’ [현장영상],World
[자막뉴스] 결국 트럼프 뜻대로?...잘근잘근 쿠바 붕괴시키는 미국,World
트럼프 딸 이방카가 불붙인 알바니아…반미 ‘플라밍고 시위’ 격화,World
"파키스탄 내무, 또 이란 방문…시진핑 내일 방북",World
"뼈 녹이는 ‘악마의 무기’ 썼나?…“이스라엘, 레바논 민가에 ‘백린탄’ 사용” [핫이슈]",World
월드컵 이란 선수단 비자만 내준 미국…코치·의료진도 거부,World
"파키스탄, 이란 최고지도자에 친서 전달…물밑중재 분주",World
캘리포니아 제친 텍사스…한국 지자체엔 왜 없을까[김창영의 실리콘밸리View],World
"[영상]美 ""호르무즈서 이란 드론 2기 격추""…종전협상 교착 속 주말새 두 번째 무력충돌",World
"파키스탄, 이란 최고지도자에 친서 전달…중재국 역할 계속",World
"Z세대 열광…팔로워 2,200만 '바퀴벌레당' 대체 뭐길래",World
"[人사이더] 시진핑, 내일 7년 만에 방북… 김정은과 무슨 논의하나",World
이란 돈으로 이란 공격 피해 메운다?…트럼프의 ‘역발상’ 카드 [美-이란 전쟁],World
"[뉴스초점] 北 ""핵보유국 지위 불퇴""…中 ""좋은 이웃·친구·동지""",World
"이란, ‘33조 자산’ 돌려달라는데…미국은 걸프 동맹국 재건비용 검토",World
"텍사스, 미국 500대 기업 보유 순위서 캘리포니아 제치고 1위 탈환",World
"텍사스, 美500대 기업 보유 순위서 캘리포니아 제치고 1위 올라",World
"美 전쟁장관 “유럽 정부들, 자유는 공짜 아니란 점 망각”",World
"""파키스탄 내무, 또 이란행""…시진핑 내일 방북",World
"""트럼프 사위한테 영토 팔지 마""…알바니아서 일주일째 시위",World
트럼프는 시진핑 만났는데…장남은 “중국투자? 절대 안해”[1일1트],World
“소고기 여기서 더 오르는 거 아냐?” …살 파먹는 구더기 감염에 난리 난 ‘이 나라’,World
"이스라엘, 美 이란 협상단 대표 도청 덜미",World
'기대' 보다 '안도'…이재명 정부 1년을 바라보는 日의 시선,World
"""밀가루 백발에 가죽 재킷이면 나도 젠슨 황?""…중국 청년 패러디 화제",World
"“2028년까지 기다려야 하나”…스페이스X, 상장 대박에도 S&P500 '퇴짜'",World
"“'하늘 나는 스포츠카' 또 연기”…8년 기다린 테슬라 로드스터, 고객들 분노 폭발",World
절체절명 위기 봉착한 미국...'살 파먹는 구더기' 등장에 발칵 [지금이뉴스],World
"美, 이란 동결자산으로 걸프국 전후 복구 검토…논란 부상",World
"스페이스X, 상장해도 S&P500 편입은 먼 길…""2028년 이후 가능성""",World
[자막뉴스] 침몰한 이란 군함 조롱하는 트럼프...여전히 중동은 '불바다',World
"北김여정 ""핵 보유 지위는 절대불퇴이자 엄연한 현실""",World
미·이란 전쟁 100일…불안한 휴전 속 '교착의 늪',World
"""美, 이란 자산 활용해 걸프국 '전쟁 피해 보상' 추진""",World
트럼프 못 믿겠다…EU 가입 줄 서는 유럽,World
"트럼프 변덕에 못 믿겠네…유럽 국가들, 앞다퉈 EU 가입 서둘러",World
"""스페이스X, S&P 500지수 편입 2028년 이후 가능 전망""",World
"테슬라, 날아다니는 차세대 스포츠카 '로드스터' 공개 시연 또 연기",World
"미·이란 교전 속 중재 재가동…파키스탄, 이란에 친서 전달",World
"美 미사일 재고 바닥나는데…中, 핵심원료 텅스텐 싹쓸이",World
"100일 맞은 이란戰 … 美, 출구 못 찾고 교착 장기화",World
서방 제재 비웃는 푸틴 측근들…호화 제트기 타고 해외로,World
"美에 맞서 中, 첨단기술·인력·데이터 해외유출 방벽 쌓아 [김규환의 핸디 차이나]",World
"블룸버그 ""스페이스X, S&P 500지수 편입 2028년 이후 가능 전망""",World
"이란전 와중에…美국방, 부인과 6명 자녀 데리고 프랑스 출장",World
트럼프 “빨리 빠져나올 시점”이라더니···이란 드론 격추·레이더 기지 타격,World
"중동전쟁 100일째, 출구 못찾고 교착상태…호르무즈 언제 풀리나",World
‘연일 시신 실려나가는데도…’ 금광맥 찾기 중단 못하는 에볼라 발원지,World
시진핑 내일 방북…7번째 만나는 김정은과 각 의제서 '전략공조',World
‘트럼프가 프랑스인을 노엽게 할지라도…’ [김태훈의 의미 또는 재미],World
1조3000억원 ‘역대 최대’ 오바마 센터… 퇴임 후에도 이어지는 美 대통령 권력 과시,World
“월드컵 영상에 욱일기 흔들었다가 역풍…150만 조회수 유튜버 결국 백기”,World
차이치 中2인자로…‘조직·이념·행정 핵심권력 모두 장악’,World
[시진핑 방북 D-1]3대 관전 포인트는…대북 영향력·두만강 협력·북미 대화,World
"미 국방 ""동맹들, 결정적 순간에 어깨 나란히 해야""",World
"이란전쟁서 두번 격추되고도 생존한 미 조종사…""벼락 두번 맞은 격""",World
"트럼프 1기 인사 “스타벅스 사태, 美기업을 정치적 적대 세력처럼 대해” 비판",World
"미 국방, 노르망디 찾아 “유럽이 재래식 방위 주된 책임 맡아야”",World
"“스페이스X, S&P 500지수 편입 2028년 이후 가능 전망”",World
"美국방, ‘노르망디’서 나토 ‘의존국’ 지칭하며 “방위 주된 책임져야”",World
교황의 'AI 묵시록' 경고에 엇갈린 반응,World
"“합의 된다”던 주말됐지만…美·이란, 호르무즈 ‘군사 보복’ 지속",World
"아르헨 '록 전설' 사망에 추모열기…팬, 국회조문 요구엔 정부거부",World
"美국방, 노르망디 찾아 ""유럽이 재래식 방위 주된 책임 맡아야""(종합)",World
"테슬라, 날아다니는 스포츠카 '로드스터' 공개 시연 또 연기",World
"'종전 변수' 떠오른 레바논…군 총사령관, '중재국' 파키스탄행",World
"이란, 헤즈볼라 대놓고 감싸기…""레바논 전쟁 끝나야 종전""",World
"이란 외무부, 美의 레이더 시설 공격은 ""휴전 합의 위반""",World
‘1000억대’ 호화 전용기 여행…제재 비웃는 푸틴 측근들,World
"젤렌스키 “北 도움 없인 못 버텨”…푸틴 자존심 긁은 공개서한, 왜",World
"""영국 항모 프린스오브웨일스호, 나토 훈련 앞두고 또 고장""",World
"노르망디 찾은 미 국방 ""유럽, 재래식 방위 먼저 책임져라""",World
이란 ‘선수만 비자 준’ 미국에 격분…“단장 등 10여명 거부당해”,World
5300조!…스페이스X의 2040년 전망 매출은 지난해 29조원의 180배,World
"러 국영 석유회사 CEO ""호르무즈 봉쇄 최대 수혜자는 미국""",World
美 선박 방어에 이란 보복…호르무즈 드론·미사일 공방 악순환,World
英 6조원짜리 항모 또 고장…나토 훈련 앞두고 철수,World
"“북한 도움 없이는 못 버티지”…푸틴 약 올린 젤렌스키, 속내는?",World
“삼전 성과급만 10년 치 연봉이네”…일본 직장인들 ‘한숨’ 나오는 이유가,World
드론에 미사일까지…불안한 휴전 '흔들',World
"바레인 ""이란에서 발사 미사일·드론 요격…불법 공격""",World
반도체주 폭락에 환율도 급등‥'검은 월요일' 오나,World
"""중국 의존하는 쇠퇴하는 강대국"" 푸틴 긁은 젤렌스키 의도는",World
"""깜짝선물"" 정체 드러났다…젠슨 황이 가져온 '4가지 사업'",World
“자존심 센 이란” vs “37조 동결자산 해제”,World
"[자막뉴스] 루마니아로 떠밀려 오더니 '폭발'..""드론 정체는 우크라?"" 나토 '대혼란'",World
"""알바니아 못 팔아""…트럼프 사위 리조트 반대 시위 확산",World
"러 로스네프트 CEO ""호르무즈 봉쇄 최대 수혜자는 미국""",World
"[토요와이드] 미국·이란, 또 무력 충돌…시진핑 7년만에 방북",World
"""北도움 없이는 못 버텨""…푸틴 긁은 젤렌스키, 내부분열 노렸나",World
뉴욕증시 반도체주 와르르…엔비디아 등 시총 하루새 2천조 증발,World
"러 국영 석유회사 CEO ""이란전쟁 최대 수혜자는 美기업""",World
"호르무즈 긴장 악화…이란, 미군 기지에 미사일·유조선 공격",World
"푸틴 측근들, 제재에도 '1000억짜리' 서방 전용기 탄다…우회 거래 활발",World
"휴전안 '종잇조각' 되자 ""우린 동맹""…대놓고 헤즈볼라 편든 이란",World
"""내 돈이지만 내 마음대로 투자 못해"" 심상치 않은 자금흐름 中 초강력 통제",World
美 AI반도체주 줄줄이 급락…시총 하루새 2000조 증발 이유는?,World
美 반도체주 일제히 패닉셀…하룻밤 새 2026조원 증발,World
"[자막뉴스] ""탄도 미사일 발사"" 걸프국 '패닉'..""반격해!"" 레바논 또 맹폭 '아비규환'",World
이란 “헤즈볼라 공개 지지” 선언...美·이란 종전 협상도 결국 '파국'?,World
“얼음 씹고 초콜릿으로 버텨”…실종 6일만에 생환한 에베레스트 가이드,World
반도체주 급브레이크…뉴욕서 시총 하루만에 2000조 날아가,World
"""비트코인, 6개월내 70% 폭락 가능""…장기적 전망은?",World
한 달 새 트럼프·푸틴 대면한 中 권력 서열 8위 [이 사람@World],World
반도체 주도 '끝이다' VS. '아니다'…시총 2천조 증발,World
트럼프 “이란 자존심 세다”…종전합의에 “베트남은 19년”,World
"트럼프 ""어떻게든 끝낼 것""...호르무즈 해협서 또 충돌",World
국제우주정거장서 공기 누출 심화…우주비행사 2시간 동안 긴급 대피,World
"이란, '휴전 거부' 헤즈볼라 공개 지지…중동 다시 먹구름",World
국제우주정거장서 공기 샜다…우주비행사 5명 '긴급 대피',World
"꼬여가는 종전협상…이란, ‘휴전 거부’한 헤즈볼라 공개 지지",World
"이란 외무 ""동결 자금 50% 즉시 반환해야""…美와 합의 조건 제시",World
"트럼프 중재 시도에도... 이스라엘, 헤즈볼라 반발에 레바논 맹폭",World
"이란, 헤즈볼라 공개 지지…중동 종전협상 더 꼬였다",World
"종전협상 꼬인다…이란, 헤즈불라 공개 지지",World
"과거의 자신과 싸우는 트럼프...""동결 자산 해제는 트럼프에 정치적 지뢰밭",World
"허락 받고 지나가라…이란의 유조선 공격에 미국은 선박 방어, 호르무즈 또 충돌",World
美·이란 또 무력 충돌…유조선 공격 뒤 반격 보복,World
"""자주파로 바꿀 것""·""실용외교 유지""…지선 뒤 한일관계 촉각(종합)",World
"석유시설·초계함 '불바다'…젤렌스키, 푸틴 고향 공습 뒤 ""만나자""",World
월요일 우리 증시는?…필라델피아 반도체지수 10.3% 폭락,World
7년 만의 평양행...북핵 넘어 '동북아 질서' 정조준,World
"이란, 정전 협상서 동결자산 해제 요구…트럼프엔 정치적 부담",World
미·이란 또 맞불 교전…쿠웨이트·바레인에 미사일 발사(종합),World
"종전 합의 막는 이란 동결자금…""트럼프에 정치적 지뢰밭""",World
"미국·이란 ‘아슬아슬 휴전’···선박 공격, 주변국 공습 이어져",World
"트럼프, 고민 깊어진다…합의 걸림돌 '동결자금'",World
왜 미국은 한국을 '단검'이라 불렀나,World
휴전 좌초 위기 …美·이란·이스라엘 '각각 군사행동',World
[뉴스초점] 시진핑 7년 만에 방북…북중러 밀착 행보,World
"""이란 해군 경고 사격에 美 구축함 퇴각""",World
"미군-이란, 호르무즈 해협 부근에서 또 충돌···트럼프 ""종전 협상, 이란의 자존심 때문에 지연""",World
호르무즈 긴장 악순환…미국 선박 방어에 이란 보복 시도(종합2보),World
"미국, 이란 군시설 폭격…이란, 걸프국 미군기지에 미사일 발사",World
"트럼프 ""이란에서 빨리 빠질 시점""...미 협상팀, 핵 전문가들과 협의",World
"[뉴스초점] 시진핑, 8~9일 방북…연대 강화 신호탄?",World
[트럼프 스톡커] 美금리까지 올리면 1600원 넘는 ‘원·달러 재앙’,World
외교 참사 겪은 독일 “안보리 진출 위해 더욱 철저히 준비”,World
“트럼프 사위가 홍학 습지 섬을 통째로”…알바니아서 대규모 시위 폭발,World
"트럼프 ""이란에게는 선택의 여지 없다…합의까지 시간 걸려""",World
"미·이란, 호르무즈서 또 충돌…유조선 발포·드론전·미사일 보복",World
"이란, 美 레이더 공습에 미사일 반격…쿠웨이트·바레인 공습경보",World
"美·이란, 또 공격 주고받았다... 호르무즈 발포 두고 신경전",World
시진핑 모레 방북...미중 패권 경쟁 속 '복잡한 셈법',World
"미-이란, 호르무즈 해협서 또 제한적 충돌…휴전은 유지",World
"美, 이란 군시설 폭격…이란은 미군기지에 미사일 쐈다",World
"트럼프, ""이란 자존심 세""…종전 합의 장기화 시사",World
"[속보]이란, 걸프국 미군기지에 탄도미사일…호르무즈 유조선에도 발포",World
"美, 이란 해안 군시설 폭격…이란, 걸프국 미군기지에 보복 시도",World
"""자존심 세고 강한 이란""…트럼프, '종전 협상 장기화' 시사",World
"이란, 호르무즈 통과 유조선에 발포…미군과 충돌 격화",World
트럼프 “유가 곧 떨어진다…이란과 상당히 진전”,World
이란 “호르무즈 유조선 4척-美 5함대 타격”…美 “미사일 모두 요격”,World
"""300억 아파트가 580억"" '경악'…폭탄 터져도 ""집 사자"" 몰려간 이란",World
"미군 ""호르무즈·걸프국 겨냥 이란 드론·미사일 공격""",World
"트럼프 ""이란 자존심 세다""…종전합의에 '시간 좀 걸린다' 예상",World
"이란, 호르무즈 유조선 4척에 발포…해협 긴장 고조",World
중동 긴장 재점화…이란 드론 공세에 미군 격추·쿠웨이트도 요격,World
"이란 ""쿠웨이트·바레인 미군기지에 탄도미사일 발사""",World
이란 “호르무즈 ‘무허가 통항시도’ 유조선·걸프 미군기지에 발포”…미국 “대부분 요격”,World
"트럼프, AI기업 지분 정부 보유 추진‥""미국 국민 혜택 얻는 방법""",World
"미국 중부사령부 “이란, 쿠웨이트·바레인에 탄도미사일 7발 발사”",World
이란 “쿠웨이트·바레인 미군기지에 탄도미사일 발사”,World
"미, 이란 해안 군시설 폭격...이란, 미군기지에 보복 시도",World
"미군 ""이란 미사일 7발 중 6발 요격""",World
"[속보] 로이터 “이란, 쿠웨이트·바레인 미군기지에 탄도미사일 발사”",World
“많이 다닌다” vs “관찰 안된다”…美·이란 협상교착 속 호루무즈 통항 집계 차이나는 이유,World
"[속보] 美·이란, 불안한 휴전 속 또 충돌…호르무즈 해협 긴장 재점화",World
"워시 연준 의장 첫 시험대…시장은 금리 인상 베팅, 트럼프는 인하 압박",World
"‘트럼프 약발’ 이젠 안 먹히네…이스라엘, 헤즈볼라 반발에 레바논 맹폭",World
"이란 핵 협상 임박했나…트럼프 특사, 테네시서 핵 전문가와 비공개 협의",World
호르무즈 긴장 악화…이란 자폭드론 날리자 미군 즉각 대응,World
"트럼프 중재 안통하나…이스라엘, 헤즈볼라 반발에 레바논 맹폭",World
"'또 주고 받고' 호르무즈, 다시 긴장 고조",World
"ISS 우주비행사들, 공기 누출로 2시간 동안 대피 후 복귀",World
"미군, 이란 자폭 드론 격추… 호르무즈 해협 긴장 고조",World
[속보] 이란 자폭드론 날리자 미국 즉각 대응…종전협상 좌초 위기,World
호르무즈 긴장악화…이란 자폭드론 날리자 미군 즉각 대응(종합),World
"이란 “미 구축함 퇴각시켜”…미국 “드론 격추, 레이더 기지 타격”",World
"이란군 ""미군 기지 대응 공격""‥미군 ""미사일 요격, 피해 없다""",World
1억3000만원 들여 키 8㎝ 늘린 美 남성…사지연장술은 자신감?,World
"[속보]미군, 이란 드론 4대 격추 후 레이더 기지 타격",World
"호르무즈 해협 긴장 고조…미군, 이란 자폭 드론 격추",World
"헤즈볼라 휴전안 거부 하루 만에…이스라엘, 레바논 남부 맹폭",World
이란 드론 뜨자 美 레이더 타격…호르무즈 해협 긴장 고조,World
"트럼프, 레바논 중재 안통하나…이스라엘 또 맹폭",World
"스페이스X, 구글 클라우드 임대…월 1.4조원 규모",World
"‘다음주 IPO’ 스페이스X, 구글에 클라우드 임대계약…매달 1.4조원 규모",World
"'호르무즈 다시 긴장 고조' 美, 이란 드론 4대 또 격추",World
"모즈타바 최측근 ""트럼프가 우리돈 37조 동결 해제 해야""",World
"“휴전이라더니 또 충돌”…미군, 이란 드론 격추·레이더 기지 타격",World
이란 하메네이 군사고문 “동결자산 240억 달러 해제하면 길이 열릴 것”,World
이스라엘·헤즈볼라 충돌 격화…레바논 남부 맹폭,World
"헤즈볼라, 미 중재 휴전안 거부…이스라엘, 레바논 남부 맹폭",World
"‘탈원전 주도’ 유럽, 전쟁·AI에 백기…너도나도 “원전 어게인”",World
국제우주정거장 공기 누출... 우주비행사들 2시간 동안 대피,World
호르무즈 기싸움…이란 자폭드론 날리자 미군 즉각 대응,World
"미군, 호르무즈 해협 향하던 이란 드론 4대 격추",World
'中부품 빼라' 美. 멕시코에 車 무역합의 변경 추진,World
트럼프 “이란서 빨리 빠져나올 시점…합의든 강경 방식이든”,World
"‘남태평양의 수도’ 피지, 중국에서 쿼드로 기울까 [.txt]",World
‘본국 가서 신청하라더니’…美 영주권 새 지침 급제동 건 속사정,World
"이란 ""공은 트럼프 코트에""…동결 자금 해제 압박",World
"트럼프, 이란과 빠른 마무리 의지 재차 강조",World
"트럼프 美 대통령 ""이란에서 빨리 빠져나올 시점""",World
"“가수도 없고 돈도 없고”...트럼프 건국 250년 행사, 결국 국립공원 입장료 빼쓴다[1일1트]",World
비트코인 결국 6만달러 붕괴…'반토막 쇼크'에 투자자들 패닉,World
"미군, 이란 드론 4대 격추 해안 레이더 타격",World
"코로나·메르스 한방에 잡나…英, AI 기반 '범용 백신' 인체 임상시험 완료",World
"하메네이 측근 ""미국과의 협상, 240억달러 동결 자산 해제에 달려""",World
"트럼프 ""이란 협상 잘 진행되고 있어""...이란 ""공은 트럼프에""",World
김정은 만나는 시진핑…‘핵보유 용인’ 선물주고 ‘동해 진출’ 받을까,World
"스페이스X, IPO 직전 구글에도 클라우드 임대…월 1.4조원 규모",World
"""열심히 일해도 월급 그대로"" 불만 폭주…'경력 정체' 공포 [한명현의 오피스로그]",World
UFO 영상 쏟아내는 美 향해…中 학계 “핵심 근거는 다 뺐다”,World
[아프리카인물열전] (23)'최초 흑인 유엔 사무총장' 코피 아난,World
"헤즈볼라 없는 휴전, 하루도 못 가 휴지조각 위기…헤즈볼라와 이스라엘 교전 이어져[트럼프 2기]",World
"미국, '중국부품 빼라' 멕시코에 자동차 무역합의 변경 추진",World
"“韓이 반미? 시대착오적…李, 한미동맹 의미 이해”",World
"이란 ""미사일 쏴 미 군함 퇴각...동결자금 해제하라""",World
"""대화 상황 좋다""‥""동결 자금 해제 먼저""",World
[특파원 시선] 중국이 말하는 '안정'…그 속에 담긴 자신감,World
"트럼프, 안보 우려에 ‘AI 규제 반대’ 후퇴하나 [이주의 워싱턴]",World
美금리인상 기대강화 주식·채권·금 동반 급락…달러 강세,World
"이란 핵 합의 임박?…미 협상팀, 핵 전문가들과 회동",World
"美정부, AI기업 지분 보유 검토…트럼프 ""곧 그들과 만날 것""",World
美 증시서 마이크론 13%↓…코스피 ‘검은 월요일’ 우려,World
"""트럼프가 37조 동결 해제로 협상 교착 풀어야"" 공개 요구",World
"마이크론 -13%, 나스닥 -4.2% 급락…원달러 환율 1,555원",World
"[르포] 하늘엔 배송드론, 거리엔 청소로봇… APEC 앞둔 선전 가보니",World
美 흔들리는 사이 中 ‘판’ 깔았다…하루 만에 드러난 세계 지각변동 [글로벌 모닝 브리핑],World
이란 전쟁으로 저가 항공의 시대 끝나나 [PADO],World
첨단기술 전쟁의 위험한 착각 [PADO],World
"숲에 숨은 러 장갑차, 위성이 잡았다…우크라 ‘탐지→타격’ 시간 90% 줄였다",World
"모건스탠리, 스페이스X 2040년 매출 약 5300조원 전망",World
고용 호조에 美국채 금리 급등...마이크론 13% 폭락 [데일리국제금융],World
"이란 하메네이 최측근 ""240억달러 해제하면 길이 열릴 것""",World
비트코인 한때 6만달러선 무너져…트럼프 2기 당선 후 처음,World
"이란과 MOU 가까워졌나…미 협상팀, ‘핵무기 고향’ 오크리지 방문",World
구글 이어 메타도 'AI 투자' 위한 유상증자 카드 '만지작',World
루마니아서 우크라 해상 드론 폭발...동유럽 긴장 고조,World
'9주 랠리' 끝 3대 지수 모두 하락 마감…금리 인상 우려↑[뉴욕마감],World
"이란과 MOU 가까워졌나…美협상팀, '핵무기 고향' 오크리지 방문",World
"트럼프, 강한 고용지표에도 금리 인하 압박…""케빈 연준 의장의 몫""",World
"모즈타바 하메네이 최측근 ""평화 합의, 동결 자산 해제 동의 달려""",World
"위기의 레바논 휴전안...레바논 대통령 ""이란, 레바논 이용 말라""",World
이란 최고지도자 군사고문 “240억 달러 동결 자산 해제가 협상 관건”,World
"""1억3000만원으로 키 8㎝ 연장, 후회 없다""…'사지연장술' 받은 美 변호사",World
"모즈타바 최측근 ""트럼프가 동결된 37조 해제로 협상교착 풀어야""",World
"트럼프 풀테 낙점은 '국가정보국 해체' 포석(?)…""지나치게 비대…불필요하다""",World
"모즈타바 최측근 ""트럼프가 37조 동결 해제로 협상교착 풀어야""",World
"러, 아르메니아 친서방 방지 고심…7일 총선 앞두고 대량 허위 정보 유포",World
"일본, 또 한국에 ""군수물자 나누자""...왜？",World
100일 맞는 이란 전쟁...종전 논의는 두 달째 '교착 상태',World
ISS 공기누출로 우주비행사들 2시간 동안 대피,World
"레바논 ""이란, 우리를 대미 협상카드로 사용…용납할 수 없어""",World
서방에 기대는 헝가리-아르메니아 vs 러시아에 기우는 발칸국[글로벌 포커스],World
"푸틴 “젤렌스키 서한 무례, 만남 무의미…군사작전 계속”",World
"푸틴, 젤렌스키 공개 서한 통해 요청한 대면 회담 거부 “의미없어”",World
"푸틴, 젤렌스키 직접 대화 요청 거부…""만날 이유 못 찾겠다""",World
"푸틴 ""젤렌스키 서한 무례, 만남 무의미…러군 계속하라""",World
"""이란 해군, 미 구축함에 경고 사격해 후퇴시켜""…미군은 부인",World
"英·佛·獨 정상, 7일 런던서 젤렌스키 만난다",World
"시진핑, 8일 방북… 1박2일 국빈 방문",World
"오르반 사라지자, 우크라 EU 가입 문 열렸다",World
호르무즈서 돈 받겠다 고집하는 이란 “통행료 아닌 서비스 요금”,World
"이탈리아, 40년 만에 원전 재개… 日, 노후 원전 5기 재건축하기로",World
"나사, 국제우주정거장 비행사들에 내린 긴급대피령 해제…본 모듈로 돌아가",World
"푸틴 ""타협할 수 있어""...젤렌스키 ""만나자"" 공개 서한",World
"푸틴 ""유럽 공격적 대러정책, 국제안보 훼손…中·러 모범적 관계""",World
"“시 주석, 러 동맹·대중 의존도 낮아진 대담해진 독재자와 마주할 것”",World
"레바논 대통령 ""이란, 우리를 對美 협상카드로 사용…용납 못해""(종합)",World
"'본국가서 신청' 지침 완화하나…""美, 강화한 영주권규정서 후퇴""",World
전쟁도 협상도 손끝에서… 한밤 SNS에 가위눌린 세계,World
"이란 해군, 호르무즈 통과 시도 美 구축함 공격 주장…미군 부인",World
"‘감자튀김 원조’ 벨기에, 감자 공짜 나눔하는 이유는?",World
"국제우주정거장 내 공기 유출로 비행사 7명, 타고온 우주선 내로 대피",World
"레바논 대통령 ""이란, 우리를 對美 협상카드로 사용…용납 못해""",World
"러 특사 ""'푸틴-트럼프 터널' 중국도 참여할 수 있을 것""",World
"이란 ""美 구축함에 경고용 미사일·드론 발사""…美 ""사실무근""(종합)",World
"""한국, 3.4조 원 수소 트럭 투자""...캐나다 잠수함 막판 수주전",World
"미 상원, 트럼프의 추종자 보상기금 '금지' 없는 이민기관 특별예산 통과돼",World
젤렌스키-푸틴 ‘종전 담판’ 마크롱 “때 됐다”,World
"이스라엘, 아제르바이잔에 이란 공격 비밀 전진 기지 운영-CNN",World
"이스라엘, 아제르바이잔에도 비밀기지?…CNN “이란 공격 거점”",World
"미, EU ‘탈미국’ 기술 드라이브에 우려…“중국과 AI 전쟁 중”",World
"이란 매체 ""美 구축함, 미사일·드론 경고 사격에 퇴각""",World
"외신 “시진핑, 北 환심 사러 평양 간다”…북·러 밀착 견제 분석 잇따라",World
이란 해군 “美 구축함에 미사일·드론 경고 사격” 주장,World
"이란 해군, ""美 구축함에 경고 사격""...미군은 부인",World
루마니아 또 드론 비상…이번엔 우크라 해상 드론 폭발(종합),World
"시진핑, 7년 만에 訪北…美 주도 질서 맞서 대항 중심축 과시?",World
"이란 ""美 구축함에 경고용 미사일·드론 발사""…휴전 중 또 충돌",World
"""이란 해군, 美 구축함에 미사일·드론 경고 사격""<이란 매체>",World
"“이스라엘, 아제르바이잔에도 비밀 군사기지…대이란 작전 준비”",World
"""원전 100개 필요없다""…스페이스X의 야심작 뭐길래",World
공화당 이탈표로 우크라이나 지원법 하원 통과…트럼프 또 정치적 타격,World
오만 원유터미널서 폭발…이란 침묵·미국 압박 속 중동 긴장 고조,World
"""이스라엘, 아제르바이잔에도 비밀기지…이란 공습 준비""",World
전쟁 나서 경제 무너지는데…“집 사려고 줄 섰다” 부동산에 돈 몰리는 이란,World
"""이스라엘, 아제르바이잔에도 비밀 군사기지…대이란 작전 준비""",World
푸틴 손에 들어간 젤렌스키 서한…정상회담 물꼬 트이나,World
"푸틴, 젤렌스키 '직접 회담' 제안 보고받았다",World
[포착] F-47 닮은 美 6세대 시험기?…51구역서 미확인 기체 잡혔다 [밀리터리+],World
"스페이스 X, 우주 데이터센터 공개…공모주 1분 만에 완판",World
"시진핑, 2019년처럼 1박2일 방북…‘실무형 정상외교’ 방침",World
"중국, 북중 정상회담서 '두만강 통한 동해 진출' 접점 찾나",World
"독일도 유엔 발빼나…이사국 탈락에 ""분담금 삭감해야""",World
"헤즈볼라·이란, 미 중재 휴전안 거부…“이스라엘군 완전 철수해야”",World
"트럼프, ‘전쟁 권한 제한’ 결의안 통과에 분노…쿠바 대통령에 제재 부과",World
"푸틴 경제 책사 ""러시아 성장 동력 소진…새 경제모델 필요""",World
"中, 양자컴 초고속 메모리 시연…빅데이터 난제 푸나",World
"5300년 전 미라 효모로 구운 빵 나왔다…""다음 타깃은 고대 맥주""",World
북중 정상회담서 中 숙원 '두만강 통한 동해 진출' 접점 찾나,World
"""중국 자본 다 빠져나가게 생겼다""…초강력 통제 나선 中",World
"독일도 유엔서 발빼나…이사국 탈락에 ""분담금 삭감해야""",World
"""북한처럼 낯 뜨거운 아부를!"" ""오 마이 갓!"" 트럼프 '핵심 장관들' 청문회 '격분'…""한국이 친중을!"" 주요 장면 요약 (트럼프 NOW)",World
"탈출구 못 찾는 우크라전쟁…푸틴, 젤렌스키의 종전 회담 제안 일축",World
"독일의 부활 외쳤지만…메르츠 총리, 안보리 탈락 '굴욕'",World
"눈 떠 보니 계좌에 '33조' 찍혀…은행 달려갔더니 ""못 믿겠다""",World
"꼬이는 종전협상…""네타냐후, 휴전안 내각 표결 거부""",World
"""직접 만나서 담판 짓자""… 푸틴에 공개 서한 보낸 젤렌스키",World
"習, 북중러 동맹 강화 행보 …'反서방연대'로 美에 존재감 과시",World
[영상] 위성에 포착된 中 신형 잠수함…함교탑 없앤 유선형 선체,World
"독일, 안보리 입성 실패 수모…‘강한 독일’ 메르츠도 흔들",World
"시진핑, 7년 만에 방북…日 언론도 신속 보도",World
출구 안 보이는 러·우크라 전쟁…민간인 사상자 눈덩이,World
비경수로 SMR 속도내는 美…“안타레스 상용화 관문 넘어”,World
"두산, 英SMR 사업 참여에…현지서 ""공급망 위협"" 반발 커져",World
"팬 지갑서 지폐 꺼내 사인한 젠슨 황…""값 매길 수 없는 물건""",World
위성에 포착된 중국 신형 잠수함…함교탑 없는 ‘바닷속 유령’ 가능성,World
"미국, 쿠바 현직 대통령·카스트로 일가 동시 제재…정권 압박 최고조",World
"美 하원, 트럼프 반대에도 우크라 지원안 통과…공화당 18명 이탈",World
"이란·파키스탄, 키르기스서 회동…휴전 협상 돌파구 찾나",World
레바논 휴전 거부와 이란의 '연동 전략' : 헤즈볼라가 멈추지 않는 진짜 이유와 글로벌 경제 파장 [스프],World
"[영상] ""러시아 보복 우려""…美 토마호크 미사일 독일 배치 물 건너가나",World
"러 외무 ""우크라 관련 대미 협상 '악순환' 빠져 제자리 걸음""",World
[자막뉴스] 트럼프의 무리한 '가스라이팅'...미국은 이미 폭발 직전,World
"시진핑, 8∼9일 7년만에 북한 방문…美에 맞서 북중러 연대 모색",World
“믿을 수 없었다”…평범한 튀르키예 남성 계좌에 33조원 입금 ‘황당’,World
길어진 호르무즈해협 봉쇄에… 세계 석유 지도 다시 쓰는 걸프국들,World
"“삼전 직원 페라리 뽑는데, 우린 도요타 한 대 값도 못 받아”···‘삼전닉스’ 성과급 논쟁, 일본서도 관심",World
AI 매출 5년 내 100배 뛴다?...스페이스X 2600조원 몸값 논란,World
“이게 휴전이라고?”…공습·로켓 계속된 트럼프 중재안의 민낯 [핫이슈],World
"美석유업계 ""재고 위험수위…이달말 유가 치솟을 수도"" 경고",World
AI가 설계한 '슈퍼 항원' 첫 사람 대상 시험…코로나 계열 백신 새 길 열리나,World
"물병 집어던질까봐?…폭염 월드컵 경고에도, 물병 반입 금지?",World
[영상] 러 자폭 드론 직격에도 끄떡없는 우크라 방탄 험비,World
"시진핑, 8∼9일 7년만에 북한 방문…美에 맞서 북중러 연대 모색(종합2보)",World
올 첫 해외 방문지로 '북한' 찍은 시진핑…그 속내는?,World
"헤즈볼라, 이스라엘-레바논 휴전 합의 거부…미-이란 종전협상 ‘암운’",World
"""시진핑, 러 밀착 김정은 달래기…비핵화·북미대화 요구 힘들어""",World
"푸틴, 유럽 중재역할 거부…""슈뢰더는 괜찮지만 EU 중립성 없어""",World
시진핑-김정은 7년 만의 재회…美·日 견제 노림수,World
7년만에 방북하는 시진핑…'중재자' 자임하며 美주도 질서 맞서,World
"우크라지원법 미국 하원 통과…""공화 18명 반기에 트럼프 또 타격""",World
美 방송의 자존심 '60분'에 무슨 일이…간판기자까지 잘렸다,World
태양광패널 가격 폭락에…中 태양광 기업들 'ESS 전환' 가속,World
"인텔, 반도체 공장에 히타치 AI시스템 채택…""TSMC·삼성 추격""",World
"우크라지원법 美하원 통과…""공화 18명 반기에 트럼프 또 타격""",World
"""이길 거야"" 되뇌지만… 이스라엘·이란 도발에 속수무책 트럼프",World
"""비트코인, 6개월 이내 70% 폭락 가능…장기적 50만 달러 전망""",World
"美, 獨에 병력 이어 토마호크 배치도 취소 검토",World
"“트럼프 이란전 핵심 전력이라더니”…美핵항모, 침실까지 탔다 [밀리터리+]",World
"""블랜치가 엡스타인 파일 공개 총괄""…법무장관 지명자 인준 변수",World
"‘반란표’에 ‘유가 대란’ 진퇴양난…트럼프, 농축 우라늄까지 포기?",World
"""최고의 아기"" 광고 회사까지 뛰어든 배아 편집…우생학 논쟁 다시 불붙었다",World
구리값 뛰자 수도계량기까지 싹쓸이…日 공영주택 빈집 노렸다,World
"日, 2050년대까지 원전 최대 14기 재건축...'원전 시대'로 복귀",World
북·러 밀착 속 평양 찾는 시진핑…中 영향력 재확인 나서(종합),World
한국 도착하자마자 신난 젠슨 황...얼마나 큰 선물 보따리기에 '자신만만' [지금이뉴스],World
"미 석유업계 ""이달 말 기름값 폭등 온다""…트럼프 행정부에 경고",World
"""월가보다 개미""…스페이스X, IPO 물량 최대 25% 개인투자자 배정",World
미 하원 '전쟁 권한' 제동‥겉도는 종전협상,World
콜롬비아 극우 대선후보 알고보니 美 이중국적…대통령 취임 가능할까,World
美서 60년 만에 '살 파먹는 구더기' 감염 확인…소고기 파동 우려,World
"英정재계, 두산의 롤스로이스SMR 핵심부품 제작 수주에 반발",World
"""고객사 AI 수요 맞춰"" TSMC, 美애리조나 공장 부지 추가 확보",World
"젠슨 황, 11일 美 상원 청문회 출석 요청 받아",World
쿠바 옥죄는 트럼프...카드결제 중단시키고 권력층 돈줄도 차단,World
돈 빼려 했더니 절반만 돌려줬다…블랙스톤 사모대출펀드 첫 환매 제한,World
"""평생의 기회"" vs ""거품 우려""…미국 IPO 시장 '광풍'",World
"시진핑, 8~9일 북한 국빈방문…'영향력' 재확인",World
[자막뉴스] 잿더미로 변한 美 제럴드 포드 호...복귀까지 최소 1년 예상,World
전직 주한 미 대사들 “이재명 정부 ‘친중·강경 좌파’라는 평가는 과장”,World
TSMC 회장 “젠슨 황 방한 이유는 메모리 때문···비메모리·파운드리는 대만이 우위”,World
"""한국 중요성 커졌다""...젠슨 황 7개월 만에 또 방한, 외신의 분석",World
"이란 혁명수비대 “이스라엘, 미·이란 전쟁 이전 지점으로 철수해야”",World
"트럼프 ""이란전 우리가 승리""…레바논 휴전도 낙관",World
"전직 주한미국대사들 ""이재명 대통령, '반미친중' 아니다""",World
"미, 쿠바 대통령·카스트로 일가까지 제재 대상에…양국 긴장 고조",World
트럼프 ‘제조업 황금기’ 공언했지만… 美 공장 투자·고용 모두 하락세,World
"존재감 커진 北…시진핑, 7년만에 북한 방문(상보)",World
"시진핑, 방한 7개월만에 평양行…미·중, 대만·북한 전략적 딜 이행 차원",World
'진작 호르무즈 돈 걷을 걸 그랬네'…'미국 덕'에 숨겨진 핵무기급 힘 깨달은 이란,World
"드론 공격 추정 '폭발'…""오만 원유터미널 선적 중단""",World
140년 은광도 상장 첫날 27% 폭등…美 공모 시장 '광풍',World
"[자막뉴스] ""이재명 정부, 한미동맹 위협"" 논란에...美 대사들 전격 해명 나서",World
AI 열풍에 땅 사들이는 TSMC… 美 공장 부지 추가 매입,World
프랑스 교육장관 ‘망신’…“철자 틀리면 감점”이라더니 무슨 일?,World
"젠슨 황 ""한국 위한 깜짝 선물 있다…로봇·피지컬AI 적용 기대""",World
"""싼 광섬유 드론에 허 찔렸다""…헤즈볼라 전술에 이스라엘 곤욕",World
"성능 앞 장사 없나…美 NSA, 사이버 공격에 앤트로픽 ‘미토스’ 사용",World
[자막뉴스] 캐나다 잠수함 막판 수주전...한국이 내놓은 초특급 카드,World
트럼프 “카터처럼 되고 싶지 않다”…특수부대 이란 투입 계획 접어,World
"의사당 폭도에서 대테러 담당으로…1·6의회 난입 가담자, 미 국방부 요직 발탁",World
"""北, 러서 드론전 배워…대단한 발전""",World
“비자·마스터카드 쓰지마” “그럼 뭘 써요”…미국이 경제 사형선고 내린 이 나라,World
"“김정은, 푸틴에 너무 붙었나”…시진핑 7년 만의 평양행, 진짜 이유 [핫이슈]",World
"“이틀 새 3조6700억원어치 팔았다”…장기 보유자도 던진 비트코인, 약세장 끝물 신호?",World
[자막뉴스] 로켓 폭발에도 거뜬한 머스크? 전 세계 미치게 하는 '사상 최대 규모',World
"""AI 수요에 미국 가스발전 '르네상스' 도래""",World
"가수들 줄줄이 '보이콧'...트럼프 ""콘서트 대신 건국 250주년 기념집회""",World
"스페이스X IPO 출격…골드만 ""2030년 AI 매출 100배 성장""",World
"이란, 호르무즈 해협 통제권 강화…""세계 경제 뒤흔들 핵옵션 확보""",World
"오만, '이란 단교' 美압박에 ""호르무즈 합법체제 논의중"" 선긋기",World
"월가 관행도 무시...사상 최대 '2,700조 원' 상장 초읽기",World
이스라엘·레바논 휴전 합의 하루 만에 무력 충돌…트럼프는 “협상 진전”,World
"헤즈볼라는 휴전이행 거부, 이스라엘도 공습 계속",World
트럼프 휴전안에 버티는 헤즈볼라·이스라엘…오만도 말 안 듣는다,World
"이재명 정부가 반미?‥전 주한미대사들 ""동의 못 해""",World
美서 러까지 차 타고 갈까… 베링해협 해저터널 추진,World
"김영훈 노동장관 ""AI 반도체 초과이익, 협력사와도 나눠야""",World
트럼프 일가 알바니아 '6조 리조트'…닷새째 반대 시위,World
"시진핑, 8∼9일 7년만에 북한 국빈방문…김정은 집권 후 두번째(종합)",World
"""美, 독일 토마호크 배치 철회 검토…러시아 보복 우려""",World
브로드컴 AI 전망 '실망'…亞 반도체주 줄줄이 급락,World
“문서로든 군사적으로든 미국이 승리”…이란과 협상 중에도 '승리' 집착하는 트럼프,World
"""AI 매출 100배 성장해야""…스페이스X, 로켓보다 AI에 미래 건다",World
"최강 '미토스' 만든 앤트로픽, 왜 ""첨단 AI 개발 늦춰야"" 주장하나",World
이란 “호르무즈 요금 받겠다”…통행료 아닌 서비스 비용 내라는데,World
[다음주 경제일정] 美 5월 CPI 주목…'세기의 IPO' 스페이스X 12일 상장,World
"한 번 충전에 1000㎞ 간다더니…도요타, 렉서스 차세대 EV 접었다",World
아시아 반도체주 급락…브로드컴 실적 충격에 AI주 차익실현,World
[이번 주 뉴스메이커] 도널드 트럼프·젠슨 황·레이 달리오·댄 아이브스,World
스페이스X 상장 A to Z…샴페인 터뜨릴까?,World
"헤즈볼라 합의안 거부…이·레바논 휴전 무산 위기, 미·이란 종전협상도 흔들",World
"외신 ""지방선거, 李 대통령 지지세 반영…서울 결과는 정권 견제 신호""",World
"[속보] 시진핑 주석, 7년만에 北 국빈 방문…김정은과 정상회담",World
AI 기대 너무 높았나...브로드컴 하루 만에 시총 440조 증발,World
"“미국, 독일 토마호크 배치 철회 검토…러시아 보복 우려”",World
"외신 ""李대통령 인기로 與 승리…서울 패배는 상징적 타격""",World
[영상] 이착륙 중이었다면 어쩔뻔…독일 여객기 랜딩기어 고장나 '폭삭',World
"중국 당국 “시진핑, 8∼9일 북한 국빈방문”",World
日다카이치 내각 20대 지지율 첫 50% 붕괴…'고물가' 직격,World
이란 “통행료가 아닌 서비스 요금”…호르무즈 수수료 방침 재확인,World
“수주 안에 유가 급등할 것”… 트럼프 행정부에 경고 보낸 美 석유 업계,World
아버지와 상반된 입장 내놓은 트럼프 장남 “中에 투자하지 말아라” 경고,World
"트럼프 ""모즈타바 만나면 영광""...""미국인 대부분 승리 안 믿어""",World
"젤렌스키, 푸틴에 우크라 전쟁 종식위한 정상회담 제안",World
"트럼프, 이란전 장기화에 정치적 부담 커져…휴전·핵협상 모두 난항",World
"젤렌스키, 푸틴에 첫 공개서한 ""직접 만나자""…러 ""모스크바 와라""(종합)",World
먹던 탈모약 어디 갔나…트럼프 의료보고서에 빠진 한 줄,World
중동 불안에 금값 더 오른다더니…日 금도 달러 강세에 눌렸다,World
"“엄마, 대학 안 가도 되겠더라” 기술 배워 돈 벌러가는 中 청년들…한국은?",World
"푸틴 ""작년 트럼프 평화안 수용 가능…우크라 동의해야""(종합)",World
흔들리는 레바논 휴전…트럼프는 연일 낙관론,World
"'레바논 암초' 美·이란 협상 교착 길어져…헤즈볼라 ""휴전 거부""",World
"[트럼프 스톡커] 염전 노예에도 관세 매기는 美, 15%로 끝나길",World
"이란 혁명수비대 ""이스라엘, 전쟁 전 위치로 철수해야…휴전안 반발""",World
전직 주한미국대사들 “이재명 정부 반미 아니다…한·미동맹 가치 이해하고 있어”,World
"스페이스X IPO 띄우는 골드만삭스 ""AI 매출 5년 새 100배 급증""",World
"젤렌스키 “푸틴, 만나서 담판 짓자” 첫 서한…푸틴 “협상 위해 전쟁 멈출 필요 없어”",World
"""몇 주 내 유가 급등 가능성…미 석유업계, 정부에 경고""",World
호르무즈서 통행료 대신 서비스 요금 받겠다는 이란,World
"스페이스X, S&P 500 편입되려면 1년 기다려야",World
"호르무즈서 꼭 수금하겠다는 이란…""통행료가 아닌 서비스 요금""",World
5300년전 미라 내장에서 발견된 '효모'… 빵으로 만들어보니,World
"이란 ""호르무즈 통행 시 수수료 징수""…美는 2차 제재 경고",World
"TSMC 회장 ""젠슨 황 韓서 뭐 먹을지도 안다""…韓과 AI 동맹 경계",World
“미군만 안 죽으면 된다?”…트럼프 휴전론 속 쿠웨이트 공항 뚫렸다 [핫이슈],World
"""몇주내 유가급등 가능성…美석유업계, 정부에 경고""",World
"""이제 카드까지 못 쓴다고?""… 美 트럼프 압박에 쿠바 경제 '와르르'",World
“이란과 관계 끊으라” 미국 압박에 오만 저항,World
"한국계 미셸 스틸, 주한 美대사 인준 눈앞… 상원 외교위 통과",World
"트럼프 ""이란전서 문서상이든 군사적으로든 미국이 승리할 것""",World
통행료가 싫다면 서비스 요금으로…이란 “호르무즈서 반드시 비용 부과”,World
"이란, 호르무즈 수수료 방침 재확인…""서비스 요금""",World
"석유업계, ""몇 주 안에 유가 급등 위험 크다"" 경고",World
"스페이스X, S&P500 '신속 편입' 안된다…1년 기다려야",World
"젤렌스키, 푸틴에 ""만나서 얘기하자"" 공개서한",World
"예상밖 선전으로 공세 쥔 젤렌스키, 푸틴에 “만나서 얘기하자” 평화 회담 ‘압박’",World
“호르무즈 개방되면 3개월내 前생산량의 70% 회복”-우드맥켄지,World
"로이터 ""젠슨 황 7개월만에 또 방한…韓 AI 전략적 중요성 반영""",World
"""이 대통령 지지세 확인했지만…"" 외신이 본 지방선거는?",World
"앤트로픽 ""AI 스스로 후속 모델 개발할 위험…제어장치 필요""",World
"美, 쿠바대통령·카스트로 가족 등 전·현 최고권력층 제재(종합2보)",World
'닷컴 버블' 직전에도 이랬는데...웃고 있지만 공포에 떠는 월가 [굿모닝경제],World
"""美·러 본토 연결할 베링해협 터널 설계 협정 체결 예정""",World
"""이란과 관계 끊으라"" 미국 압박에 오만 저항",World
“유럽은 중국에 대한 일관된 전략이 없다”-피터슨연구소,World
"트럼프 ""모즈타바 하메네이 만나면 영광…예의 갖출 것""",World
"우크라 대표 드론 제조사 ""북한, 러시아서 드론전 배워…대단한 발전""",World
"이란 ""헤즈볼라 안보 없이 중동평화 없다""…종전 핵심 조건 고수",World
"스페이스X 역대 최대 IPO…머스크, 인류 최초 '조만장자' 되나 [소셜픽]",World
헤즈볼라도 이스라엘도 불만인 휴전 합의…종전 협상에 암운,World
브로드컴 쇼크에 반도체 매도·비기술주 매수,World
중간선거 앞두고 공화당-트럼프 '균열'…잇달아 '반란표' [이상은의 워싱턴나우],World
"뉴욕증시, 브로드컴 급락에 혼조세…다우는 최고치 마감",World
"젤렌스키, 푸틴에 ""만나 얘기하자""…공개서한으로 종전협상 압박",World
"트럼프 ""이란戰 어떤 식으로든 승리…합의 시 모즈타바 만날 수도""",World
"다카이치 앞에서 ‘진주만’ 꺼냈던 트럼프, 이번엔 ‘미드웨이’ 찬양",World
빌 게이츠·SK가 점찍은…'미래 원전' 현장을 가다,World
"이란 외무차관 ""완전한 국익보장 전엔 美와 어떤 합의도 없다""",World
"젠슨 황, 美상원 청문회 출석할까…중국 AI 칩 판매 도마 위",World
"美국무, 이란의 쿠웨이트 공항 공격 규탄 ""용납 불가""",World
"“김일성광장서 무슨 일이?”…평양 한복판 대형 공사, 시진핑 방북설 급부상",World
"‘카드결제 중지, 호텔도 철수 러시’…붕괴 위기? 美트럼프 압박에 휘청이는 쿠바",World
“트럼프 탈모약 숨겼나”…백악관 의료기록서 사라진 '프로페시아' 논란,World
AI 전력 확보 전쟁…미국 차세대 원전에 한국 기업 가세,World
"트럼프 ""결국 美 승리...이란 최고지도자 만나면 예의 갖출 것""",World
[비즈 나우] 부채가 만든 '독이 든 성배'…반도체 초호황 제동?,World
AI 시장 5조달러? 허술한 셈법에 들뜬 IPO 시장,World
"젤렌스키, 푸틴에 공개서한…""직접 만나 담판 짓자""",World
'버블 신호' 140년 은광도 뉴욕증시 상장,World
헤즈볼라 반발에 휴전 합의 위태…중동 전쟁 '안갯속',World
"트럼프 ""이란 농축우라늄 확보 합의 필요없어…어떤 방식이든 승리""",World
“철자 틀리면 감점” 외친 교육장관…생방송서 받아쓰기 오답 망신,World
"[부자들의 투자노트] 찰스 슈왑 ""대형 기술주 외에도 투자 기회 많아""",World
트럼프 “쿠바 정권 제거해야”…수뇌부 전체 ‘블랙리스트’ 올렸다,World
AI·우주기업 상장 광풍…140년 된 은광도 뉴욕증시 달궜다,World
"""반도체 랠리 피로감""…브로드컴 12%↓·마이크론 7%↓",World
"휴전 '무용지물'…이스라엘·헤즈볼라 ""철수 못해""",World
"美, 쿠바 대통령·카스트로 가족 등 전·현 최고권력층 제재(종합)",World
"트럼프 “헤즈볼라, 상황 주시하는듯…이란戰, 문서든 군사든 우리가 승리”[1일1트]",World
트럼프 “종전 협상으로든 군사행동으로든 결국 미국이 승리”,World
미셸 스틸 주한 미국대사 지명자 인준안 美상원 외교위 통과,World
"외신 ""지선 결과, 이 대통령 지지세 반영"" 평가…서울시장 오세훈 승리도 주목",World
[마켓 브리핑] 일부 반도체주 차익 실현…순환매·저가 매수세 유입,World
미국 주식공모 과열 양상…140년된 은광도 뉴욕증시 상장,World
"[증시전략] 젠슨 황, 삼겹살 회동부터 시구까지 광폭 행보…의미는?",World
"“북한, 러시아서 드론전 배워…역량 급성장”",World
"베링해협에 '푸틴-트럼프' 해저터널?...러 경제특사 ""설계 협정 예정""",World
“한국 정부 좌경화 됐다” 질문나온 美장관 청문회…그의 대답은,World
"마이크론 -7% 반도체 약세…""가격 우려""",World
"국제유가, 3%대 하락…WSJ ""트럼프, 이란과의 전쟁 재개 꺼려""",World
美 중재 휴전에도 강대강 대치…레바논 휴전 이행 난항,World
첫 양자컴퓨터 데카콘 퀀티뉴엄 상장…24조원 몸값 인정받았지만 ‘상용화’는 숙제,World
"트럼프 ""이란 모즈타바 하메네이 만나면 영광…예우 갖출 것""(종합)",World
"전 美대사들 ""이재명 정부가 반미?…동의 못해""",World
"트럼프 ""이란전, 문서상으로든 군사적으로든 우리가 승리할것""",World
"뉴욕증시, 반도체 약세·헬스케어 강세…다우 1.7%↑·나스닥 0.1%↓",World
"헤즈볼라 '휴전 합의' 거부…""점령군 철수해야""",World
"[외신 헤드라인] ""세계 경제 '스파이크플레이션' 진입""",World
"트럼프 ""이란 모즈타바 하메네이 만나면 영광…예우 갖출 것""",World
"트럼프, 석탄 부활 승부수…10년 만에 신규 발전소",World
"“푸틴-트럼프 터널 현실화?”…美·러, 베링해협 해저터널 협정 체결 예고",World
"헤즈볼라, 이스라엘-레바논 휴전 거부…이란戰 종전 협상도 '먹구름'",World
"트럼프 ""레바논 평화 진전"" 낙관론…헤즈볼라는 ""굴욕적 합의 거부""",World
‘브로드컴 실적 실망’ 뉴욕 증시 혼조...마이크론 8% 급락 [데일리국제금융],World
前 주한美대사들 “李정부에 반미표현은 시대착오적…동맹가치 잘 알아”,World
"트럼프, ‘이란戰 권한 제한’ 하원 결의안 통과에 “비애국적 행위” 맹비난[1일1트]",World
"다시 떠오른 사모신용 리스크…블랙스톤, 사모대출펀드 환매 제한 [글로벌 뉴스픽]",World
뉴욕 증시 혼조 마감… 다우는 역대 최고치 경신,World
휴전 합의하자마자 암초…헤즈볼라·이란 '반발',World
"""AI 데이터센터 우주에 띄운다""…스페이스X, 17분 IPO 영상 공개",World
'양자컴 데카콘' 퀀티뉴엄 상장…첫날 장중급등후 상승폭 반납,World
김정은 ‘핵무력 강화’ 발언에…美 “완전한 北비핵화 유지”,World
"美 국무부, 이란의 쿠웨이트 공항 공격 비난 ""용납 불가""",World
"트럼프 ""이란 최고지도자와 회담 영광""…정보수장 인선도 속도(종합)",World
외신도 주목 “李대통령 높은 인기도” “서울결과는 與견제신호”,World
트럼프 탈모약 끊었나 숨겼나…의료기록서 사라진 이유는[1일1트],World
"뉴욕증시, 혼조 마감…다우 1.7%↑·나스닥 0.1%↓",World
AI시대 전력난 돌파구… SK 손잡은 美 차세대 원전 순항,World
“1000배 더 안전한 차세대 SMR”…미국 AI 시대 에너지 확보 길 트다 [르포],World
"트럼프, 이란전 추진력 흔들···공화 4명 이탈에 군사작전 제동[글로벌 모닝 브리핑]",World
골드만삭스 “2030년까지 빅4 AI 설비투자 8000조”,World
"“UFO는 악마 소행” 美 가톨릭 대교구, 유명 구마사제 파면",World
“우리가 알던 팔라비가 아니다”···왕정복고 아이콘에서 ‘이란 극우’ 상징된 레자 팔라비,World
"우크라 대표 드론제조사 ""北, 러서 드론전 배워…대단한 발전""",World
호르무즈 봉쇄에 놀란 산유국들…바닷길 대신 송유관·철도 늘린다,World
"IRGC, 연일 헤즈볼라 타격하는 이스라엘軍에 ‘전쟁전 지점’ 철수 요구",World
휴전 발표 몇 시간 만에...'말뿐인 휴전' 레바논 남부 또 공습,World
“여기가 발리우드냐”…놀이공원서 ‘떼춤’ 춘 인도 관광객에 日 경악,World
외신들 '6·3 지선 민주당 압승' 비결로 李지지 꼽아…오세훈도 주목,World
"전직 주한 美 대사들, 李 정부 '반미친중' 논란에 ""동의 안해""",World
"美국무, 쿠웨이트 외무장관 만나 이란의 공항 공격 규탄",World
"젤렌스키 ""푸틴, 제3국서 만나 대화하자…전쟁 끝내야""",World
"푸틴 ""2030년 대선 출마, 헌법상 가능…지금 말하긴 너무 일러""",World
“AI 쓴다고 꼭 생산적인 건 아냐...토큰 맥싱은 끔찍한 생각”[김창영의 실리콘밸리Look],World
"항공기, 갑자기 지면에 '쿵'…獨 프랑크푸르트서 항공기 고장에 여러 명 다쳐",World
전직 주한美대사들 “李 정부가 반미? 동의 못할 시대착오적 주장”,World
‘투표용지 부족’ 처음이 아니다? 해외에서는 어떻게 처리했나,World
"前주한미국대사들 ""'韓, 친중·좌경화' WSJ칼럼, 동의 안해""",World
"미·이스라엘·레바논, '헤즈볼라' 빼고 휴전? 휴전에도 폭격한 이스라엘, 약속 지킬까[트럼프 2기]",World
"美, 나토에 “군용기·군함 뺄 테니 알아서 메워라” 통보",World
"트럼프, 석탄산업 부활에 1조원 투입…발전소·수출터미널 투자",World
AI 붐에 밀려난 포르쉐 지주사…DAX지수서 퇴출,World
"젤렌스키, 푸틴에 공개서한…""만나서 담판 짓자""",World
AI 열풍에 車 업계 뜻밖의 재평가…포드가 데이터센터 수혜주?,World
"전 주한 미국대사들 ""한국 정부가 '반미주의'? 시대착오적""",World
투자 늘리면 뭐하나…美데이터센터 절반 첫삽도 못 떠,World
헤즈볼라도 이스라엘도 불만인 휴전합의…종전협상에 암운,World
"""역대 최연소 제재 영예""…러시아 돈세탁 폭로한 영국 고교생",World
"푸틴 ""오레시니크 지금까지는 시험발사…우크라 전장서 패배시킬 것""",World
"우크라, 국제포럼 개막 맞춰 러 제2도시 드론 공격",World
"이스라엘-레바논, 美중재에 휴전… 트럼프 “소규모 충돌은 감수”",World
"美 국무장관, 쿠웨이트 외무장관 만나 이란의 공항 공격 규탄",World
北 김일성광장 공사 정황…시진핑 방북 관측 제기,World
"美, 김정은 '핵무력 강화' 발언에 ""완전한 北비핵화 기조 유지""",World
“미·러 잇는 베링해협 해저터널 협정 체결 예정”,World
美하원도 종전결의안 채택… 트럼프 '딜레마',World
"전직 주한美대사들 ""이재명 정부, 친중정책 편다 보지않아""",World
"전 주한미대사들 ""이재명 정부, 反美 아냐…한미동맹 가치 이해""",World
헤즈볼라 휴전 거부…종전 협상 최대 걸림돌 된 '레바논',World
"이란 협상단장 ""이란 공짜 위협 시대 끝나…어떤 공격도 비례적 대응""",World
외신 “李대통령 지지세 작용…서울 패배는 부동산 평가 반영”,World
"IAEA ""3개월 전쟁에도 이란 핵 프로그램에 큰 변화 없어""",World
AI 붐에 밀려난 독일차…포르쉐 지주사 DAX지수서 퇴출,World
빌 게이츠·SK이노베이션 손잡고… 美 고원에 첨단 원전 짓는다,World
"푸틴 측근 ""미·러, 5일 베링해협 해저터널 협정 체결 예정""",World
취업 너무 잘돼도 걱정 많은 日 대학생들,World
"“전투기·군함 줄일테니 공백 메우라” 美 유럽사령관, 나토 동맹국에 통보",World
“SMR은 안전… 인구 밀집 지역에 건설해도 문제 없어”,World
"美, AI시대 전력난 해결할 SMR 건설 착착… SK도 발맞춰 뛴다",World
"외신 ""6·3 지방선거, 이대통령 리더십 확인…서울 패배는 타격""",World
"""미·러, 베링해협 '푸틴-트럼프' 터널 협정 체결 예정""",World
한국 자본·기술과 손잡은 AI 전력 해결사 미국 SMR,World
휴전에도 불씨 여전...종전 협상 뇌관 '레바논',World
쿠바 가면 이제 현금만 써야 하나…마스터·비자카드 결제 중단,World
"철자 틀리면 안된다더니…프랑스 교육장관, 받아쓰기 '망신'",World
"외신 ""지방선거, 李대통령 지지세 반영…서울결과는 견제신호""",World
"이란 혁명수비대, 이스라엘군 '전쟁전 지점' 철수 요구(종합)",World
미래 원전 짓는 게이츠…함께 웃음 짓는 최태원,World
이탈리아 40년만에 '원전 복귀' 전망…하원서 법안 통과,World
"이란 최고지도자 ""美·이스라엘은 패배…적에 동조 말아야""",World
"뉴욕증시, 레바논-이스라엘 휴전·브로드컴 실적 발표로 혼조 출발",World
"트럼프, ‘전쟁 권한 제한’ 결의안 통과에 “비애국적” 비난",World
전쟁권 제한案 통과에 트럼프 격노…“공화당 4명 부끄러워해야”,World
"러, 우크라 전역 맹공 지속…""하루 새 16명 사망·80여명 부상""",World
"“한국, ‘加 잠수함 수주’ 연계해 3조원대 ‘수소 트럭 프로젝트’ 투자 제안”",World
헤즈볼라 “이스라엘 완전 철수해야”…휴전 합의안 거부,World
"헤즈볼라, 이스라엘-레바논 휴전 합의 거부…""점령군 철수해야""",World
"트럼프, '이란전쟁 권한 제한' 하원 결의안 통과에 ""비애국적""",World
"헤즈볼라 ""레바논 당국에 휴전 제안 거부 통보…의회 의장 전달""(종합)",World
"이란 혁명수비대, 이스라엘군 '전쟁전 지점' 철수 요구",World
"헤즈볼라, 미 중재 휴전안 거부…""이스라엘군 완전 철수해야""",World
"뉴욕증시, 반도체주 하락·이란 사태 격화에 혼조 출발…S&P 0.15% ↓",World
"""佛 라팔 전투기 곧 우크라에 인도""…서방 기종이 공군 주력으로",World
"""이란전 종전 협상서 '금전 보상' 문제 급부상""… 금융 제재 둘러싸고 이견 큰 듯",World
"이스라엘 ""유엔군 사망, 헤즈볼라 소행""…헤즈볼라 ""휴전안 거부""",World
"“땅에선 기름 줄줄, 하늘선 마하 3”…세계서 가장 빠른 비행기의 비밀 [밀리터리+]",World
"모즈타바 ""사악한 적들이 전쟁서 패해 굴욕…이란 분열 시도""",World
"“아직도 그걸 하고 있어?”…‘살 사람 없는’ 비트코인, 글로벌 자산 14위로 ‘추락’",World
“나라가 망할 판” 신용카드 먹통·호텔 철수·대학 휴교…트럼프 압박에 ‘엑소더스’,World
"리투아니아, 美핵무기 자국 배치 협의 확인…핵탄두 탑재 폭격기",World
"이란 ""이스라엘, 전쟁 전으로 후퇴해야 헤즈볼라 휴전 가능""",World
"""韓, 캐나다잠수함 수주연계해 3조원대 수소트럭 투자 제안""",World
"美 대표단, '푸틴판 다보스포럼' 참석…루비오 ""공식 대표단 아냐""(종합)",World
"""친중·좌경화 한국이 결국""…루비오도 '쿠팡 두둔' 동조",World
"트럼프 “민주당, 이란 협상 실패 바라는 것”…전쟁권 제한 美하원 결의에 반발",World
"트럼프, 또 ""이번 주말에라도 합의 가능""…'이스라엘-레바논' 휴전 합의",World
"中언론 “한국 해군, 현대화에 문제 있다” 지적…진실과 거짓 구분해 보니 [밀리터리+]",World
"푸틴 보란 듯이…우크라이나, 군함·정유시설 타격",World
"""어떻게 이런 일이""…獨, 안보리 이사국 첫 탈락 '굴욕'",World
"이스라엘·레바논 휴전 합의…헤즈볼라, 철수 수용할지 미지수",World
"공화당 다수인 하원서 이란전 철수 결의안 통과…""트럼프, 백악관 밖에선 '참새' 불과""[트럼프 2기]",World
"[올댓차이나] 대만 증시, 반도체주 이익매물로 닷새 만에 반락 마감…1.68%↓",World
네 번째 표결 만에… 美하원 ‘이란전 중단 결의안’ 통과,World
"美, 나토 동맹에 “군함·군용기 감축” 통보",World
"CCTV로 본 쿠웨이트 공항 피격…트럼프, 이란 공격 두둔",World
"미 국무 ""검열로 톈안먼사태 지울 수 없다""…중 ""내정간섭""",World
"중, 타이완 방문 뉴질랜드 의원 4명 '입국 금지'…외교부간 설전",World
"""두달째 뺏긴 땅보다 더 탈환""…우크라, 장거리 드론 전략 적중",World
"우크라 'EU 가입' 협상 첫 단추 끼운다…""15일 개시 전망""",World
성폭행 의혹에 사퇴했는데 “그래도 뽑을래” 우르르…‘유령표’ 던진 美유권자들,World
"""이란, 종전 합의 즉시 금전 보상 요구…美, 직접 지급 꺼려""",World
이스라엘 “휴전에도 완충지대 유지”…레바논 공습 지속,World
"“푸틴, 2년 내 유럽 침공 가능”…‘2028년’ 콕 집은 이유 따로 있다? [밀리터리+]",World
[국제 PICK] 쿠웨이트 공항 지붕에 이란 드론 '쾅'…순식간에 '아수라장',World
"""소동파의 돼지요리, 명 황실의 북경오리…스토리 곁들인 중식, IP로 키울 것""",World
"트럼프 ""미군 사상자 나온다면 이란과 휴전 끝, 전면전 검토""",World
브라질판 시고르자브종 ‘캐러멜로’···멕시코가 대표견 선점하자 부글부글,World
독일 안보리 이사국 탈락 수모…이스라엘 편들다 미움 샀나,World
"""이란 금전 보상 문제, 종전 MOU 쟁점 부상""",World
"""러 원유, 헝가리·슬로바키아 공급 정상화…송유관 완전복구""",World
"미 국방, 노르망디 상륙작전 기념식 간다…주민들 ""오지말라""",World
"中, '대만 방문' 뉴질랜드 의원 제재…""놀랐다"" ""규탄"" 양국 반발",World
"우크라, '푸틴 고향' 상트페테르부르크 드론 공습…러 “계속 공격하면 핵무기 사용”",World
"""빼앗긴 땅보다 더 탈환했다""…우크라 드론전 통했나",World
에너지 쇼크·금리 발작…'스파이크플레이션' 진입,World
"""이란 금전 보상 문제, 종전 협상 핵심 쟁점 부상""",World
"미·이란 종전 협상 진통‥이란 ""보상 먼저"" vs 미국 ""핵 포기 먼저""",World
“마취총 쐈는데 오히려 흥분”…日 후쿠시마 제철소 곰 공격에 4명 다쳐,World
텍사스서 '살 파먹는 기생충' 나사벌레 감염 송아지 발견…60년 만에 처음,World
美 국채보다 金 쟁여놓는 각국 중앙은행들,World
인니 통화가치 역대 최저치 경신…급락한 증시도 5년 만에 최저,World
"""UFO는 마귀 장난""이라고 했다가…美 신부, 구마사제직 박탈",World
미국 중재로 이스라엘·레바논 휴전했지만…양측 공격은 계속,World
"""차세대 원전 여기서 시작""…SK가 투자한 SMR 건설 속도",World
"""이란 금전보상 문제, 종전 MOU 쟁점 부상""",World
‘러시아 다보스포럼’ 맞춰 우크라 드론 공습…전시장 창문 너머로 연기,World
"네타냐후, 美 '이스라엘 무상원조 중단' 결의안 지지…""자립할것""",World
미국 국무장관 “검열로 톈안먼사태 지울 수 없어”… 중국 “내정간섭” 반발,World
중국이 지운 ‘천안문 사태’ 37주년...美국무 “어떤 검열도 과거를 지울 수 없다”,World
"美 공화당도 ""전쟁에 지쳤다"" 반기… 트럼프, 협상서도 갈수록 곤경",World
공화 4명 이탈에 판 뒤집혀…트럼프 이란전 추진력 흔들[美-이란 전쟁],World
"""헝가리, 러·우크라 협상 중재할 수도""…신임 머저르 총리 제안",World
이스라엘-레바논 휴전 이행 합의…미·이란 협상도 물꼬 트나,World
과일향 전자담배에 속았다?…수천개 유전자 변이 시켜 암 위험 높인다,World
트럼프 '충성파' 美정보수장?…공화당도 반발,World
"이란 최고지도자 ""적들 전장서 패배하자 내부 분열 조장""",World
"美 하원, 이란전 중단 결의안 통과…'상징적 조치'",World
"금, 세계 각국 중앙은행 준비자산 1위 등극…美국채 제치고 비중 27%",World
"대만총통, 톈안먼사건 37주년 맞아 中 비판…""폭력 억압 안돼""(종합2보)",World
"전 세계 인쇄회로기판 60%가 중국산…美 ""심각한 안보 위기""",World
"“우크라 전쟁, 왜 푸틴 결심만으로 끝낼 수 없나”-포린어페어즈",World
'에베레스트 하산 중 실종' 50대 네팔인 셰르파 6일 만에 생환,World
"美 '휴전' 발표 하루 만에…이스라엘 국방 ""레바논 지상전 지속""",World
"中, 대만 방문 뉴질랜드 의원 4명 '입국금지'…외교부간 설전(종합2보)",World
"우크라, 러 페테르부르크 공습…푸틴 연설 앞둔 국제경제포럼 겨냥",World
"美 유럽 사령관, 나토 동맹에 “전투기·무인기·군함 공백 스스로 메워라”",World
“동남아인데 열흘 넘게 비가 안와요”…역대급 엘니뇨 전망에 ‘식량 위기’ 경고등,World
오세훈 역전에 '2억 4천 돈벼락' 무슨 일? [포크뉴스],World
"[올댓차이나] 美 FCC, 중국산 장비 해저통신 케이블서 배제 추진",World
"[영상] 스웨덴 사브, 브라질 공군에 '2인승' 그리펜 F 첫 인도",World
"美국무 ""검열로 톈안먼사태 지울 수 없다""…中 ""내정간섭""(종합)",World
“중국은 들켰고 러시아는 쐈다”…미 항모 압박하는 괴물 잠수함들 [밀리터리+],World
"젤렌스키 ""푸틴과 직접 협상할 준비돼…美 관심 온통 이란에""",World
"미 정보수장에 ‘트럼프 정적 저격수’ 임명…“권한 남용 할까, 소름 끼쳐”",World
[Why] “처칠 대신 개구리”… 영국이 지폐 도안을 바꾸는 이유,World
"[르포]""빌 게이츠 구상에 SK 팔걷어""…美와이오밍서 핀 '미래 원전'",World
"日증시, AI주 차익 실현에 하락 마감…닛케이지수 1.36%↓",World
이스라엘·레바논 휴전 합의로 일단 ‘급한 불’ 끈 미·이란···쿠웨이트 공습 등 불씨 여전,World
호르무즈 봉쇄 여파...美 원유재고 22년 만에 최저,World
"이란, 쿠웨이트 공습 정당화…""미국에 시설 제공""",World
"트럼프 ""이번 주말에라도 합의 가능""…협상 낙관",World
"1,100km 날아온 드론 '쾅'..러시아 제2도시 '대혼란'",World
모건스탠리 “메모리 병목…PC·스마트폰으로 ‘칩플레이션’ 야기”,World
[포착] 중국판 알박기?…中·필리핀 영유권 분쟁 암초서 정체불명 구조물 발견,World
"美 테라파워 CEO “AI로 급증한 전력수요, SMR이 최적의 미래”",World
"뉴질랜드 의원들, 중국行 티켓 강제 취소된 이유",World
스페이스X 공모가 주당 135달러... 머스크는 세계 최초 '조만장자'로,World
"이스라엘 극우장관 ""레바논과 휴전 합의, 심각한 실수"" 맹비난",World
"트럼프, 신임 법무장관에 '충성파' 블랜치 낙점",World
"美, 나토·캐나다에 “군용기·군함 뺄테니 공백 메워라” 통보",World
美하원 '이란전쟁 중단' 결의안에 공화당서 이탈표…수세 몰린 트럼프,World
"역사상 최대 IPO 스페이스X, 공모가 135달러 확정…한국 개인은 왜 못 사나",World
"'메모리 기존 사이클 벗어나' 모건스탠리 ""칩플레이션 번진다""",World
"유럽, 美·中 IT 패권 틈바구니서 국가 핵심 인프라 ‘독자 생존’ 선언",World
"""카드 결제중지·호텔 철수""... 미국 제재에 쿠바 '엑소더스' 가속",World
제조업 황금기 연다더니…9천억불 약속에도 美공장 착공 부진,World
"메타, 뮤즈 스파크 API 출시 또 연기…막대한 투자금 회수 '시험대'",World
휴전 후에도 가자 군사기지 늘린 이스라엘…위성사진에 40곳 포착,World
"'트럼프 변호사' 블랜치 대행, 정식 법무장관 낙점…충성 인정한듯",World
[월드 이슈] “하원을 지켜라”…선거판 흔드는 트럼프,World
"쿠웨이트 공항, 이란 공격에 운영 중단…이란 “총성엔 미사일로 대응”",World
"우크라, ‘러시아판 다보스포럼’ 개막 앞두고 상트페테르부르크 공습",World
미·이란 휴전 중 ‘최대 충돌’…쿠웨이트서 1명 사망∙63명 부상,World
이란 전쟁 처음으로 막아선 美 의회...공화당도 4명 합류,World
"美국무장관, 트럼프 '조는 모습' 놓고 의원과 설전…""본 적 없어""",World
"“中 간첩들, 거액 주며 국가기밀 요구” 서방 5개국 첫 공동경고문 발표",World
화성의 과거 추적한 11년… NASA ‘메이븐’ 임무 공식 종료,World
"'민주당 텃밭' 캘리포니아서 친트럼프 주지사 후보 선두 ""세금·생활비 정책 공략""",World
"이스라엘-레바논, 헤즈볼라 철수 전제 휴전 합의…이행은 ‘불투명’",World
"트럼프, 美 법무장관에 ‘개인 변호사’ 출신 토드 블랜치 지명 할 듯",World
"라트비아군 참모총장 ""러, 2028년 말까지 발트3국 침공 가능성""",World
美 원유재고 22년 만에 최저…중동 공급 공백 메우다 고갈,World
‘미래 원전’ SMR 짓는 빌 게이츠…SK 등 韓기업이 ‘날개’ 달았다[르포],World
"불화설 속 트럼프 ""네타냐후 미쳤다 했다""…네타냐후 ""전술적 이견"" 일축",World
AI 전력난 시대···한국 기업 참여로 지어지는 미국 최초 ‘4세대 SMR’ 현장 가보니,World
"외신 ""서울시장 패배, 與 승리에 찬물""(종합)",World
미·이란 또 다른 협상 난관은 ‘동결 자금 해제’···트럼프 “오바마보다 못한 합의 안 돼”,World
"中 해경, 대만 동쪽해역서 첫 단독 순찰…일본·필리핀 EEZ 협상 빌미",World
"""치료제도 백신도 없는데 벌써 220명 사망""…'비상사태 선포'에 CEPI 나섰다",World
"브로드컴 ""내년 AI칩 연매출 목표 유지""…주가는 14% 급락(종합)",World
AI열풍에 더 부유해진 세계 부자들…자산 98조달러 돌파,World
"최고 티켓 3억4000만원, 가장 싼 티켓 611만원…27년 만의 NBA 파이널에 뉴욕이 들썩인다",World
"""더운데 물도 못 들고 간다고?""…폭염 속 월드컵 경기장 '물병' 반입 금지에 '시끌'",World
"""트럼프, 미군 사망자 없으면 이란 전면전 안한다고 밝혀""",World
"‘푸틴 고향’ 때린 우크라, 러시아는 “공격당하면 핵무기로 대응”",World
"초유의 투표용지 부족사태…美 법원 개입, 獨 재선거 등 후폭풍 컸다",World
이란戰 레드라인 제시한 트럼프…“미군 사망자 없는 한 전면전 없다”[1일1트],World
‘막판 변수’ 이스라엘·레바논 휴전…트럼프 “주말 종전 합의 가능”,World
"美 ""군용기·군함 감축 공백 메워라""…나토 동맹에 통보",World
'AI 실탄' 더 늘리는 알파벳…유상증자 123조 원→130조 원,World
히말라야 첫 걸음은 늑대바위 공략부터 [강의실에서 히말라야로 ④],Culture
“터지기 전엔 모른다”…30~40대도 안심 못하는 ‘이 병’,Culture
"VIP, Very Important Person, Very Important Patient",Culture
[날씨] 전국 구름 많고 동쪽엔 소나기...당분간 이맘때 초여름,Culture
[날씨] 당분간 예년 초여름 날씨…동쪽 곳곳 소나기,Culture
“나쁜 콜레스테롤 줄었다”…전문가들이 매일 먹으라고 말한 ‘이 음식’ [헬시타임],Culture
전국 흐리고 곳곳 산발적 비…오후 일부 지역 소나기 [오늘 날씨],Culture
사람에게 물려 귓바퀴 떨어져 나간 20대 男…성공적으로 재건한 모습 보니?,Culture
빵 부풀리고 면발 쫄깃하게 하는 건 밀가루 반죽 속 글루텐,Culture
“환자 1명당 사례비 30만원”…불법 판치는 혈액투석,Culture
“마음이 긴장하면 몸은 생식을 후순위로 미룬다”,Culture
심혈관질환과 거리두기...커피 2잔에 과일 디저트,Culture
[출근길 YTN 날씨 6/8] 오늘 구름 많고 이맘때 초여름...동쪽 곳곳 소나기,Culture
전국 흐리고 곳곳에 비 …돌풍·천둥·번개 동반 주의(종합),Culture
[출근길 날씨] 흐리고 더위 주춤…동쪽 소나기,Culture
"""160엔 뚫리기 전에 간다""…일본행 티켓 잡는 한국인 70% 폭증",Culture
낮에 너무 졸리면 단순 피로 아니다?…의사에게 꼭 물어야 할 7가지,Culture
젠슨 황이 입에 댄 건 다 잘 팔린다…HBM칩 과자 매출 766% 폭증,Culture
[날씨클릭] 당분간 더위 주춤…오후 동쪽 곳곳 소나기,Culture
"유통기한 지난 부침가루, 커피믹스…버리기 전 재활용하는 방법",Culture
통증 없어도 혈뇨 나오면 상부요로암 검사 필요,Culture
스마트폰 놓지 않는 2030 눈 ‘노인성 안질환’ 시달린다 [건강+],Culture
"“얼굴, 몸에 열꽃이?” 이채영, 갑자기 피부 ‘확’ 뒤집어진 이유는?",Culture
20세 ‘유튜버’의 화려한 할리우드 데뷔···시작은 온라인 괴담 사진이었다,Culture
[날씨] 당분간 이맘때 초여름 날씨…오늘 흐리고 동쪽 소나기,Culture
[오늘 날씨] 전국 흐리고 곳곳 소나기…천둥·번개 주의,Culture
"""문화강국을 꿈꾼 지도자, 이미 200년 전 조선에 있었다""",Culture
"“회전근개 부분 파열, 콜라겐 주입술로 힘줄 재생까지 기대” [Health&]",Culture
"‘베타아밀로이드’ 축적 막는 은행잎, 어지럼증·간헐성 파행증에도 도움",Culture
고령화로 망막 질환 환자 급증…치료제 시장 경쟁도 치열 [health&],Culture
"시원찮은 소변, 노화 탓 아니다…50대男 절반 겪는 병 [Health&]",Culture
"[Health&] 고혈압·이상지질혈증 동반 환자, 국산 복합제로 치료 효과 높여",Culture
6월인데 선선하네?…더위 주춤 내륙 소나기,Culture
폐지 줍던 엄마 건물주로…가난 공포 ‘부동산’으로 지운 서인국·지디·조권,Culture
"“많이 안 먹는데 왜 안 빠지지?”…4050 뱃살, 첫 젓가락부터 바꿔야",Culture
[대중문화 만화경] 언제까지 우르르 몰려다니는 좀비처럼 살 것인가,Culture
"기록적 폭염에 훼손되는 수메르문명 유적, 홍수 위기에 빠진 베네치아",Culture
20년간 한국전 참전용사 7700여명 초청… “기억-보답하는 게 당연”,Culture
"“비틀스, 매니지먼트 문제로 의견 갈려 결별”",Culture
“복지 넘어 홀로 남겨진 이들에 가족 같은 교회 세워갈 것”,Culture
“주인 아닌 친구로 왔다” 화성 ‘바란’의 나그네 된 선교사,Culture
[오늘의 설교] 인공지능 시대 성도의 처신,Culture
"“설탕 퍼먹는 꼴” 아침에 흔히 먹는 음식, 당장 끊어라",Culture
"[빅데이터가 점지한 오늘의 운세] 2026년 6월 8일 월요일(음력 4월 23일, 계축일)",Culture
"“암 부른다” 대장 보는 의사들, 만장일치로 경고한 음식은?",Culture
국립발레단장 내정설에 단원들 ‘반발’… 최 장관 “루머”,Culture
[단독]“제네시스 ‘고성능-내구성’ 증명… BMW-페라리와 어깨 나란히”,Culture
"“칼로리·혈당지수 낮은 재료” 엄정화도 먹는 면 요리, 뭘까?",Culture
지구상 가장 고급스러운 SUV… 12기통 ‘롤스로이스 컬리넌’ 타보니,Culture
[강양구의 블랙박스] 어느 집단에나 40%는 상황에 따라 이기적 또는 이타적,Culture
"“32kg 감량” 40대 男, 간식으로 먹은 음식 봤더니?",Culture
탄수화물은 다이어트의 적? “‘이렇게’ 먹으면 오히려 좋아”,Culture
“장·혈관 깨끗해진다” 매일 먹으라는 ‘의외의 음식’,Culture
"96세 노병의 확신 “발전한 대한민국 보며 우리의 희생, 가치 있었다”",Culture
치맥·냉면 먹고 호두과자 선물받고…'젠슨 황 효과'에 웃는 외식업계,Culture
[우리시대의 영화㊳밀양] 용서조차 구원받지 못한…비밀의 햇볕 ‘밀양’,Culture
“체력 안 좋아졌네” 계단 오르는데 ‘헉헉’…생존율 50% ‘이 병’이었다,Culture
가정연합 “파라과이 마약 의혹 이미 무혐의 종결…시사저널 보도 사실 왜곡”,Culture
고물가에 허리 휘는데 불티나게 팔리는 명품...백화점만 웃는 3가지 이유,Culture
[날씨] 전국 흐리고 곳곳 비…서울 낮 최고 27도,Culture
스페인 찾은 교황 “양극화 부채질 멈춰라”,Culture
“잠들기 전 딱 15분만”…불 끄고 스마트폰만 봤을 뿐인데 눈 망가지고 있다 [헬시타임],Culture
"조수빈 아나운서 “‘소도’된 선관위, 해체 아닌 분쇄돼야”",Culture
백발이 된 주인과 함께…48년 만에 고향 찾은 ‘그 시절 최고급 세단’,Culture
[날씨] 내일 한낮 25도 안팎 '더위 주춤'…동쪽 소나기,Culture
“하루 종일 커피 마셔도 피곤해” 가볍게 넘겼는데 ‘암’이었다… 잘 때 땀에 흠뻑 젖는 증상도,Culture
독일 거주 남편 투병에 사망 신고 못해…허수경 시인 유고시집 8년 만에 나왔다,Culture
"“시험 앞두고 눈코귀에서 피가 줄줄”…11세 소년, 피 흘리는 이유는?",Culture
30년 '암 전문의'도 매일 아침 먹는다…'이 음식' 뭐길래 [건강!톡],Culture
"[날씨]밤사이 전국 비, 내일 오전 그쳐…예년 기온 계속",Culture
“단 거 그렇게 참았는데 뱃살은 그대로네?”…식단 전문가 꼽은 ‘이 습관’ 꼭 지켜야 [헬시타임],Culture
[날씨] 월요일 평년 기온 밑돌아... 강원·남부 내일 오전까지 비,Culture
"무릎 아프면, 러닝 잘못하고 있다는 신호… ‘전문가 추천 3단계 훈련법’",Culture
[날씨] 내일 흐리고 동쪽 소나기…더위 누그러져,Culture
"박보영, 투표용지 사태 ‘댓글 테러’에 “타격 없다”",Culture
“거장이 돈에 넘어갔다” 마틴 스코세이지 AI기업행에 할리우드 시끌,Culture
물 충분히 마시고 발 건강 챙기세요 [9988 프로젝트],Culture
전 세계 덮친 에볼라 공포… 한국도 방역망 풀가동,Culture
서 있기만 해도 뇌가 꽉 찼다…전화 받다 넘어지는 이유,Culture
"“몸매 필요없어” 안선영, 나이 들수록 ‘이것’ 관리 당부…뭘까?",Culture
"‘빨간 립스틱’문신 27세女...입술 거무튀튀 변해 낭패감, 그 까닭은?",Culture
"자주 접질리는 발목, 이미 만성화 단계… 대처법은?",Culture
"초간편 여름 밥도둑 반찬, 이만한 게 없습니다",Culture
"""오늘 '야푸'는 BBQ치킨"" 젠슨 황, 시구전 야구장에 113마리 주문",Culture
[전문의칼럼] 불면증이 질병 부른다,Culture
"‘치킨에 진심’ 젠슨황, 야구장서도 113마리 주문…BBQ·깐부치킨 또 먹는다",Culture
[5시 날씨] 내일 오전까지 곳곳 비…예년 초여름 기온,Culture
"급조된 방구석 뉴스룸, 온 가족의 마음을 이어주다",Culture
"“어, 혈관에 기름 찌꺼기”… 고지혈증, 고혈압 다 있는데 거리에서 흡연까지?",Culture
"""평상이 건물로 들어왔다""…자연을 보고 쉼을 얻는 카페 [커피와 공간 '끽(喫)']",Culture
[날씨] 더위 주춤 하지만 곳곳 비…해안가 너울 주의,Culture
비행기 통째로 빌렸다…당신을 위한 꿈의 세계일주,Culture
세종시 빌딩에 웬 딸기농장 … 일년내내 편히 드세요,Culture
"더운데 회는 먹고 싶을 때, ‘곁들이면 좋은 식품’은?",Culture
국립발레단 새 단장 놓고 내홍… 단원들 반발에 문체부장관 “헛소문”,Culture
"박보영, “투표용지 부족엔 아무말도 없냐” 불똥에 “타격 별로 없어”",Culture
“목에 뭔가 걸리는 느낌인데” 그냥 넘겼다간 ‘큰일’…암일 수도 있다는데 [헬시타임],Culture
"젠슨 황, 정의선 회장과 냉면 회동…8일 현대차 양재사옥 방문",Culture
"""폐렴구균 백신 '21가' 접종 권고…당뇨환자·흡연자도 맞아야""",Culture
"치매 직전 뇌, 이 금속 없었다…“물 잘 마셔라” 뜻밖 예방법",Culture
"국립발레단, “낙하산 인사 반대” 입장문에…문체부 장관 “허황된 루머”",Culture
'삼쏘'에 치킨·칼국수·삼계탕까지…젠슨 황의 'K-푸드 로드',Culture
"""대만족"" 최은경, '이 수술'하니 피곤해 보인단 말 안 들어… 전후 사진 보니?",Culture
"기차 타고 파크골프도 치고…맛집, 관광 명소 탐방까지",Culture
"틱톡카 나오나 했더니…바이트댄스, 중국 전기차 협업설 부인",Culture
美 참전용사 “고맙다 소리 들을 때 마다 가슴 벅차”,Culture
한국전 참전 90대 미군 노병의 눈물…“싸울 가치 있었다”,Culture
"젠슨 황-정의선, 우래옥서 평양냉면 회동…8일 현대차 방문",Culture
"“죽은 사람은 누구의 것인가”…AI시대, 인간이 마주한 상실의 여정",Culture
사망신고도 못 한 채 8년···허수경 유고시집이 세상에 나온 이유,Culture
[날씨] 남부·중부 곳곳 비…주 중반까지 낮 더위 주춤,Culture
중년 부부가 상추쌈에 후식으로 사과 먹었더니…몸에 어떤 변화가?,Culture
아이스크림 먹다 머리 ‘띵’…설마 병은 아니겠지?[건강팩트체크],Culture
남은 수명 좌우하는 ‘다리 힘’…내 하체 근력 점수는?,Culture
생블루베리는 왜 100g씩 팔까?… 한 팩에 담긴 ‘권장 섭취량’ [FOOD+],Culture
[자막뉴스] 500mm 폭우 쏟아진 일본...올여름 한반도 예고편?,Culture
"서울시, 기후동행카드 30일권 월 3만원 환급…10일부터 접수",Culture
“마약한 줄 오해” 치아 다 뽑고 틀니 한 22세女…영양소 결핍 탓이라고?,Culture
"메뉴판에 ‘이 경고’ 붙였더니…단 음식 주문 줄었다, 왜?",Culture
"[단독] ‘와, 손기정!’ 사인 받는 독일인들…‘KOREAN 1936’ 또 썼을까",Culture
국립발레단 “낙하산 단장 반대” 입장문… 문체부 장관 “뜬소문”,Culture
암이 걱정돼 고기 끊었다면…다시 봐야 할 육류의 진실 [박민선의 건강톡톡],Culture
“퇴근 후 씻으려고 그릇 담가뒀는데”…식중독균 키우는 뜻밖의 주방 습관,Culture
"“사후세계 있다”는 서울의대 교수, 방광암 걸리자 한 일",Culture
[날씨] 전국 흐리고 곳곳 비…당분간 예년 초여름 날씨,Culture
“희생 결코 잊지 않겠다” “우리 도움 이렇게 오래 기억해주는 나라 없다”...韓美 노병들 한 마음 된 보은의 밤,Culture
[12시 날씨] 휴일 비 소식…예년 초여름 기온,Culture
"강남, “양말 신다가 아파서 병원으로”… 수술까지 받은 사연은?",Culture
“조개 캐다 갇혔다”…갯벌에 발 빠졌다면 ‘이렇게’ 빼야 [알쓸톡],Culture
한여름에도 부족해지기 쉬운 영양소…달걀보다 ‘비타민D’가 많은 식품 6가지,Culture
"'대동강 편지' 부르던 청년, 호남서 진보당 광역의원 되다",Culture
"“황형, 정말 한식 좋아하시네요”…삼겹살·치맥 이어 삼계탕 맛집 찾은 젠슨 황",Culture
"""커피가 얼마나 잔인한 음료인 줄 아나?"" 유학생 각성시킨 미국 교수 [커피로 맛보는 역사, 역사로 배우는 커피]",Culture
하루 세 끼만 꼬박꼬박 먹고 살 수 있나...중년의 현명한 간식 섭취법,Culture
"손 흔들면 ‘출렁’… 한가인 “팔뚝살 ‘이렇게’ 빼세요”, 효과 최고?",Culture
"국립발레단원, 이례적 '일동 입장문'… 예술계는 왜 인사에 민감해졌나",Culture
더우면 칼로리 소모 줄어든다… 여름 다이어트 팁 5,Culture
“의사가 하지 말라는 이유 있다”… 모발이식 권위자가 본 후회하는 사람들의 공통점 [의사소통],Culture
“하루 종일 틀어야 하나? 전기요금은 얼마?”···장마철 제습기 200% 활용법,Culture
국립발레단장에 李캠프 출신?…문체부 장관 “사실무근”,Culture
젊다고 심장병 안심 못해...심장 건강 지키려면 어떻게?,Culture
“비만약 맞았는데 생리를 안 해요” 소문 무성했는데…연구진 “진짜 부작용 맞아” [헬시타임],Culture
정체불명 ‘웅웅’ 소리의 비밀…연구진 “저주파 이명 가능성 높다”,Culture
"[프리즘] ""여름이 무서워요""…더위에 쓰러지는 노인·노동자",Culture
“회사도 학교도 잘 다니는데 공허해요”…‘고기능 우울증’ 뭐길래,Culture
‘5선’ 오세훈 시장…논쟁의 ‘한강버스·세운지구 재개발’ 사업 향방은,Culture
"""잠실 시위, 아이유가 왜 거기서 나와""…SNS 찾아가 커피 지원 요구 논란",Culture
겨울보다 무서운 여름 심장병… 폭염 속 심근경색 주의보 [건강+],Culture
국립발레단 '낙하산' 단장 인선 논란…최휘영 장관 “허황된 뜬 소문”,Culture
"도요타 ""수소엔진 개발, 협업으로 속도…현대차와 기술 공유 가능""",Culture
“콜레스테롤 폭발” 피해야 하는 아침 식사 메뉴는?,Culture
[돈+Cars] 그랜저 샀더니 스마트폰이 따라왔다…국민세단의 브레인 진화,Culture
“갑자기 불꽃 튀어”…‘멀티탭’에도 유통기한 있다,Culture
고양이 털을 깎으려는 사람들에게 [임보 일기],Culture
“젠승 황도 삼겹살에 소맥”…다음날 멀쩡하려면 ‘이렇게’ 마셔라?,Culture
[신간] 불안은 어디서 오는가…'돈 때문에 불안하다는 착각',Culture
“삼겹살 반값이네”…돼지 앞다리살에 양배추·양파 ‘맛성비 삼총사’,Culture
"[헬스토크] 심근경색 환자, 겨울보다 여름에 많아…탈수·냉방 탓",Culture
"“삼계탕 저리 가라네”…닭가슴살로 닭곰탕 ‘단백질 듬뿍, 이게 보양식’",Culture
긁어도 낫지 않는 가려움…피부 아닌 몸속 질환의 신호일 수도,Culture
“더워도 너무 덥네” 에어컨 빵빵 틀었다간…‘이 병’ 발생 위험↑ [헬시타임],Culture
중국은 2조 쏟아붓는데...'몇백억 쓰는 것도 힘들다' K테마파크 돌파구는,Culture
"""시원하다, 시원해"" 감탄…금값 뛰더니 20대 '최애템' 됐다",Culture
"[7시 날씨] 휴일, 전국 흐리고 비…평년 수준 기온",Culture
"관광객 많이 찾는 단종 유배지, 천하 대명당으로 보긴 어려워",Culture
"“어쩐지 발바닥이 너무 아프더라”…고유가 시대, 뜻밖의 경고[일터 일침]",Culture
“보약 같다” 선우용여가 추천한 ‘기력 회복 음식’은?,Culture
왜 그 사람의 답변은 오래 기억될까 [새로 나온 책],Culture
라 스칼라 자존심이 택한 정명훈…그를 둘러싼 정치·예술의 광시곡,Culture
"""한국 롤러코스터 재밌네"" 잘나가던 K테마파크...발길 줄어든 이유",Culture
항암제 내성 전이암 치료 길 열리나…암세포 골라 공격하는 신물질 발견,Culture
"[날씨] 휴일, 이맘때 초여름 날씨...흐리고 곳곳 비",Culture
"""車 담당 기자라고? 그럼 이차 타봐야지"" BMW M340i[시승기]",Culture
"‘비폭력’ 뒤에 숨은 소름돋는 치밀함…위협적인 전략가, 마틴 루서 킹 [Book]",Culture
"한국 여름 더위에도 '가죽 재킷' 젠슨황…""전투복·브랜드 구축""",Culture
"""친구들과 ‘이것’ 한입 먹고""…물도 못 삼키더니 전신 마비된 24세女, 무슨 일?",Culture
밥 먹고 ‘이것’ 먹었다간 혈당 쭉 오른다… 의사 경고 음식은?,Culture
우회전 보행자 교통사고...딱 이것만 잘 지켜도 사고 안난다,Culture
"[날씨] 일본 강타한 '장미'...6월 초부터 강력 태풍, 올여름 예고편?",Culture
“그냥 변비인 줄 알았죠”…대장암 진단 전 가장 ‘흔한 착각’,Culture
“눈 뜨자마자 아메리카노?”…첫 잔 ‘90분’ 늦춰야 하는 이유,Culture
"""주사 대신 알약"" 비만약 대격변…먹는 위고비 vs 파운다요 전격 비교[의사결정]",Culture
‘8kg 감량’ 박지윤… “먹으면 확실히 살찐다” 꼽은 음식은?,Culture
"“엄마, 이렇게 좀 해봐”…‘무릎관절염’ 쉬기만 하면 독",Culture
“매일 먹어도 좋아” 혈당 급등 막는 아침식사법,Culture
"최휘영 장관, 국립발레단장 내정설에 “허황된 뜬소문”…‘가짜뉴스’에 직접 등판",Culture
"‘11kg 감량’ 안선영, 아침에 챙겨 먹는 음식 봤더니?",Culture
“노화 늦춘다” 82세 여배우 실천하는 매일 아침 루틴은?,Culture
"국립발레단장 '李 사람 내정설' 술렁…최휘영 ""후보 명단에 없었다""",Culture
뱃살 방치했다가 당뇨에 심장병까지…내장지방 없애는 가장 빠른 방법 따로 있었다 [헬시타임],Culture
"""몸에 좋은 달걀 먹을 때 꼭 같이 드세요""⋯노년 눈·근육·기억력 지키는 '이 음식'",Culture
"“부장님, 저 내일 쉬겠습니다”…맨날 일만 하는 줄 알았던 한국 직장인들 ‘반전’",Culture
국립발레단장 인선 논란에 최휘영 장관 “허황된 뜬 소문”…내정설 일축,Culture
"""하루 5분이면 충분""...치매 전문의들이 권하는 뇌 살리는 습관",Culture
“락스 원액 그대로 쓴다고?”…오해하기 쉬운 락스 사용법 5가지,Culture
"“잠 잘 오고, 피로 풀려” 문가영, 자기 전 하는 루틴은?",Culture
"[뉴스9 날씨] 내일, 흐리고 점차 비…낮 기온 오늘보다 낮아",Culture
"48kg 임지연, 뼈말라 수영복 자태…아침마다 ‘이 음식’ 먹는다고?",Culture
[날씨] 내일 중부·남부 비…전국 하늘 '흐림',Culture
"단순 가려움증인 줄 알았는데…암이었다, 이게 무슨 일? [Health&]",Culture
내가 '오후 4시'에 저녁 식사하는 이유 [박창희의 비만 Exit],Culture
"1인당 26억씩 받는다…로또 1등 당첨 11명, 판매 명당은",Culture
"[날씨] 전국 흐리고 곳곳 비‥공기 질 청정, 오존 '보통'",Culture
"“음식 냄새가 전부 역하게 느껴졌다”…5년간 ‘이 증상’ 겪은 女, 무슨 사연?",Culture
"“상탈 위해 바나나도 끊었다”…허남준의 카니보어 식단, 괜찮을까 [바디플랜]",Culture
바나나만으론 부족하다…심장 건강 지키는 ‘칼륨’ 섭취법,Culture
강수진 후임 국립발레단장 인선 논란에…문체부 장관 “삼인성호” 고사성어 꺼냈다,Culture
[날씨] 내일 전국 흐리고 남부 비…예년 초여름 날씨,Culture
[날씨] 휴일 흐리고 예년의 초여름 날씨,Culture
[날씨] 휴일 초여름 날씨…내일 남부·제주 비,Culture
"“우리도 스벅 선결제 해줘” 잠실 시위대, 아이유 SNS 몰려가 요구",Culture
"비키니 입으려다 병원행?…""이러다 몸 망친다"" 경고 [건강!톡]",Culture
타르처럼 끈적한 ‘흑변’ 본 50대男...숨차고 어지럽고 배 아픈 이유는?,Culture
콜라·햄·라면 입에 달고 살면…치매 위험 최대 58% 증가[노화설계],Culture
강수진 후임 국립발레단장 논란에…최휘영 “삼인성호”라 답한 까닭,Culture
"문체부장관, 국립발레단 단원 입장문에 “허황된 뜬소문”",Culture
"국립발레단장 인선 논란에 문체부 장관 ""허황된 뜬소문""",Culture
“술·담배도 했는데”…요양원 안 가는 90대들의 공통점 3가지,Culture
"""주사기 구합니다""… 전쟁 여파에 신부전 반려동물 비상 [반려동물]",Culture
역사상 이런 군인들은 없었다... 나라를 지킨 무명용사들 [호준석의 역사전쟁],Culture
“국립발레단은 명예직 아니다” 단원들 첫 집단성명…최휘영 “내정설 사실무근”,Culture
"요즘 아이들이 책을 안 읽는다는 말, 다시 생각했다",Culture
"국립발레단 단장 인선 논란에…최휘영 장관 ""허황된 뜬소문""",Culture
"최휘영 장관 ""국립발레단장 인선 사실무근…백주대낮에 웬 호랑이 해프닝""",Culture
"[날씨] 현충일, 초여름 더위 기승...내일은 흐리고 남부 곳곳 비",Culture
"“고령 남성, 에어컨 ‘빵빵’ 피하세요”…땀 흘린 뒤 ‘이것’ 주의",Culture
마운자로 맞고도 못 뺐다…‘이긴자로’들의 뱃살 비밀 [Health&],Culture
"귀찮아도 챙겨 먹어, 초간단 ‘애호박&새송이 비빔밥’[주말&]",Culture
시야가 흐릿하면 의심해야 하는 ‘이 증상’…3040도 예외 아니다,Culture
"""지금 비행기표 사면 손해?""…여름휴가 앞두고 벌어진 일 [트래블톡]",Culture
"“할머니 같네” 악플에…기은세, ‘이곳’ 시술 후 시커먼 멍",Culture
"살 빼고 싶다면, ‘포만감 못 느끼는’ 식사법 고치세요",Culture
"“왜 자살하면 안 돼요?” 예일대 의사, 뜻밖의 답 꺼냈다",Culture
"서동주, 김규리 자택 강도범에 피해… ""도시가스 검침원 사칭해 침입""",Culture
“수석 전시장이 따로 없다”…등산 고수도 감탄한 '기암 절경' 월출산,Culture
97세 6.25 참전용사 아버지의 '마지막 소원',Culture
"“나이 들면 혈당 더 높아져”… 근육 감소 막는 달걀, 두부 꼭 먹는 사람은?",Culture
‘모자무싸’에 나온 ‘난감’…그 말이 더 난감하다 [.txt],Culture
노화 막는 블루베리… ‘효능 높이는 보관법’ 있다,Culture
"""역사 왜곡 '대군부인' 폐기하라""…현실적으로 가능한 얘기? [김소연의 엔터비즈]",Culture
“하루 종일 잠만 자고 싶다”…몸이 보내는 ‘이 신호’일 수도?,Culture
"“난, 죽어도 운동 싫어”...이런 사람, 딱히 나무랄 수 없는 이유 있다?",Culture
"더워서 몸 후끈해질 때, 찬 음료 대신 먹으면 좋은 것",Culture
일본서 늦고 청나라 눈치 보고…고종이 받은 첫 유럽 명품,Culture
"젠슨 황, 이번엔 BBQ서 '치맥'…황금올리브 먹었다",Culture
‘1984 동마 챔피언’ 이홍열 “모르고 막 달리면 ‘독’ 됩니다”[양종구의 100세 시대 건강법],Culture
“일주일 만에 제작비 14배 매출”…20세 감독 데뷔작 ‘백룸’ 인기 이유,Culture
“고기 충분히 먹고 있는데”… 몸이 보내는 단백질 부족 신호 10가지,Culture
국립발레단장에 李 사람? 단원들이 들고 일어났다,Culture
“지친 입맛 살리는 ‘꿀맛’ 레시피”…국산 아까시꿀 별미 요리 3종,Culture
"'면도, 기분전환'... 이발소 팻말 '기분전환'의 황당한 정체",Culture
엇! 갑자기 불어난 뱃살...중년 여성을 위한 특별한 살빼기 전략,Culture
추신수 안 먹는다는 채소 봤더니… “의외네”,Culture
사과 껍질이 끈적끈적한 이유…농약? 왁스? 먹어도 될까,Culture
"간판은 '피부과'인데…""아토피 진료 안 합니다"" 퇴짜",Culture
"“한국인들 아침에 달걀은 잘 챙기면서, ‘이것’ 유독 안 먹더라” [헬시타임]",Culture
여름철 뇌졸중 많은 이유가 “혈전” 때문...자주 움직이고 ‘이런 음식’ 먹으면 예방에 도움,Culture
"""올 때 사다줘"" 했던 그 아이스크림의 반전…미국서만 300억 넘게 팔렸다",Culture
"[영상] 제복 입고 들어선 어르신, ‘폴짝폴짝’ 환영한 국밥집",Culture
갑자기 바퀴벌레 생겼다면…택배 받은 뒤 쌓아둔 ‘이것’ 때문일 수도,Culture
티스푼으로 파낸 오이 속에 빨간 파프리카 콕콕…예쁘고 상큼하네[절로미식회],Culture
주말 산행 나섰다 ‘삐끗’…초보 등산객 무릎·발목 주의보,Culture
"'트럼프 관세의 역설'…도요타, 캠리 美서 만들어 日 역수입",Culture
"유퀴즈부터 시구까지…젠슨 황, 바쁜 방한 일정 이어간다",Culture
"“32kg 감량하고, 혈당 정상화” 美서 다시 뜨는 다이어트 방법은?",Culture
"현대차·기아, ‘토요타 안방’ 일본 다시 뚫는다…전기차·PBV로 재도전",Culture
"유산소와 웨이트, 선택 말고 번갈아 하라는 까닭[수피의 헬스 가이드]",Culture
“청소했는데 왜 또!”…여름철 벌레 안 생기는 집 만드는 법,Culture
"'이 동물' 내장 먹은 베트남 50대 男, 급성 패혈성 쇼크로 입원… 무슨 일?",Culture
"통풍 환자, 맥주만 끊으면 끝? ‘의외로 위험한 음식’ 3가지",Culture
커피는 뇌보다 장을 먼저 깨운다?… 매일 마시는 커피가 내 기분까지 바꾸는 이유는,Culture
"인도에서 온 ‘서울 덕후’, K-할머니를 만나다[오마주]",Culture
"""군체 보는 팁"" SNS 수두룩…호러보다 무서운 '15세 뚫기'에 극장 비상",Culture
혼자 사는 여성의 집수리 고민…“여성 수리기사가 해결해드려요”,Culture
폭염에 심장도 지친다…여름이 더 무서운 심근경색[콕!건강],Culture
"[momo톡] ""에어컨 켰더니 쉰내가""…장마철 전 해야 할 자동차 관리",Culture
“아직도 그걸 먹어? 당장 버려라”…‘한 입’만 먹어도 암 위험 쑥 오른다는데 [헬시타임],Culture
"“남자 키 175㎝, 존재감 없어”…‘1억 3000만원’ 사지연장술로 8㎝ 늘린 美변호사",Culture
혈당 다이어트에 좋은 땅콩버터,Culture
"“물 4ℓ 마시다 토할 뻔” 대장내시경 장청소 공포, 이젠 옛말[안경진의 약이야기]",Culture
수상자만 온다는 칸 폐막식…타란티노는 왜 '기생충' 잔치판서 들러리가 됐나,Culture
"코로나가 지나간 자리, 갑상선이 흔들렸다 [안철우 교수의 호르몬 백과사전]",Culture
[imazine] '신(神)들의 휴양지' 크로아티아 ② 스플리트,Culture
“아이 업고 산으로 튀어”…체력짱 엄마들 추천 ‘30대 명산’은?,Culture
"""중국도 2조 쏟아붓는데""…불편하고 먼 K테마파크, 갈 이유가 없다",Culture
[날씨] 고온 꺾이지만 곳곳 '기습 소나기'...해안가 너울 '비상',Culture
"""롤러코스터는 있는데 세계관은 없다""…韓 테마파크가 밀린 이유",Culture
“‘이런’ 약은 자몽과 먹지 마세요”… 두통 구토에 실신 위험도 있다고?,Culture
"61세 백지연, 평소 ‘이 음식’ 안 먹어…젊어 보이는 비결이었나",Culture
"""지하주차장까지 같이 가실?""…'군체'에 무릎 꿇은 쪼렙[쪼중만의 공포체험]",Culture
[한동하의 본초여담] 상한병을 치료할 때는 증상이 아닌 맥(脈)을 따라야 한다,Culture
"""44kg 살 빼도 이러면 다시 찐다""…요요 막는 비법은?",Culture
상반기 기술수출 13조…K-바이오에 쏠린 빅파마,Culture
"""한때 세계 10위였는데""…이제 '20위권'으로 밀린 韓 테마파크",Culture
"[김종훈의 Aging in Place]""여보! 부모님 댁에 낙상백신 놓아드려야겠어요""",Culture
달에 원자로 짓는 미·중·러…에너지패권 각축전[기후로운 경제생활],Culture
"“주스 한 잔이 문제였다?”…30세 이상 1400만명, 아침 혈당 흔드는 습관",Culture
"“얼렸으니 괜찮다?”…오래된 냉동고기, 해동 순간 ‘식중독 위험’ 커진다",Culture
“남들이 뭐라든 이 길을 가는 수밖에”… 최고 권위 ‘희곡상’으로 극작가 차범석,Culture
“의사가 추천” 강수지 꼭 먹는다는 영양제는?,Culture
"""5초만 만져도 큰일""...'이것' 바르고 영수증 만지면 안되는 이유 [헬스톡]",Culture
"망종(芒種), 세종대왕도 귀히 여긴 시간",Culture
"""시야 흐리고 빛 번진다면""…앤 해서웨이도 겪은 '이 질환' [김효경의 데일리 헬스]",Culture
"하루 2억원 벌던 전성기 사라진 자리, 편승엽이 5남매를 키워낸 방식",Culture
"배 나오고 예민해진 남편에게, ‘과일’ 챙겨 주세요",Culture
[세상은 하나님의 일터] “서비스 내역 투명하게 공개하는 게 고객 사랑의 방법”,Culture
"“아침 공복에 꼭 먹어라” 다이어트 중인 서인영, 선택한 음식은?",Culture
"""국민연금 30% 손해봐도 지금 탈래요""…조기수령자 100만명 시대",Culture
“췌장 살린다”… 약사들 꼽은 ‘최고의 과일’은?,Culture
"“아차, 오늘이었어?”… 반복되면 건망증 아닐 수도[베스트 닥터의 베스트 건강법]",Culture
전설을 품은… 그러나 그보다 더 그윽하고 친근한 바위들[여행스케치],Culture
"MZ도 홀렸다, MJ 매직",Culture
[책의 향기]인간 노동이 사라질까? 로봇은 아니라 말한다,Culture
[책의 향기]“저는 꿈을 꿉니다”… 마틴 루서 킹은 체스판에 올랐다,Culture
“궤양 생길라” 당뇨병 환자 알아둬야 할 ‘발톱 깎는 법’,Culture
“살이 저절로 빠진다”… 한의사가 ‘혈당 안정에 최고’ 강조한 5가지,Culture
"노인은 부족, 청년은 과신…단백질 열풍의 역설",Culture
빅테크 억만장자들이 그리는 미래와 그 허상,Culture
튀르키예 ‘붕대 투혼’ 토백이의 집강아지 견생2막 [개st하우스],Culture
“잠결에 성적 행위 반복”… 아내 손에 끌려 병원 간 남성,Culture
"""40대부터 뱃살 확 찐다""⋯20대 몸매 되찾고 싶다면 '이 음식' 꼭 먹어야",Culture
"[라인W 날씨] 현충일, 초여름 날씨 이어져…강한 자외선",Culture
"[날씨] 현충일 한낮 초여름 더위, 자외선 강해…큰 일교차",Culture
살 뺀다고 닭가슴살만 드세요? 돼지고기 ‘이 부위’ 다이어트에 좋다는데,Culture
머리만 대면 잠든다? 전문가 경고한 뜻밖의 건강 문제,Culture
유기농이 무조건 좋다고? 유기농으로 꼭 사지 않아도 되는 식품도 있다 [라이프],Culture
[날씨] 현충일 한낮 초여름 더위…큰 일교차 유의,Culture
"부동산 불평등, 기독교인 인식은?…""문제는 맞는데 교회는 침묵""",Culture
컵에서 물 비린내 나는 이유…설거지할 때 ‘이 습관’ 바꾸면 냄새 안 난다고?,Culture
샤워기로 입 헹구는 사람 보세요… “아주 위험한 행동”,Culture
“2년마다 대장 용종 7개 뗐는데 확 줄어”…55세 미나 살린 ‘아침 식단’ [라이프+],Culture
[날씨] 주말 맑고 초여름 날씨…일요일 경북 비 조금,Culture
"""1박 100만원"" BTS도 저격한 '부산 바가지'…절·교회 ""우린 무료""",Culture
"""패륜적이고 폭력적"" 이승환, 만화가 윤서인 고소 예고",Culture
"“나이 들어서 아니다” 몸에서 ‘이 냄새’ 나면 파킨슨 전조증상, 의사 경고",Culture
"초고령사회, 교회의 존재 이유를 다시 묻는다",Culture
[주말 날씨] 하늘 맑고 더운 날씨 이어져···강한 자외선 조심하세요,Culture
"""음식 삼키면 심장 멈춰""…식사 때마다 실신하는 女, 전 세계 150건도 안 되는 병이라고?",Culture
"아이폰 ‘비’ 갤럭시 ‘맑음’…‘같은 곳, 다른 예보’ 기상청은 억울하다?",Culture
“심장병 위험 20% 낮춘다” 매일 먹어도 좋은 ‘흔한 음식’,Culture
대하소설 '금강' 쓴 한만수 작가 별세,Culture
"[뉴스7 날씨] 주말, 초여름 더위 계속…자외선 강해",Culture
"""양말 신다가 디스크 터졌다""…강남, 촬영 중단 사태",Culture
‘잇치’가 ‘이치’ 될 뻔한 사연 [우리 약史],Culture
"아침 공복에 즉석 식품 자주 먹었더니…혈당 스파이크, 체중에 변화가?",Culture
"""이게 한국 술이라고?"" 에드워드 리와 K-위스키가 만나다",Culture
40년 저금리 특수 종언…돈의 질서가 바뀐다[북스&],Culture
“미국서 뜨자 한국이 알아봤다”…K브랜드 성장 공식 바뀌었다,Culture
'망한 아이돌'에서 대기업 직장인으로…실패 이후의 이력서,Culture
유방암 치료한 50대女...1년 후 또 혈액암 진단받은 불행의 씨앗은?,Culture
“특정 칩에 묶이지 말 것”… 모빌리티 공급망 ‘디커플링’ 혁명,Culture
폐암 발병 5년 전 예측한다…혈액 단백질 표지자 확인,Culture
“그냥 버리기엔 아깝잖아” 반찬으로 재탄생한 수박 껍질?,Culture
[퇴근길 날씨] 내일 대체로 맑고 초여름 더위…자외선 강해,Culture
"[책마을] ""차별의 시선도, 동정의 시선도 없이…사람은 오직 사람으로만 대했으면…""",Culture
[책마을] 40년 저금리 시대 끝…무엇이 돈의 질서를 바꾸나,Culture
[책을 읽읍시다] 이승만 그는 누구인가,Culture
"피부과 전문의 추천, 보습제 바른 뒤 ‘이것’만 해도 피부 좋아진다는데…뭘까?",Culture
학폭 가해자에 ‘사이다 액션’…원작 논란 넷플릭스 ‘참교육’ 공개,Culture
빚더미 깔린 청년…'구조적 재난'이 된 부채,Culture
"프랑스가 간직해온 고종의 선물, 140년만에 韓서 다시 피어나다",Culture
영생 연구·화성 정복 작전…과학의 탈을 쓴 권력전쟁,Culture
부모가 받는 극한 스트레스 … 자녀의 유전자까지 뒤튼다,Culture
케네디까지 이용한 킹 … 그는 치밀한 전략가였다,Culture
고레에다 ‘상자 속의 양’ 챗GPT와 써보니 “첨엔 내 각본 칭찬하더니…”,Culture
"망고·수박이 최악?…전자담배, 과일향이 암 위험 더 높았다",Culture
요즘 스트레스 많으시죠? 복통·소화불량 조심하세요,Culture
'오십견'인 줄 알았는데... 60대의 자가진단이 부른 비극,Culture
"상추 한 봉지에 담긴 정성, '금추'가 따로 없습니다",Culture
'251조 자산가' 젠슨황이 선택한 의전 차량은? [젠슨황 2차 깐부회동],Culture
"""염증 방치했다간 암·치매·당뇨""⋯음식에 '이 가루' 살짝 뿌리면 싹 가라앉아",Culture
매시브 어택이 커버한 서태지 ‘시대유감’ 화제…펜타포트 공연서 부를까,Culture
기술은 모방돼도 권리는 남는다…자율주행 시장의 마지막 승부,Culture
"교과서 속 장마 개념 바뀐다…기상학회 “장마 정의 확장, 오호츠크해 고기압 배제”",Culture
"임신성 당뇨, ‘2형 당뇨병’의 신호일 수도",Culture
"'블랙리스트 전공의' 면허 취소에…의협 ""과잉처벌·직업적 자유 침해"" 반발",Culture
"“양말 신다가 극심 통증”…강남, 허리디스크 터졌다",Culture
근육 위해 먹지만… 단백질 보충제로는 한계 있어,Culture
"""콩물만 마셨는데 3kg 감량?"" 이소라, 직접 만든 '콩 스무디', 뭐 들었길래?",Culture
"아우디, 최고속도 350km 슈퍼카 '누볼라리' 공개…499대 한정",Culture
커피 마신 후 물에 흘려버린 ‘이것’… 싱크대 배관 꽉 막힌다고?,Culture
[날씨] 내일 현충일도 예년 초여름 날씨...일교차·너울 조심,Culture
“탄수화물 먹었더니 더 젊어져” 반전 결과…4주 만에 노화 되돌리는 식단,Culture
흐린 날엔 안 발라도 된다?…피부과 의사들이 답답해하는 선크림 상식,Culture
100세까지 건강하게 살고 싶다면?…장수 전문가들이 꼽은 7가지 아침 습관,Culture
"연세의료원 노조, 임금 8.1% 인상 요구… 작년 대비 눈높이 껑충",Culture
"""사용자 80% 급증"" GM의 '이 기술'…국내서도 통한 슈퍼크루즈",Culture
"'효도 유세' 끝낸 강릉시장 당선인 가수 아들…""본업으로 돌아가 증명할 것""",Culture
"최강 몽골군도 줄행랑, 인제 한계산성 개방 초읽기[함영훈의 멋·맛·쉼]",Culture
"""'이곳' 마사지하면 즉효""… 잇지 리아, 직접 밝힌 '직각 어깨' 만드는 법은?",Culture
"""버스 안에서 지릴 뻔""⋯기절까지 부르는 '급똥', 참는 법 따로 있다 [헬스+]",Culture
‘1001마력’ 아우디 누볼라리 공개…“제로백 2.6초 하이브리드 슈퍼카”,Culture
"파산 신청자에게 돌을 던져라, 車사고 내고 보험처리 안 할 사람만",Culture
논문 1편에 1700만원[김우재의 플라이룸 ](79),Culture
섬진강과 동진강을 가르는 고개에 서린 역사,Culture
[날씨] 오늘 맑고 초여름 날씨…주말 큰 더위 없어,Culture
"아우디, 첫 하이브리드 슈퍼카 '누볼라리' 공개…499대 한정 판매",Culture
"[단독] 고환율 못 버틴 BMW, 5시리즈 등 가격 인상… 520i는 130만원 올라",Culture
"""늑구 만나러 왔어요""…재개장 오월드 '북적'",Culture
[빵 굽는 타자기] 모두가 자신이 무가치해질까봐 싸우고 있다,Culture
"“염증 심해진다” 관절염 있는 사람, 섭취 줄여야 하는 음식은?",Culture
소변에 피 섞여 나오다 옆구리나 배가 아프면 병원 꼭 가세요,Culture
"""삼성전자 1000주 넘게 샀는데 완전 망해…몇 억 날렸다"" 고백한 여배우",Culture
병원마다 달랐던 도수치료 가격…7월부터 4만원대로 표준화,Culture
"정의선 회장, 젠슨 황 '삼소 회동' 불참…8일 양재사옥에서 만날 듯",Culture
[신간] 잠들기 직전 짧은 시간의 중요성…'밤의 설계자',Culture
“끝났어?” 한마디에 싸늘…전문가가 꼽은 침대 위 최악의 금기어 [라이프+],Culture
"한숨만 나오던 스타벅스 카드, '전액 환불 신청' 해보니...",Culture
항암제 내성 보이는 전이암··· 정상세포 보존하면서 암세포만 사멸시키는 신물질 발견,Culture
"아우디 첫 고성능 하이브리드 '누볼라리'…""499대 한정""",Culture
"“몸이 약했는데 가장 건강해”…93세 동창 모임에서 생긴 일, 이들이 지목한 사람은 누구?",Culture
"아우디, 역대 최강 수퍼카 ‘누볼라리’ 공개… 전 세계 499대 한정 생산",Culture
"가스 차고 배 아픈 사람, 전문가 추천 ‘6가지 음식’ 먹어봐요",Culture
일회용 컵이 아닌 ‘사람’의 기록···비닐하우스 속 ‘속행’들의 이야기[책과 삶],Culture
"‘축구 신동’ 아틀라스, 메시로부터 영감…“1년치 훈련을 하루 만에”",Culture
"[의학칼럼] 손가락 골절 치료, 1mm 차이도 기능 장애 부른다",Culture
“아침마다 먹었는데…” 혈당 올리고 있던 음식의 정체,Culture
"""뱃속에 다 마약봉지?""… 40대 男 들킬까 숨켰다가 응급개복술, 무슨 일?",Culture
"과자 즐겨 먹는 아이, 불안·산만함 더 심하다",Culture
"[창간 80년,격동 80년] 주민등록증도 예비군도… 시작은 '김신조 사건'",Culture
"비 오고 흐린 날, 장마철에도 자외선차단제 바르세요",Culture
또 난이도 조절 실패…6월 모평 영어 '논란',Culture
아직도 OECD 2위··· 한국이 결핵에서 벗어나려면 [건강 돋보기],Culture
4시간 오솔길에 숨겨진 박해의 역사… 한티가는 길 순례 [두나의 두발 산책],Culture
“매일 영양제 챙겨 먹으면 뭐 하나”…젊은 암 환자 급증에 의사들이 콕 집은 ‘이 습관’ [헬시타임],Culture
[날씨] 맑고 파란 초여름 하늘...한낮 강한 자외선·오존,Culture
[날씨] 당분간 초여름 날씨…한낮 강한 자외선 주의,Culture
항암제 내성에 치료 포기?…‘전이암 환자’ 새 희망 열린다,Culture
영업이익 71% 급증도 놀라운데…유니클로 부활에 롯데쇼핑 ‘배당 잭팟’ 기대,Culture
[날씨] 고온 꺾이고 계절 제자리...소나기·너울 조심,Culture
"광희, ‘종이 인형’에서 몰라보게 달라진 근황… 어떻게 한 거야?",Culture
[뉴스12 날씨] 하늘 점차 맑아져…한낮 서울 27도,Culture
칼슘 아연 흡수 방해하는 ‘이 성분’⋯장 건강엔 좋다고?,Culture
‘4살 고시·7살 고시’?…10대에 대가 치른다 [.txt],Culture
"日 내구레이스 '꽃' 오늘 개막…도요타, 초전도모터 수소차 첫 공개",Culture
“朝·淸 학자들과의 교감이 추사 예술의 근원”,Culture
[서울&] 청년·서민 껴안는 ‘역세권 임대주택’,Culture
운수 좋은 날 [헤럴드 단편 : 오늘에 대한 우리 이야기],Culture
“1주새 2배 늘었다”…우리 아이 괴롭히는 ‘수족구병’ 주의보,Culture
"""라면보다 쉽쥬?""…백종원, '요리비책' 들고 돌아왔다",Culture
"궁녀들의 삶이 궁금하다면, 이 산에 올라보세요",Culture
"백종원, 활동중단 1년만에 유튜브로 복귀…‘요리비책’ 소개",Culture
“요요 올까봐 살 안 뺀다”는 건 핑계… 내장지방 한 번 빼두면 효과 지속,Culture
“많이 써도 안되고 적게 써도 안됩니다”…이보다 더 중요할 수 없는 ‘손’,Culture
교과서 장마는 잊어라…기상학계 '오호츠크 고기압' 배제 장마 재정의,Culture
"'연 324%' 불법 사금융업자…대법원 ""초과이자 반환해도 전액 추징""",Culture
"셀트리온, 2700억원 규모 주식 취득 추진…""주주가치 제고""",Culture
"[날씨] 당분간 낮 더위 주춤, 서울 27도…자외선은 강해",Culture
"손흥민도 놀란 실력… 현대차, ‘라보나 킥’ 성공한 휴머노이드 로봇 기술공개",Culture
영화 흥행에 원작소설 전성시대…‘스크린셀러’ 돌풍,Culture
메뉴판에 ‘당분 경고’ 붙였더니…설탕 섭취 확 줄었다,Culture
"지커 7X, 오늘부터 본격 사전 예약… 5299만원부터",Culture
"환율 1540원 돌파, 17년 만의 최고치…올여름 해외여행 체감 비용 급등 ‘비상’ [여행+]",Culture
"‘이 두 가지’ 날씨에...편두통, 기승 부린다?",Culture
트와이스 나연도 먹는다는 과자… 잘 고르면 다이어트에 도움,Culture
"술의 나이[한성우 교수의 맛의 말, 말의 맛]",Culture
"‘무결점 거장’ 제임스 에네스 “작곡가보다 내가 낫다는 오만, 가장 위험하다” [인터뷰]",Culture
"“애둘맘 맞아?” 황정음 몸매 비결, 뭔지 봤더니?",Culture
“드디어 해외서 100억개 팔았다”…삼성·현대차 못지않게 한국 알린 기업,Culture
"""기술이 너희를 자유롭게 하리라 "" 실리콘밸리 신화 해부, 신간 <…착각>",Culture
1~4월 中 전기차 성장 둔화…테슬라·폭스바겐·현대차 판매 견조,Culture
항암제 내성 전이암 치료하는 신물질 발견… “암세포만 공격”,Culture
"""아틀라스, 손흥민 슛폼도 배웠니?""…축구선수 뺨치는 특훈 공개",Culture
'1000억 클럽' 부민병원… 관절 전문병원 양극화 뚜렷,Culture
"“몸매보다 중요” 안선영, 머리숱 지키려 실천하는 것은?",Culture
"현대차그룹, 글로벌 전기차 '톱10' 중 성장률 1위",Culture
서·남해 파고 0.5m ‘낚시 호기’…제주·동해는 최대 2.5m 너울 주의보 [주말 바다 날씨],Culture
백신 맞아봐야 무용지물?… “트럼프 행정부가 틀렸다” 왜?,Culture
위고비·마운자로 열풍에 우루사·인바디도 웃는다,Culture
살 빼려고 쫄쫄 굶을 수는 없고...‘이런 음식’ 먹으면 체지방 줄어,Culture
[약손+] 보존하고 완치한다···여성 건강의 적 ‘유방암’ ⑯꽉 끼는 속옷은 유방 건강을 해친다?,Culture
“팔·다리에 이게 뭐야”…아프지도 가렵지도 않은 ‘닭살’ 정체는,Culture
"신작 <딸기 이론> 김숨 ""사람은 사람으로 봐야죠, 이주 노동자도 그렇죠""",Culture
[930날씨] 주말까지 평년 수준 초여름 날씨…자외선 강해,Culture
'항암제 내성' 전이암 치료길 열렸다…'암세포만 사멸' 신물질 발견,Culture
"""핸드크림 바른 손으로 '이것' 만지면 큰일""…의사 경고한 이유",Culture
작가 50명 정리·직원 20% 감축…페이스가 던진 미술시장의 경고,Culture
AI가 만든다는 ‘허황된 미래’… 정말 인류를 구할 수 있을까[북리뷰],Culture
"“휴먼, 라보나킥 못 찹니까?”…현대차, 축구 배운 ‘아틀라스’ 슈팅 공개",Culture
영끌족 주목… 저금리 시대 끝낼 ‘8가지 변수’가 온다[북리뷰],Culture
초고령 사회 진입한 한국… 이제 ‘좋은죽음’ 생각해야[정신과 의사의 서재],Culture
"""어디 가서 푹 쉬고 싶어"" 남편의 한마디에 떠난 곳",Culture
"인공지능 ‘인프라 경쟁’ 제국주의 팽창 닮은 꼴… AI 미래, 우리 선택은?[홍성욱의 과학기술과 사회]",Culture
"“양말 신다 통증, 촬영 중단 사태”…병원 수술실 들어간 강남, 무슨일이",Culture
펜끝 모은 美거장 36인… 고립된 인간을 잇는 이야기 등불 밝히다[북리뷰],Culture
9년 전 암수술 받았던 고려인3세 찾아 러시아 왕진,Culture
[날씨] 당분간 더위 주춤…자외선 지수는 '매우 높음',Culture
[날씨] 맑고 예년의 초여름 날씨...오전까지 강원 약한 비,Culture
"50대는 50㎞, 60대는 60㎞로 간다는데...나이 들수록 시간이 빨리 가는 이유",Culture
"<11> 신라 김유신, 기도 가운데 통일을 받다 [신화에서 선민까지 한민족 정체성의 문화사적 발견-기고]",Culture
당뇨 있어도 맛있게 먹자! 비트 넣어 만든 ‘보르쉬 라면’[밀당365],Culture
"1950년 6월 26일 오륙도 승전보, 한국전쟁 운명 바꿨다",Culture
'싯다르타' 3위 약진…'팀나빠'·'내면 근력' 상위권 진입[베스트셀러],Culture
"[이 책 어때]방으로 숨고, 빚으로 무너진 청년들",Culture
[이 주의 책]돈 때문에 불안하다는 착각 外,Culture
"폐암환자 '年1.5억 부담' 리브라반트, 건보 적용 첫 관문 통과",Culture
“서울 사는데 다지증 수술 하러 대구에 왔네요!”,Culture
“친구인 줄 알았는데”…내 실패 바라는 사람의 5가지 신호 [라이프+],Culture
[이주의 베스트셀러] 다시 자기계발서 활기?,Culture
골프 장갑은 답답하고 손에 땀나는 건 싫을 때… 로션을 발라라?,Culture
"""간편해서 자주 먹었는데""…전문가 경고한 '치매 위험' 음식",Culture
[날씨] 오전까지 강원 비…당분간 30도 더위 주춤,Culture
[베스트셀러] '싯다르타' 3위…만화·자기 계발도 강세,Culture
"[출근길 날씨] 주말, 초여름 날씨…큰 더위 없어",Culture
"""드세던 희빈 장씨도 내 품에서 쉬고 있지요"" [느린 등산 봉산(서울둘레길 16코스)]",Culture
성스런 촛불 아래 화가는 돈을 셌다 [화폭역정 14],Culture
전문의 자격증 따자마자 몽골 향했다…20년간 오지 누빈 ‘야전 의사’,Culture
[날씨] 오늘 맑고 초여름 날씨...주말도 심한 고온 주춤,Culture
비구름 지난 뒤 아침 공기 선선…심한 더위 없어,Culture
"한 번 찍어 맛보더니 ""이걸 한국인만 먹었어?""…세계인 입맛 사로잡은 K소스",Culture
[날씨] 오전까지 강원 비 조금…당분간 더위 주춤,Culture
수출 날개 단 ‘리쥬란’으로 최대 실적 이끈다[바이오리더스클럽],Culture
"""차 에어컨 퀴퀴한 악취""…원인은 곰팡이, 예방과 해결책은",Culture
"“사랑니 아파서 치과 갔다가”…’이 암’ 진단 받은 19세, 무슨 증상 겪었나",Culture
"지역의료 살릴 구원투수? 개원 사흘 앞둔 국립소방병원, 의사 채용 난항",Culture
“쌀알보다 작은데 영양소는 더 많아”… 혈당 낮추는 데 좋은 ‘곡물’은?,Culture
피레네산맥 정상에 십자가 사라졌다,Culture
"'낮 최고 31도'·전국 곳곳 약한 비…일교차 큰 날, 두통이 심하다면? [오늘 날씨]",Culture
“커피랑 절대 같이 먹지 말라”…영양사가 경고한 ‘최악의 조합’ 뭐길래 [헬시타임],Culture
악플에도 아빠 유세 돕던 아이돌…父강릉시장 당선에 '활짝',Culture
"[출근길 YTN 날씨 6/6] 선선한 출근길...오늘 하늘 맑아져, 초여름 날씨",Culture
첫 재야 변호사 출신 대법관이 펴낸 묵직한 기록 [기자의 추천 책],Culture
"“그렇구나, 알아두겠다” 남태령을 메운 연대의 공기",Culture
[출근길 날씨] 주말까지 초여름 날씨…큰 더위 없어,Culture
우울감에서 벗어나고픈 사람이 매일 마시면 좋은 음료,Culture
[날씨클릭] 오전까지 강원도 약한 비…당분간 더위 주춤,Culture
아마존 넘어 코스트코·올리브영까지…제약사 화장품 美 공략 가속,Culture
"“수박에 랩 씌웠다가 후회”…여름 과일, 신선하게 오래 먹는 법은?",Culture
"""출렁다리 수백억 쓸 바엔""…지방소멸 막는 '5000만원의 기적'",Culture
[유석재의 돌발史전 2.0] “1946년 이승만의 정읍선언은... 통일 민주공화국 세우겠다는 선언”,Culture
인간이 AI보다 잘하는 딱 한가지···사람의 마지막 직업 ‘연결노동’[책과 삶],Culture
한강버스로 서울국제정원박람회 간다…'서울숲 선착장' 8일 오픈,Culture
"밤에 안 보이는 ‘스텔스차’ 없앤다···어두워지면 차량 전조등 자동으로 켜지게, 9월부터 모든 차량 장착",Culture
"[단독] 무더기 납품지연 논란에…정부, 철도차량 입찰방식 손질한다",Culture
이민정·아이유도 고백했던 ‘이 질환’…“젊은女 암 발병 증가와 관련”,Culture
젠슨황 손에 들릴 소맥잔엔?...테슬라·카스처럼 물밑 전쟁,Culture
"‘33kg 감량’ 김다예, “식후 한 잔”… 혈당 조절 효과 내는 음식은?",Culture
"""갑자기 피눈물 '뚝뚝' 흘린 11세 소년""...극심한 스트레스가 부른 초희귀질환 [헬스톡]",Culture
"“비만 주사 맞고 속쓰림 심해졌다”는 사람 많은데, 대체 왜?",Culture
커피·의류·음악·축제까지…일상 공간에 스며든 극우 생태계 [.txt],Culture
까마귀가 없는 세상은 깜깜할 거야 [.txt],Culture
"로봇이 인간 노동 해방? 그건 기대감, 신화일 뿐",Culture
청년을 파산으로 모는 사회…다시 일어설 기회를 [.txt],Culture
“무자비하고 아득한 대한민국 우물”…자학도 출구가 된다 [.txt],Culture
공영방송 장악에 맞선 4년의 투쟁 [.txt],Culture
비명처럼 들려오는 문장들…‘가자’의 고통을 번역하다 [.txt],Culture
임기 시작하자마자 韓 대통령 백악관 초청… 위기에도 유머 로널드 레이건,Culture
병원체에 감염된 세포도 반격한다…새 면역 경로 발견,Culture
“대장암 후 막걸리 데워먹어” 재벌이 찾는 82세 이발사 식단,Culture
“뇌 좋아져라” 아이 먹였다가…수은 중독 부른 고등어 종류,Culture
'신을 닮은 영웅' 자처한 아무루족 왕 사르곤… 도시국가 경쟁시대 개막,Culture
퇴사하려다 '이 책' 읽고 20년 근속해 버렸다 [김민철 작가의 서재],Culture
제로 콜라 마시는 사람이 알아둬야 할 ‘부작용 5가지’,Culture
"""접지 통해 통증·염증 절반 이상 줄어"" 과학이 답했다 [Weekend 헬스]",Culture
얼룩·찌든 때…세제 ‘많이 넣을수록’ 빨래 깨끗해질까?,Culture
[오늘의 설교] 퇴로를 차단한 ‘올인’의 신앙,Culture
“그곳엔 백신이 하나도 없었다”…방글라데시서 600명 넘게 숨지게 만든 ‘이 전염병’,Culture
[가정예배 365-6월 5일] 이 지팡이를 손에 잡으라,Culture
평생 공부·나눔… 거장 원고 정리하며 배운 인생 교훈,Culture
신학으로 과학 포용하는 유신진화론 뜨거운 쟁점,Culture
"“혈당 확 오르더라”… 김신영, 요요 주범으로 꼽은 음식은?",Culture
"쓸모만 좇는 세상, 목적에 대한 저항",Culture
"[빅데이터가 점지한 오늘의 운세] 2026년 6월 5일 금요일(음력 4월 20일, 경술일)",Culture
[오늘 뭐 먹지] 없으면 아쉽다… 밥상 위 신스틸러,Culture
“유류할증료? 아예 없습니다”…비싼 비행기 대신 예약 350% 급증한 ‘이 여행’,Culture
"땀 줄줄 흘리며 운동했는데, 체중은 그대로인 이유",Culture
[날씨] 비 그친 뒤 바람 '선선'…큰 더위 주춤,Culture
‘영크크’ 모르면 당신은 ‘늙크크’… 최신 유행어 된 코르티스 노래,Culture
中 BYD “자율주행차 사고 100% 보상” 파격 승부수,Culture
에버랜드보다 입장료 비싸다…산골정원의 비밀,Culture
[라인W 날씨] 내일 오전까지 중부·호남 비 조금…오후엔 맑아져,Culture
‘맥주에는 치킨’ 이유 있었다… 술이 ‘이 호르몬’ 건드린 탓,Culture
[팀 알퍼의 런던 Eye] [39] 영국인은 왜 감자에 열광하나,Culture
"[박은식의 호남통신] 민주당 호남 독점, ‘파란 나라’의 실상",Culture
[날씨] 밤 곳곳 요란한 소나기…오전까지 중부ㆍ호남 약한 비,Culture
매일 한 입만 먹어도 암 키운다?…‘이것’ 30g에 위암 위험 9% 껑충,Culture
[날씨] 밤 전국 곳곳 소나기…오전까지 중부ㆍ호남 빗줄기,Culture
"‘아이 더 낳고 싶은’ 사람과 ‘계획보다 많이 낳은’ 사람 중, 누가 더 불행할까?",Culture
"항암 전 금식, 난소암 치료 효과 높였다",Culture
[날씨] 출근길 중부·호남 비 조금…내일 점차 맑아져,Culture
[뉴스9 날씨] 밤사이 강한 소나기 주의…내일 오전까지 중부·호남 비,Culture
"중년들의 몸에 특히 좋은 ‘오디’…혈당, 염증, 콜레스테롤에 어떤 변화가?",Culture
이번에도 빗나간 지상파·JTBC 출구조사,Culture
"합수본 신천지 이만희 교주 첫 피의자 조사…전피연 ""구속수사하라""",Culture
“구강암 신호” 입에서 생소한 ‘이 맛’ 나면 의심하라던데?,Culture
"영업중단에서 ‘폐점’으로…홈플러스 37개 점포, 직원 3500명 앞날은",Culture
[날씨] '시간당 30mm' 강한 소나기…천둥번개·우박 주의,Culture
[날씨] 밤까지 대부분 지역 소나기…내일 아침 중부·호남 약한 비,Culture
"젠슨 황, 내일 오후 1시 김포공항 도착…'입국 소감' 밝힌다",Culture
[이슈날씨] 밤까지 내륙 곳곳 강한 소나기...돌풍·벼락·우박 주의,Culture
"“세상에서 운동 제일 싫다”던 황정음, ‘이것’ 시작…52kg 목표라고?",Culture
[날씨] 오늘 밤까지 요란한 소나기‥내일 오전부터 차차 맑아져,Culture
“영수증 5초 만져도 흡수”…핸드크림 바른 손 더 위험한 이유,Culture
광해군에겐 ‘말 전하는 남자’가 있었다[책과 삶],Culture
"허벅지 앞쪽이 터질 듯 아프다? 페달, 밟지 말고 돌려라",Culture
"젠슨 황, 6일 유재석 만난다...'유퀴즈' 녹화 다음날 두산전 시구",Culture
“이유 없이 전신 가렵더니”…美 60대 여성 ‘이곳’에서 종양 발견,Culture
[날씨]내일 아침까지 중부 5mm 비…때 이른 더위 주춤,Culture
수십억원 쏟았는데…또 엇나간 지상파 출구조사,Culture
"나르시시스트 부모 둔 사람, 어떻게 자랄까?",Culture
드레스 안 입어도 '인기 폭발'…요즘 뜨는 '500만원 결혼식' [발굴단],Culture
[날씨] 밤까지 내륙 곳곳 강한 소나기...돌풍·벼락·우박 주의,Culture
"소비기한 지난 상한 우유, 버리기 전 ‘이렇게’ 활용할 수 있다고?",Culture
문턱 높은 美 대신… 대륙 문 두드리는 K바이오,Culture
"6월엔 ‘검은 보석’ 오디를 가까이… 눈·혈관 건강, 항산화 관리 두루 도움[한의사 曰 건강꿀팁]",Culture
아이스크림 먹다 머리가 띵~ ‘편두통’ 경고 신호?,Culture
미래차 타고 달리는 K-소프트웨어… 글로벌 표준 가시화,Culture
“하루 딱 13분 투자를” 심장병 사망 막는 ‘운동’의 정체,Culture
"술·담배 안하고 건장한 40대男...2주간 발열·호흡곤란 응급실행, 왜?",Culture
"오스코텍, 美 아지오스에 세비도플레닙 기술 이전",Culture
"“키스 전 말해야 하나”…입술 포진, 연인 사이 갈리는 평생 감염병 [건강을 부탁해]",Culture
12기통 엔진 대체하는 전동화의 정점… 베일 벗은 롤스로이스 ‘신형 스펙터’,Culture
‘부르는 게 값’ 도수치료 대신 4만원 정가제…연간 15회로 제한,Culture
"등산 초보, ‘하산길’ 무릎·발목 부상 조심하세요",Culture
[날씨] 내일 중부·호남 5㎜ 비…더위는 점차 누그러져,Culture
"김정수 삼양식품 회장, 자녀에 주식 20만주 증여…장남 지분율 2.87%",Culture
자기부담금 95%내야 도수치료 받는다…회당 4만원·연간 15회 '제한',Culture
"환자 두고 떠난 마취의·집도의… 사고 나자, 병원은 뒤늦게 인력 보강",Culture
“췌장이 보내는 마지막 경고” 무시하면 암 위험 높아진다는 신호는?,Culture
사명대사 우국의 혼 오늘날 표충비 땀으로 흘렀더라…경남 밀양시 표충비·만어사 탐방,Culture
"임성근 ""우린 발레파킹 안 해""…안성재 '모수' 논란 의식?",Culture
54만 은둔 청년의 소리 없는 비명…우리는 왜 그들을 방 속에 방치했나,Culture
건강에 좋은 1분 습관...이중 몇 가지 실천하고 있나요?,Culture
"40년 저금리 시대 종말…‘비싼 돈’의 세상은 어떤 곳일까, 신간 <머니 쇼크>",Culture
"스크린·무대서 유세장으로…문화예술인들, 강원 선거판 달궜다",Culture
BYD “자율주행 사고나면 전액 보상”…테슬라에 도전장,Culture
“다이어트 하려면 끊어야” 체지방 연소 방해하는 음식의 정체는?,Culture
"박정수, “S전자 8만 원대에 1000주 넘게 샀다”…매도 후회",Culture
"국토부, '스텔스 자동차' 막는다…""자동점등 의무화""",Culture
홈플러스 37곳 결국 폐점한다는데…선거 끝났으니 ‘새벽배송’ 족쇄 풀릴까,Culture
사과도 안 통했다…스타벅스 논란 2주만에 결제액 107억 증발(종합),Culture
칩 종속 벗어난 자율주행…완성차가 주목한 '이식성',Culture
소나기 이후 찬 공기…다음 주 초까지 더위 '주춤',Culture
“나초 먹고 배탈 난 줄” 차에서 쌍둥이 출산한 美 여성,Culture
“얼룩덜룩 팔 때문에 반팔 못 입어” 무턱대고 크림 바르면 안된다?,Culture
천 년의 울림부터 초심지 가위까지…신라 역사 품은 문화유산,Culture
"김성환 ""지역별 전기요금 곧 공개…산업용 전기료 하향 필요""",Culture
"""에어프라이어 그냥 돌렸더니 발암물질 '철철'""⋯안전하게 먹는 쉬운 방법은?",Culture
수출 호조에 역대급 매출까지…잘나가는 K뷰티에 기대감 커지네,Culture
“여름에 꼭 먹어라” 김강우가 추천한 ‘저칼로리 음식’은?,Culture
“한 잔은 몸에 좋대” 이 말 다 틀렸다…의사들의 ‘섬뜩한 경고’ 들어보니 [헬시타임],Culture
"파리로 날아간 현대모비스 노조…OECD 측에 ""램프사업 매각반대""",Culture
"불금의 여유, 책도 좋지만 꼭 책이 아니어도…무려 800만명 다녀갔다",Culture
"계단은 '무조건 올라야' 좋은 운동인 줄 알았는데···전문가 ""그러다 무릎 망가진다""",Culture
"차악을 선택한 영웅, 약소국의 총독이 제국의 칼이 된 이유 [한ZOOM]",Culture
"치과 의사 덕분에 ‘급성 백혈병’ 찾아낸 20대 女, 사연은?",Culture
"""지하철서 방귀 뀌는 사람 때문에 죽을 맛""⋯나도 모르게 새어 나오는 이유는? [헬스+]",Culture
단 것이 땡긴다면…당신은 ‘이 영양소’ 부족한 것,Culture
"“희망퇴직금도 못 받나요?”…결국 문닫는 홈플러스, 3500여명 ‘고용 불안’",Culture
美만 바라보던 시대 끝났다...中 적극 두드리는 K바이오,Culture
"‘6kg 감량’ 문연주, 몸 오히려 무거워졌다는데… 왜?",Culture
빵틀·세숫대야에 남은 40년…소록도 두 간호사의 기록,Culture
"두 배 차이나는 비싼 우유, 영양가 높을까?",Culture
[날씨] 전국 요란한 소나기…때 이른 고온현상 주춤,Culture
"‘여성살롱’ 그 목소리, 임국희 아나운서 별세…심야 여성 DJ 시초",Culture
"""반도체만큼 예민""…삼성바이오 쟁의행위금지 항고심 D-1 쟁점 체크",Culture
"유병재 제작사, 올라운더 6개월 인턴 뽑으면서…정규직 전환은 '0명'?",Culture
"합천으로 떠난 '반값여행', 왈칵 눈물 나게 만든 순간",Culture
"“단백질이 70%” 풀무치, 국내 열 번째 식용 곤충 등재",Culture
"“하루 13분이면 충분하다”… 사망 위험 줄이는 운동, 어떻게 할까?",Culture
콜레스테롤 높은 쪽은 어디?…버터 VS 마가린,Culture
유신진화론이 뭐길래… ‘이단’ 결의 이후 남은 질문,Culture
"[박동창의 맨발걷기學] <32>척추수술 후 접지요법, 소칼 교수가 던지는 시사점",Culture
‘女 라디오스타의 시초’ 임국희 아나운서 별세…향년 88세,Culture
간질약의 반전…관절염 연골 손상 회복 효과 확인[노화설계],Culture
“물만 갈아주면 오래 간다?”…의외로 흔한 두부 보관 실수 5가지,Culture
"콩 파종 후 시작된 눈치 싸움, 새들의 지혜를 엿보다",Culture
"심장 보는 의사, “자녀에게 안 먹인다”는 음식은?",Culture
"“강한 냉방 위험하다”… 생명 위협하는 ‘이 질환’, 여름에 조심해야?",Culture
[2시 뉴스 날씨] 밤까지 전국 곳곳 소나기…낮더위 주춤,Culture
"“다이어트 중 최악” 스윙스, 30kg 감량 중에도 못 참은 음식은?",Culture
일찍 다가온 더위··· 겨울보다 더 많은 여름 ‘심근경색’ 주의,Culture
"홈플러스, 37개 점포 결국 폐점…희망퇴직 시행",Culture
쓴맛 나지만 혈당 조절엔 탁월… 무슨 채소일까?,Culture
"""전자담배 규제 심할수록 흡연 사망자 많아질 것"" 호주 의사의 경고, 왜",Culture
'천동·번개' 일부 호우주의보…일주일 '선선',Culture
"""밭 일구고 배로 호수 건넌"" 50년의 세월을 듣다",Culture
뉴욕 왕복 유류비만 60만원대…폭등한 유류할증료에 여름휴가 해외여행 ‘비상’ [여행+],Culture
존 트래볼타 “LA 한인타운 자주 가… 진짜 한국 보고 싶다”,Culture
수입차 10대 중 3대가 테슬라… 5월에도 국내 판매 1위,Culture
"현대차·기아, 5월 미국 판매 17만4860대…친환경차 역대 최다",Culture
‘심야 여성 DJ의 시초’ 임국희씨 별세···향년 88세,Culture
"[질병백과 TV] 척추 수술 미루면 안 되는 이유, ‘이 경고’ 무시하지 마세요",Culture
쿨한 시어머니 택배에 손가락 하트로 화답한 며느리,Culture
"전 세계 150만명 사망…""HIV·말라리아급 부담"" 전문가 경고",Culture
"“주는 게 더 복되다” 몸소 실천한 60대 목회자, 장기기증으로 4명 살려",Culture
벤틀리 ‘더 뉴 플라잉스퍼’ 韓 주문…영국서 수작업 생산 후 내년 인도,Culture
박지성도 먹었다… 근육 키워주는 ‘의외의 보양식’은?,Culture
편두통 있으면 뇌 더 빨리 늙는다,Culture
"오래 앉아도, 오래 서도 허리가 무너진다…‘S자 척추’ 지키려면?",Culture
멀쩡해 보여도 안심 못하는 ‘신장이식 거부반응’…혈액 속 DNA로 조기 포착,Culture
"현대차·기아, 美 시장서 5월 17만4860대 판매…친환경차 역대 최다",Culture
[뉴스타임날씨] 전국 곳곳 소나기…돌풍·벼락·우박 유의,Culture
"""줄어드는 의료 인력, '전신경화증' 치료의 가장 큰 걸림돌"" [명의열전]",Culture
“노화에 가장 효과있는 영양제”…현직 약사가 먹는 단 한 알,Culture
[신차 드라이브]파격적 변화와 부드러운 주행질감…현대차 AI 탑재한 '더 뉴 그랜저',Culture
"“가슴이 하나처럼 붙어 있다”…가슴 골 안 생기는 이유, 따로 있다고?",Culture
[뉴스광장3부 날씨] 전국 대부분 소나기…더위 누그러져,Culture
영화의 인기가 서점가로 확산…‘스크린셀러’ 돌풍,Culture
미국은 왜 북한 핵을 막지 못했나…35년 협상의 실패,Culture
"""가성비 먹거리였는데""…메가MGC커피·빽보이피자, 줄줄이 가격 인상",Culture
"셀트리온, 1000억원 규모 자사주 소각 완료…연내 2조 규모 주주환원",Culture
당뇨 관리에 참 좋은 해산물…일주일에 ‘이만큼’ 먹어야 한다고?,Culture
“이것만 기억하세요” 암 예방을 위한 열 가지 수칙 [아미랑],Culture
오늘 전국 최대 80㎜·서울 40㎜ 소나기…천둥·번개·우박 동반,Culture
"""사과문 보니 어이없다"" JK김동욱, 중앙선관위 공개 비판",Culture
"'서류 제출 실수' 육아장려금 깎은 지자체…권익위 ""전액 지급""",Culture
기생충이 몸속 '약물공장' 될까…체내 해독제 생산 십이지장충,Culture
‘살찐 사람은 성관계 어렵다’ 사실일까…전문가가 말하는 진실은? [라이프+],Culture
무대 위에 올려진 고시원·원룸…공연계가 기록한 ‘54만 고립 청년’의 자화상,Culture
오후 전국에 '소나기'...우박에 천둥·번개까지,Culture
주유비 200달러 시대…미국서 가성비 중고 전기차 인기,Culture
항암치료 전후 금식…‘이 암’ 치료에 효과적이라고?,Culture
"개봉 사흘만에 제작비 11배 벌었다…텅 빈 노란 방, 이렇게 무섭다니",Culture
고환율에 지갑 열린 외국인…서울 고급호텔서 더 오래 묵는다,Culture
초여름 더위 속 전국 대부분 소나기…출근길 우산 챙겨야,Culture
"유홍준, 김은호 소장 ‘김홍도 금강산 초본’에 신중론…“보물급은 아냐”",Culture
“러닝으론 부족” 내장지방 없애고 싶다면 ‘이 운동’ 해야,Culture
"부은 건가, 살찐 건가…‘매일 앉아있는 그대’ 틈새 관리 꿀팁",Culture
무등산 실종 남성 극적 구조…생수 2병으로 5일 버텨,Culture
'6선' 송영길의 화려한 귀환…'원조 친명' 김남준도 국회 입성,Culture
전국 대부분 소나기…돌풍·천둥번개 동반 유의(종합),Culture
"제주에 또 다른 복합리조트 나오나…파라다이스, 메종글래드 인수 실사",Culture
'타보면 다른데' 신차 효과 실종 르노코리아…후속작 중요성 커졌다,Culture
[오늘의 운세] 2026년 6월 4일 별자리 운세,Culture
"김대호 ""건강 무너지는 것 같아""…몸이 보내는 '번아웃' 신호 [헬스톡]",Culture
"“고단백, 포만감 커” 이소라가 아침에 먹는 것, 뭘까?",Culture
BTS '보랏빛 특수' 부산 외곽도 들썩…'없던 관광 수요' 터졌다,Culture
셀트리온도 노조 출범…커지는 바이오업계 '성과급 이슈',Culture
"""출근길 우산 챙기세요""…전국 대부분 소나기 속 더위 지속[오늘날씨]",Culture
“전립선암 치료시작”하더니 다음날 퇴원…거짓말이 아닙니다,Culture
“싸고 맛있어서 자주 먹었는데 이럴수가”…편의점·무인카페 위생 상태에 ‘화들짝’,Culture
신천지·JMS 파헤친 故탁명환…피습된 '사이비 헌터' 진실은[왓더OTT],Culture
"“뇌 염증 유발” 몸에 좋다는 사골국, ‘이런’ 사람에겐 독",Culture
IMF때 출연료 기부 내한 공연… 앨범에 ‘아리랑’ 피아니스트 조지 윈스턴,Culture
단순히 ‘잠’ 문제가 아니다…‘불면증’ 3040 여성 ‘암’ 발병 위험 쑥,Culture
“아침 먹었는데 왜 10시에 배고플까?”…범인은 첫 한입이었다,Culture
이부진 요리스승 “췌장암 완치”…90대 장수 노인들의 비밀,Culture
북극곰만 위험하냐고요? 한반도 면적 6배 빙하가 녹으면 생기는 일,Culture
"사제·승려 줄었는데, 목사만 늘었네",Culture
대장암 진행 막는다… 당장 식탁에 올려야 할 ‘두 가지’,Culture
[오늘의 설교] 잊혀진 사람들,Culture
[가정예배 365-6월 4일] 내가 반드시 너와 함께 있으리라,Culture
“우산 없이 나갔다간 낭패”…목요일 전국 흐리고 곳곳 소나기,Culture
"[빅데이터가 점지한 오늘의 운세] 2026년 6월 4일 목요일(음력 4월 19일, 기유일)",Culture
한·일 정상회담 안동 문화유산… 600년 전통마을 불꽃놀이·바위 병풍 ‘한국의 서원’,Culture
과묵했던 아버지 유영국… 추상 그린 이유도 ‘말 없어 좋다’,Culture
"""우산 챙기세요"" 전국 대부분 소나기·'낮 최고 29도'…여름철 단골 '이 질환', 예방하려면 [오늘 날씨]",Culture
"멘탈 관리도 결국 체력 문제…""잘 먹고, 잘 자고, 움직이세요"" 정신과 의사의 처방",Culture
美 현대차그룹 공장서 기아 스포티지 첫 생산,Culture
[오늘의 날씨] 전국 대부분 비…낮 30도 안팎 더위,Culture
"거짓말까지 하는 좀비, 400만명 소름끼쳤다",Culture
[오늘의 운세] 2026년 6월 4일 띠별 운세,Culture
"[미국 250년, 이상과 현실의 투쟁] 광기와 타락의 禁酒法... 세상을 오염시킨 악법은 교훈을 남겼다",Culture
[이응준의 과거에서 보내는 엽서] [69] 덩샤오핑의 두 얼굴,Culture
[알파고의 지식램프] [6] 한국인의 긴장과 방글라데시인의 이완 사이에서,Culture
[천현우의 세상 땜질] 지방 사는 90년생의 서러운 연애,Culture
[근교산&그너머] <1465> 해운대구 운봉산 둘레길,Culture
얼음 ‘이렇게’ 얼리면 세균 폭탄…여름철 얼음틀 위생 관리법,Culture
"“목 너무 아파” 호소하던 女, 백혈병 진단… 대체 무슨 일?",Culture
[뉴스9 날씨] 내일 전국 대부분 소나기…돌풍·벼락·우박 주의,Culture
헤딩 한 번만 해도 알츠하이머 관련 단백질 증가,Culture
"“콜레스테롤 낮춘다” 임미숙, ‘이것’으로 반찬 만들던데… 뭘까?",Culture
[내일날씨] 오후부터 전국 곳곳 소나기⋯돌풍·천둥번개,Culture
20살 감독의 반란 … 영화계 집어삼킨 '노란 방',Culture
“그 책을 뭐하러 읽어요?”…AI 태풍에 뒤바뀌는 ‘독서 지도’,Culture
"발표 5분 전, 손바닥이 먼저 젖었다…몸은 아직도 위험하다고 생각했다",Culture
"백태, 백내장과 다르다?…수술 후 안약 넣은 40대男, 눈동자 축소에 깜놀",Culture
"""한 잔은 괜찮겠지""… 소량 음주도 암 앞에서는 '독'",Culture
'쌍둥이 판다' 루이·후이바오 올겨울 中 귀환 전망…푸바오 간 지 2년만,Culture
"[내일날씨] ""우산 챙기세요""…전국 흐리고 오후부터 소나기",Culture
[문요한의 마음정원] 진심 건네는 조언…‘좋은 꼰대’ 자처해야,Culture
"""작은 차 싫다""는 한국서 주문 폭발…BMW '이 車' 대박 난 이유 [영상]",Culture
"황재형 작가의 운명을 바꾼, 숨진 광부의 작업복",Culture
전립선암 치료 비용·시간·고통 확 줄여... ‘10년 완치율 90%’ 만들었죠 [닥터스 라운지],Culture
“기피제 뿌렸네? 여기 사람이 있구나!”… 똑똑해진 모기의 역습,Culture
[날씨] 선거일 30도 여름 더위…내륙 곳곳 소나기,Culture
“통째로 드세요”… 유방암 위험 낮추는 과일 4가지,Culture
남편보다 오래 살지만… 왜 아픈 사람이 많을까? 중년 여성의 건강 장수는?,Culture
“나 좋다더니 갑자기 잠수”…잘되던 썸 망치는 진짜 이유 [라이프+],Culture
노화 주범으로 알려진 ‘이 세포’… 알고 보니 피부 상처 빨리 낫게 한다?,Culture
하버드 출신 의사가 경고한 ‘조용히 몸 망치는 습관’ 8가지,Culture
아름답고도 슬픈 사연 간직한 육지 속 섬,Culture
지끈지끈 편두통 있으면 뇌가 빨리 늙어...증상 완화에 도움 되는 방법과 식품은?,Culture
이 산의 절경을 봐라... 다들 카메라 들고 모여드는 이유가 있다,Culture
포슬포슬한 식감이 입맛 살려…초여름 햇감자 100% 즐기는 방법 [FOOD+],Culture
"기아, 美 HMGMA서 스포티지 하이브리드 생산 시작…전열 갖춘 공장",Culture
운동했는데 살이 안 빠졌다…체중계가 못 본 변화,Culture
[날씨] 지방선거일 30도 여름 더위…내륙 곳곳 소나기,Culture
"서울둘레길 156.5km, 비로소 서울을 한 바퀴 잇다",Culture
성원 스님 “로봇 스님들 넘어질까 연등 행렬 내내 가슴 졸여”,Culture
원화 약세에 외국인 몰린다…서울 특급호텔 ‘장박 특수’,Culture
"코스닥 바이오 톱3의 엇갈린 선택...알테오젠은 투자 확대, HLB·ABL은 효율화",Culture
"조기 위암 수술, 완전 복강경 vs 보조 복강경...어떤 게 더 나을까",Culture
에어컨만 켜면 재채기·콧물..'혈관운동성 비염' 의심,Culture
[시니어그룹] 100점짜리 후보는 없다... 100점 맞으려는 후보를 찾아야한다,Culture
"[2시 뉴스 날씨] 선거일, 낮 더위 이어져…오후 곳곳 소나기",Culture
“4명 중 1명은 비만” 체질량지수 정상이어도 안심 금물…뜨거운 BMI 기준 논쟁,Culture
"중년 부부가 방울토마토 먹었더니…아내 vs 남편, 좋은 점은?",Culture
"달콤하고 시원한데 심장에도 도움?…“엄마, ‘이 과일’ 사줘”",Culture
"""코로나19 변이에도 통했다""…엑세스바이오, 진단 유효성 확인",Culture
[날씨] 선거일 30도 안팎 더위…내륙 곳곳 소나기,Culture
164㎝·77㎏ 전설의 물고기 ‘돗돔’ 포획…성인 3명이 15분 사투,Culture
"고유가 시대…제주항공, 20년 단일 기종 전략 빛 발하다",Culture
"건강 위해 ‘이것’으로 바꿨는데 … “독성 상당한 수준”, 대체 뭐야?",Culture
"[뉴스12 날씨] 지방선거일, 더위 이어져…내륙 곳곳 소나기",Culture
"한 달에 322km, 새벽 러닝 뛰었더니 삶이 바뀌었습니다",Culture
"발목 삐면 얼음찜질부터 했는데… ""회복 속도만 느려진다"" 왜?",Culture
지자체 5급 이상 여성 공무원 첫 1만 명 시대 열렸다,Culture
"여름 보양식 콩국수, ‘이것’ 추가하면 영양 만점",Culture
"""5000원짜리가 35000원""…SNS서 난리난 다이소 '계산기' [트렌드+]",Culture
“얼굴 비추면 거울이 닳아?” 신개념 바가지 요금 [아하 중국],Culture
35세에 희귀 신장암 진단… 가볍게 넘긴 ‘초기 증상’ 뭐였을까,Culture
이재명 정부 '경제불확실성지수 하락' 속도 가장 빨라,Culture
기초연금 수급 어르신 5명 중 1명만 '현재 수준 적정',Culture
"정애리, 48년 연기 인생 가장 낯선 '더 마더'…""우리 모두의 이야기""[문화人터뷰]",Culture
"“잠결에 성관계 시도하고 기억 못해”… 29세男, 수면 장애라고?",Culture
“회개해야 나라가 산다” 부산에 울려 퍼진 기도의 함성,Culture
택배기사 등 도급제 근로자 최저임금 적용 논의 본격화,Culture
서울 아파트 전월세난에 연립·다세대 전월세 거래 증가,Culture
"“엔도르핀 돈다” 김준수 빠졌다는 ‘이 운동’, 뭘까?",Culture
인천공항 여객 7% 늘었지만…단거리 노선 쏠림 커졌다,Culture
"대만, 작년 韓 관광객 100만명 돌파…“다시 찾는 여행지로”",Culture
푸바오 쌍둥이 동생도 올겨울 중국 가나…“일정 협의 중”,Culture
"""여보, 나 사실 주식으로…"" 1억 수익 숨긴 남편의 '말 못할 고민'",Culture
“남자는 모른다”…여성이 차마 못 말한 성생활 10가지 [라이프+],Culture
치료법 없다던 암 환자 종양 30% 줄인 신약,Culture
‘20kg 감량’ 소유… ‘짜장면 먹는 방법’ 조금만 바꾸라던데?,Culture
"[출근길 날씨] 선거일, 30도 안팎 더위…오후 곳곳 소나기",Culture
"일주일에 90~120분 근력운동, 사망위험 낮춰…120분 초과 시 추가 이점 無",Culture
"""정원인데 꽃이 없네?"" 14년 걸려 꽃 대신 쇠기둥 심은 '이상한' 정원 [요즘 여행]",Culture
"""이러니 금방 상하지""...제철 햇감자, 싹 나고 초록색으로 변한 이유는?",Culture
“좀 적당히들 하입시다”…BTS 공연 앞두고 시험대 오른 부산관광 [트래블ON],Culture
계란값 석달새 9%↑…'에그플레이션'에 밥상·외식물가 '들썩',Culture
"스님·신부 적은데 목사는 많다…""큰 덩치보다 인식 개선 먼저""",Culture
"서울 33도인데 남해 태풍특보 ""바다가 뜨겁다""",Culture
'BTS 효과'에 부산 호텔 해외 팬 급증…외국인 예약 최고 '200배',Culture
“포만감 크다” 다이어트 위해 백지영이 ‘소고기’ 먹는 방법,Culture
"소량 음주, 암 위험 높이는데…치매는 달랐다고?[노화설계]",Culture
"카지노가 끌고 호텔이 밀었다…제주 드림타워, 650억 매출",Culture
"“암도 이겨냈는데”…몸 정화 의식으로 개구리 독 바른 40세男 사망, 어땠길래?",Culture
허리 아프면 무조건 누워라? 척추 건강 망치는 8가지 오해,Culture
눈 가려울 때 절대 비비면 안 되는 이유…'이 병'까지 생긴다 [헬스톡],Culture
“괜찮겠지” 했다가 과태료 폭탄…투표 인증샷 ‘이렇게’ 찍으면 큰일,Culture
"'판매 반토막' 제네시스, 하반기 '하이브리드·EREV'로 반전 노려",Culture
[날씨] 선거일 한낮 30도 안팎 더위…내륙 일부 소나기,Culture
한국·프랑스 140년의 우정… 이야기 ‘선물’ 보따리 푼다,Culture
"“샤워기 물로 입 헹궜는데”…물때 속 균, 폐로 들어갈 수도",Culture
"[헬스&라이프] ""쉬어도 방전돼""…몸이 보내는 경고, 만성피로증후군",Culture
"아침마다 먹는 달걀, ‘여기’ 보관하면 세균 범벅… 어디?",Culture
"""크면 괜찮아질 줄 알았는데""…아이 사시 방치하면 평생 후회 [김효경의 데일리 헬스]",Culture
에버랜드보다 비싸다…‘입장료 9만원’ 양평 산골 정원의 정체,Culture
“뻣뻣한 남자도 딩동댕 ‘요가계의 송해’ 꿈꾸죠”,Culture
보약처럼 힘 솟는 디저트 한 접시... 시니어 소외 껴안는 '봉주르 빵집',Culture
"“제니처럼 힙해 보이려고?”…선글라스, 디자인만 봤다간 낭패",Culture
"“혈압 낮춘다” 정재형, 샐러드에 ‘이 음식’ 넣던데… 뭐지?",Culture
[티는 알지] 녹색 가루의 매력…어디나 어울리는 ‘말차’ 알지?,Culture
“매일 이렇게 먹었는데…” 커피와 함께 섭취하면 안 될 식품들,Culture
“무슨 가격이 이렇게 자꾸 바뀌어?” 짜증내는 사람 많더니…‘이런’ 여행이 뜬다는데,Culture
"이단 피해, 자발적 동의인가 기망에 의한 강요인가",Culture
"경착륙이냐 연착륙이냐 美 교회 리더십 교체, 준비 기간이 갈랐다",Culture
“은혜 대갚음” 장학금 기부한 13년차 환경미화원,Culture
"‘20kg 감량’ 한혜연, “납작배 만들겠다”며 먹은 ‘이 음식’… 뭘까?",Culture
"“대변에 ‘이 증상’ 나타나더니, 암 2기였다”… 40대 女, 무슨 일?",Culture
"이지혜 남편, 마운자로 한 달 맞고 몰라보게 변신… 모습 보니?",Culture
단백질은 많이 먹어도 살 안 찐다? 흔한 다이어트 오해 4가지,Culture
"‘나잇살 없는 50대’ 오나라, 가녀린 팔뚝 비결?… “안 굶고 ‘이렇게’ 먹어”",Culture
“정읍선언은 통일정부 수립 주창한 ‘이승만 독트린’”,Culture
명품 도자기부터 디올 백까지… ‘한국·프랑스 140년 우정’,Culture
"허리 주사 맞고 사지마비 온 70대, 사망… 병원 책임 어디까지?",Culture
"“시험 스트레스인 줄 알았는데”…머리 아프다던 18세 뇌종양으로 사망, 무슨 일?",Culture
사람들은 왜 분노했나...스타벅스 논란이 남긴 질문,Culture
[날씨] 서울 31.8℃ 수도권 최고 더위...남쪽 먼 바다에 태풍특보,Culture
"유홍준, 최근 공개된 김홍도 금강산 초본에 신중론",Culture
"‘23만원 파우치 완판’ 구혜선, 이번엔 1만원대 출시",Culture
"자다가 소변 마려워 꼭 깨는 사람, ‘이렇게’ 하면 통잠 가능",Culture
"“2100원도 못 버텼다”…메가커피, ‘할메가커피’ 200원씩 인상키로",Culture
"건강에 안 좋다고?…“매일 과일주스 한 잔, 우울감 감소 확인”",Culture
선조의 임진왜란 트라우마에 풍수가 결합…동묘의 탄생은 ‘힙’하지 않다[장지연의 역사 상상력],Culture
한국인 엄마처럼 발랐더니…1500억 잭팟 난 '예쁘다' 정체,Culture
"“혈액순환 촉진” 김현주, 카페에서 ‘이것’ 먹던데?",Culture
[날씨] 내일(선거일)도 초여름 더위‥내륙·산지 오후 소나기,Culture
“체지방 녹인다” 입소문 난 30-30-30 다이어트… 방법은?,Culture
[날씨] 선거일 때 이른 더위…오후 한때 곳곳 소나기,Culture
“눈 가려울 때 ‘이것’ 했더니…‘각막 이식’ 수술까지” 美전문의 경고한 치명적 습관,Culture
[날씨] 내일 지방선거일 충북 더위 기승…돌풍·벼락 동반 소나기,Culture
"中 59세 여성, 생선 먹다 '낚싯바늘+낚싯줄' 삼켜… 항문 안쪽에 걸려 제거",Culture
닭가슴살 아냐… 근육 만들 때 가장 좋은 음식 1위는 ‘이것’,Culture
'츄파춥스님' 삼보스님 원적…전 재산 30억 기부한 청빈 수행자,Culture
“밥 그냥 삼키니? 제발 천천히 먹어”…음식 꼭꼭 씹어 먹어야 하는 이유 있었다 [헬시타임],Culture
"“어쩐지 클릭할 수 밖에 없는 몸매더라”… 패션 광고 점령한 이 모델, 진실성 논란",Culture
"[뉴스7 날씨] 내일, 더위 계속…내륙 곳곳 소나기",Culture
"한국에서 이렇게 잘 나갈 줄은…중국 車, “싸도 너무 싸” 통했나",Culture
[날씨] 내일 한여름 더위 기승...서울 낮 32도,Culture
중국산 폐암 신약 쇼크…세계 표준 치료의 벽 흔들어 [건강한겨레],Culture
아침 기상 후 가장 먼저 하는 일…커피는 언제 마실까?,Culture
"“다이어트 시작” 선언 김지혜, 공복에 먹는 음식 봤더니?",Culture
몇명 뽑고 어디서 투표하나…지방선거 전 꼭 알아야 할 4가지,Culture
강한 일사·남동풍에 35도 '육박'…서울 한낮 기온 33.5도까지 '쑥',Culture
[날씨] 선거일 낮 더위 계속…내륙 곳곳 소나기,Culture
"소유 ""10년 전 '삼전닉스'에 1억 투자""…최근 수익 얼마?",Culture
"""한국에선 흔한데"" 마지막에 한 방울 넣었더니…해외서 난리난 '한국의 맛'",Culture
“맹장수술이 치매와 관계있다고?”…AI가 찾아낸 뜻밖의 단서,Culture
더워진 바다에 더 빨리 자주오는 '태풍'…올여름 '극한호우'까지,Culture
"""뜨거워진 제주 바다"" 올봄 해수면 온도 역대 2위... 기온도 '4위' 기록",Culture
"45세 손태영, 미국서 '이 운동' 집중… 여전히 탄탄한 몸매 비결?",Culture
"“단군 이래 최고 화가 김홍도, 당대에도 찬사 받았죠”",Culture
"“약속은 약속”...선운사의 결단, 전시는 대박",Culture
지방선거일 32도 올들어 최고 더위…내륙 오후 소나기,Culture
밀가루 음식 삼가야 할 34세女...가리지 않고 멋대로 먹다가 혈액암?,Culture
"피부암, 레이저로 뺐다가 조기 진단 놓칠라",Culture
알고리즘보다 특허…성숙해진 자율주행 시장의 새 경쟁법칙,Culture
"일본 여행길, 태풍 '장미'에 막혔다…항공편 결항 속출",Culture
175년 전 만남부터 명품 도자기·보석 꽃까지…한-프 140년 여정(종합),Culture
"2주마다 비행기 타던 여행 예능 작가, 제주에서 마주한 최악의 밤",Culture
"“노인, 코딱지도 파지 마라” 뇌 망가뜨리는 뜻밖의 습관",Culture
"“이게 23만원?”…‘고가 논란’ 구혜선, 이번엔 1만원대 파우치 출시",Culture
"""파인애플로 살 뺀다고?"" 백지영이 직접 만든다는 '이 식초', 무슨 효과?",Culture
"열 받은 바다가 부른 '봄 더위'… 5월 중순, 역대 가장 더웠다",Culture
“건강에 그렇게 좋대” 믿고 먹었는데…심장 멈출 뻔한 ‘이 과일’의 배신 [헬시타임],Culture
동물을 위한 나라는 어디에,Culture
더위 먹어서 핑 돈다? 방치하면 사망까지... 어지럼증 위험 신호 2가지 [이러면 낫는다],Culture
현대차 인도 생산차질 현실화…글로벌 판매 5분의 1 생산 '해외 최대',Culture
“엄마 품에 안겼다가 발견”… 28세 女 살린 유방암 신호,Culture
"99세 현역 인간문화재 박선애 선생 ""생명 다할 때까지 제자들과 함께하고 싶어""",Culture
“사공 박명득…” 울릉도 암벽서 조선 수토군 새 각석문 나왔다,Culture
고종이 프랑스 대통령에 선물한 ‘보석 꽃’···140년 만에 다시 피다,Culture
“외식 꿈도 못 꾸던 때 먹은 인생 라면”...‘불닭 며느리’ 고백에 조회수 터졌다,Culture
“눈 좋아진 줄”…앤 해서웨이도 앓은 조기 백내장 신호,Culture
"“건강식인 줄 알았는데, 간 망친다”… 영양학과 교수 의외의 경고, 뭐지?",Culture
400년 전 사라진 거대 야생 소...살아남은 존재 있다,Culture
“무작정 달리면 소용 없어”… 뇌를 깨우고 행복 느끼는 방법 6가지,Culture
“아침에 눈뜨니 침대가 360도 빙글” 한가인 괴롭힌 ‘이 질환’,Culture
올봄 역대 두 번째로 더웠다…1위는 2023년 봄,Culture
"혈압 높은 사람, 운동하면 위험할까?",Culture
역대급 뜨거운 바다…올여름 엘니뇨 발생 확률 80%,Culture
역대 2번째 더웠던 봄…5월엔 이른 폭염도 기승,Culture
금은보화 꽃나무 나란히 피었네…한·프랑스 140년 돌아보는 ‘반화’,Culture
"""30대에 실명"" 앤 해서웨이 깜짝 고백...'젊은 백내장' 원인 뭐길래",Culture
주차장 한구석에서 무릎으로 빚은 ‘하나님의 이름’ 100가지,Culture
"“20대 미모”… 남규리, 매일 ‘이것’ 먹는 게 비결?",Culture
"BYD, '자율주행 사고 전액 보상' 선언…경쟁 축 '기술'서 '신뢰'로 이동",Culture
"잠 못 드는 새벽 2시, 휴지통에 넣은 '숫자들'",Culture
"죽은 뒤에야 사라질 고통, 그래도 살아가야 한다…연극 '반야 아재'의 여운",Culture
이승환 “구미 세금으로 배상금 지연 이자 12%…내가 다 아깝다”,Culture
"""인생 첫 번째 예능""…'AI 깐부' 젠슨 황, '유 퀴즈' 뜬다",Culture
[날씨] 중부 폭염급 더위…남부·제주 비 오후면 그쳐,Culture
"“운동만 하면 체중의 2~3% 빠지지만…심장·혈관엔 좋다, 왜?”",Culture
단백질 70%라는데⋯사람들이 선뜻 못 먹는 이유,Culture
"올해 첫 태풍 영향…제주·남해안 호우, 중부 더위",Culture
"고종의 반화, 이재명의 반화 오마주…140년 이어진 韓佛 우정 전시 (종합)",Culture
"남이섬에서 백담사로, 시 한 편이 눈에 띄었습니다",Culture
탈모 환자 12개월 추적하고 알아낸 사실,Culture
"호텔에서 쓰고 남은 비누, 어디로 갈까",Culture
"춤 대신 말 한마디가 통했다···“헬로우”말하자 수백만 조회수, ‘와우오케이’가 뭐길래?",Culture
[르포] '폐수 없는 제련소' 영풍 친환경 제련의 미래 여나,Culture
"대웅제약, 차임 바이오와 면역질환 치료제 개발·생산·사업화 계약",Culture
"‘AI 황제’ 젠슨 황, 국민MC 유재석 만난다",Culture
"45㎏ 만든 아침 루틴…하지원, 10년째 레몬물에 넣는 가루 정체 [라이프+]",Culture
"""도심 재개발 교회 부지 대토 받았더니 경사면이라면?""",Culture
"커피 각성 효과 오래 누리려면 자몽 주스와 마시라던데, 정말?",Culture
"이규택 전 의원, 40년 정치 현장 담은 회고록 출간...""정치는 권력이 아니라 책임""",Culture
“일본 스모 선수 같다”는 홍현희 과거 모습… 체중이 외모에 미치는 영향,Culture
"""간문맥성 폐고혈압도 간이식 가능""…고위험 환자 생존 길 열렸다",Culture
"""벤츠 중에서도 최고급""…이건희 회장도 탔던 '이 車' [모빌리티톡]",Culture
[2시뉴스 날씨] 태풍 ‘장미’에 제주·남해안 비바람…중부는 33도 더위,Culture
"[단독] ""없으면 안되는 약인데""…퇴장방지약, 5년 새 71건 '퇴장'",Culture
"“미안해요, 이 방법 밖에 없어요”… 그 환자가 ‘존엄사’ 선택한 결정적 이유는?",Culture
“받은 사랑이 많아서”…13년간 쌓은 쌈짓돈으로 장학금,Culture
독감백신 10명중 8명 맞는데…왜 입원환자는 늘 고령층일까,Culture
서울 관광객 3000만 시대 공약 대결…오세훈 '3377' vs 정원오 '착착관광',Culture
"중국차, 미국 진출 왜 어렵나…로터스가 보여준 현실",Culture
"항공료 부담 커진 6월…제주, 2박 이상 체류객에 최대 5만원 지원",Culture
냄새 안 나더라도… 음식 상했다는 신호,Culture
"교회 안 부동산 대화, 전·월세 교인은 말문 막혔다",Culture
마크롱 국빈 선물 ‘반화 오마주’ 원형…140년 전 고종의 선물 공개,Culture
"""울릉도·독도는 우리땅"" 300년도 전에 조선이 울릉도 암벽에 새긴 의지",Culture
"[날씨] 올 최고 더위, 서울 33도…남부 오후까지 비",Culture
“연극은 비싸서 안 본다?”…매출 194% ‘떡상’ 시킨 블록버스터의 저력,Culture
"12세에 생긴 작은 결절, 10년 지나 거대해져 안면 변형까지… 정체 뭐길래?",Culture
"""당뇨 걱정된다면 아침부터 챙겨야""⋯혈당 안정시키는 '이 음식' 정체는?",Culture
"""위고비·수술 다 안 했다""⋯즐기면서 100㎏ 뺀 女, 가장 먼저 버린 '이것' [헬스+]",Culture
[자막뉴스] 긴급재난문자까지 발송...올해 첫 태풍특보에 물난리,Culture
꿀 vs 메이플시럽…칼슘 19배·마그네슘 9배 더 높은 것은?,Culture
소시지 VS 베이컨…굳이 따지자면 어느 쪽이 건강?,Culture
[뉴스12 날씨] 오후까지 남해안·제주 비…서울 33도 더워요,Culture
"넷플릭스 ‘다시, 서울에서’의 그녀, 한국관광 홍보대사 됐다",Culture
땀 흘리면 독소 빠진다고?… 인간이 땀을 흘리게 된 이유는 달랐다,Culture
‘유산균 요거트’ 식전·식간·식후…언제 먹어야 장 건강에 베스트?,Culture
“커피는 오전에만?”… 스타벅스에 오후 손님 몰리는 이유,Culture
나주목사·프랑스 영사 ‘막걸리·샴페인’ 만찬… 그때 그 ‘옹기주병’ 175년만에 귀국,Culture
"에세이 펴낸 요가소년 “몸과 마음이 보내는 신호, 빨리 알아채는 게 중요”",Culture
"""몸속 지방산이 암세포 성장 억제"" KAIST",Culture
"모기 잡겠다며 3200만 마리 푼다…구글의 실험, 정말 괜찮을까",Culture
"큐리언트 항암제 '모카시클립', 유방암 환자 대상 임상 본격화",Culture
4박에 단돈 5만원…누구나 즐기는 비현실적 ‘섬 워케이션’,Culture
"3%대 치솟은 물가…식품업계, '싸고 푸짐하게' 가성비로 돌파구",Culture
코로나 때 ‘암 진단’ 누락…고소득 7개국 5만5000건,Culture
“나트륨 폭탄” 고준희 흡입한 음식의 정체는?,Culture
"현대차 인도법인 ""일시적 생산차질 전망…대체 공급망 모색중""",Culture
‘갑상선 수술’ 환자의 큰 고민거리…“내 목소리 언제쯤 돌아올까?”,Culture
"'다빈치' 장인이 되살린 나무와 꽃…""선배들의 손길 떠올렸죠""",Culture
"젠슨 황, 유재석 ‘유퀴즈’ 나온다…최태원·구광모와 ‘삼겹살 회동’ 어디서?",Culture
"김연경 ‘이것’ 맛있게 먹더니…갑자기 ‘피로감’ 호소, 왜?",Culture
"온코닉 '자큐보', 인도서 미란성 위식도역류질환 3상 성공",Culture
"때 이른 6월 폭염, 수분 96% 채소와 MZ세대 픽 ‘가벼운 보양식’ 뜬다",Culture
디지털 입고 야성 더했다… 한국상륙 30년 포드 익스플로러의 ‘본질적 진화’,Culture
성실했던 청년은 어떻게 빚의 벼랑 끝에 서게 됐나,Culture
에어프라이어에 ‘이 음식’ 넣으면 발암물질 생겨…피해야 할 식재료 3가지,Culture
"‘30kg 감량’ 비결… 이찬혁이 이수현에게 꼭 하라고 시킨 것, 뭘까?",Culture
[속보] 진주시 평거동 노후 관로 누수… 단수로 600여 가구 피해,Social
"[단독] ""철근 절반 빠진 실버타운 공사"" 시공사·감리사·신탁사·춘천시·국토부 함께 덮었다",Social
고속도로 터널 입구서 SUV가 옹벽에 '쾅'…운전자 사망,Social
"""형들 기다리던 돈 자랑 3탄""...SK하닉 직원, 또 보육원 후원 '훈훈'",Social
레고랜드 절반이 물놀이장으로… ‘썸머 플레이’ 19일 개막,Social
진안 고속도로 터널서 승용차 사고…50대 운전자 숨져,Social
"""생활비 모자라""…'하반신 마비' 남편 몰래 유흥업소 나간 아내, 이혼 될까",Social
“비싸도 기념일마다 갔는데” 2030 열광하던 오마카세…결국 우르르 폐업,Social
'74명 사상' 안전공업 화재 원인 규명 본격화…발화부 추가 합동감식,Social
'송파 개표소' 나흘째 봉쇄…선관위 수사 본격화,Social
"한성숙 ""전환적 시기에 총리 지명…막중한 책임감""",Social
"""너 죽어도 아무도 신경 안 써"" 30대 친모가 7살 아들 폭행한 이유",Social
필리핀 인근 해역서 규모 7.8 강진 발생…“쓰나미 경보 발령”,Social
"""애가 셋? 애X끼들 키우기 힘들⋯"" 면접관 발언에 분노한 40대 가장",Social
인천서 업주 살해하고 도주한 중국 국적 강도 검거,Social
잔소리 했다고 '주먹질'…80대 노모 멱살 잡은 50대 실형,Social
"""내 집서 핀 것도 안 되냐?""…증거 없는 '층간 흡연'에 우는 윗집",Social
허태정 당선에 대전시 11개 출자·출연기관 장 교체 수순,Social
"10명 중 9명이 찬성했다…“정년 65세로 올려야, 최대한 빨리”",Social
"""서울에 학생이 없다""…저출생 여파에 '70만명대' 진입, 역대 최저",Social
나흘째 이어진 개표소 집회...현장 구호 변화 눈길,Social
BTS 부산 공연에 '반값 시티투어'… 바가지요금 맞서 '착한가격' 띄운다,Social
"""아이를 잘못 키웠습니다""…PC방 난동 여중생 부모의 호소",Social
"""젠슨 다녀감"" 삼겹살집 테이블에 젠슨 황 사인이…""유리 덮어 보존하자""",Social
"민주노총 ""투표지 사태, 선관위 해체 수준의 혁신 해야""",Social
"'투표지 수사' 합수본으로...경찰, 고발인 조사",Social
"“생활비 빠듯한데 주식은 무슨, 희망은 로또뿐”…저소득층 복권소비 급증",Social
"“화려함 대신 진심”… 울산시, ‘작은 결혼식’ 1호 부부 탄생",Social
"'오늘도 즐거웠어, 남편은 모르지' 문자 봤는데…아내 ""휴대폰 왜 봐, 고소""",Social
“돈 자랑할게” 하이닉스 직원이 부른 기적…보육원 ‘도서관’ 이렇게 바뀌었다,Social
"민주노총 ""투표용지 부족, 선관위 적폐 밝혀야…음모론엔 반대""",Social
"선관위 향해 ""국민주권 훼손‥검경이 수사""",Social
상점 주인 둔기로 살해하고 70만원 빼앗아 도주… 40대 男 검거,Social
"한성숙 총리 후보자 ""무거운 책임감...낮은 자세로 임할 것""",Social
결혼 9년만에 임신…쌍둥이 첫째 잃었으나 22주 버텨 둘째 출산,Social
고군산군도 말도∼명도∼방축도 잇는 트레킹코스 임시 개통,Social
"HJ중공업, HD현대 손잡고 자율운항선 시장 선점 나선다",Social
"""'기분 상해죄'가 '아동학대' 되는 것이 현실""…공교육 멈춰 세운 '아동복지법'의 덫",Social
"민주노총 ""투표용지 부족 사태, 선관위 구조적 적폐 밝혀야""",Social
"""선관위 제외, 묵묵한 헌신 인정한다"" 공무원들 마음 울린 격려글",Social
"안전공업 화재 추가 합동 감식…""발화 추정지점 첫 확인""",Social
"""자식 교육 잘못 시켰다""…PC방 소화기 테러 여중생 부모, 고개 숙였다",Social
"""몇알 먹어야 환각돼?"" 놀이 된 청소년 약물 복용 [약에 취하는 아이들②]",Social
"""초여름 수국 보러 오세요""…노원구 20∼21일 '초안산 수국축제'",Social
"2019년 한화 대전공장 폭발로 납품 지연…대법 ""배상금 이자 다시 계산""",Social
"""카페 수조에 멸종위기 백상아리가?""…'경주 투썸' 매장, 사육하다 방류",Social
"젠슨 황, 이재용·정의선·최태원 중 가장 친한 사람 묻자…""쉽다""",Social
"유정복 인천시장 ""선거 관리 부실 사태, 특검+사전투표 폐지해야""",Social
"서울시 노조 ""오세훈, 불필요하고 덜 급한 일 걷어내야""",Social
"서울 시의원·구의원 108명, 벽보·투표·토론도 없이 당선",Social
"SK하이닉스 직원의 '돈 자랑'에 쏟아진 응원…""1억 성과급보다 값진 나눔"" [따뜻했슈]",Social
AI PC의 의미,Social
"경기 안산 공장 화재, 10시간30분 만에 초진…한때 대응 2단계 발령",Social
"""유부남과 불륜·동거까지""…유명 연프 출연자, 상간녀 폭로글 '파장'",Social
경남 통영시 부근 해역에서 규모 2.9 지진,Social
잠실 투표소 봉쇄 시위 나흘째…시민들 2만명까지 모였다,Social
"[단독] 강남구청, 초등학교 옆 ‘사이버 룸살롱’ 제재 착수… 무단 용도 변경 적발",Social
화려했던 '직구시대' 저문다…강달러에 배송대행업체 비명(종합),Social
'74명 사상' 안전공업화재 추가 합동감식…발화부 살핀다,Social
"""건진 만난 적 없다"" 尹 '허위사실 공표' 1심, 오늘 결심공판",Social
고래 품은 8000년 전 뼈 한 점… 8000년 울산 바다가 국가유산 된다,Social
"코스피 7,500선 무너져…서킷브레이커 발동",Social
"""한국 오자마자 PC방으로"" 젠슨 황이 페이커부터 만난 이유",Social
소형 원자로로 대형 화물선 움직인다,Social
"이 대통령 지지 55.2%로 3.9%p 하락…""투표용지 책임론·고환율"" [리얼미터]",Social
월요일 낮 '선선'…강원·충북·경북 등 곳곳 소나기,Social
"""잠실 시위 선결제 해줘"" 아이유·조인성·박보영 등 SNS '불똥'",Social
"""교권 추락 피해 심각…교육력 저하는 곧 국가 경쟁력 소멸로 이어져""",Social
[내일날씨] 전국 맑은 하늘…야외활동 최적,Social
"""영구 보존해야""…젠슨 황, 다녀간 식당에 '사인' 남겨",Social
'상조회' 유감<일상이 뉴스다!>,Social
"절에서 만난 인연, 결혼까지… ‘나는 절로, 낙산사’ 참가자 모집",Social
"""돈보다 생명을""…아프고 힘 없는 이의 의사 우석균 선생 별세",Social
전통시장서 국산수산물 구매하면 최대 2만 원 돌려준다,Social
서울 중형택시→고급·대형 전환 쉬워진다…'무사고' 삭제,Social
"인천서 슈퍼마켓 주인 강도살해, 40대 외국인 긴급체포",Social
국민 88.3% “정년연장 찬성”,Social
"에이비엘바이오 ""글로벌 ADC행사서 이중항체 소개""",Social
여러 겹 쌓아도 전자 특성 유지하는 차세대 2차원 소재 개발,Social
"""XX 놈아"" 욕설에 멱살까지…조국혁신당 총무국장 1심 벌금형",Social
"가게 업주 살해하고 도주한 40대 강도, 하루 만에 검거",Social
"구다이글로벌, 구창근 전 CJ올리브영 대표 선임…공동대표 체제 전환",Social
"가로림만 서산갯벌, 유네스코 세계자연유산 등재 '청신호'",Social
'검사실 술파티 위증 혐의' 이화영 국민참여재판 8일 시작…열흘간 진행,Social
"펩트론, 美학회서 월1회 비만치료제 연구결과 발표",Social
"경찰, '용지 부족' 잠실 투표소 해산 과정서 '과잉진압' 피고발",Social
"부산교통공사, BTS 공연 앞두고 ‘안전 귀가’ 준비 마쳤다”",Social
"李 '투표용지 합수본 구성' 지시에 출범 속도…대검 ""국민적 의혹 엄정 규명""",Social
전재수 부산시장 인수위 가동… '퐁피두센터' 등 기존사업 전면 재검토,Social
"종이상자 공장서 시작된 불, 인접 9개 업체로 번져…소방 10시간여만에 초진",Social
"대법 “2019년 한화 폭발사고 납품 지연 배상금 이자, 다시 계산해야”",Social
안산 공장 화재 10시간 만에 큰불 잡혀,Social
"""비행기 사고 보더니, 못 간다""…칠순여행 일주일 전 취소한 시어머니",Social
한화에어로 공장 폭발로 납품 지연…지체상금은 감액된 사연,Social
세종 첫 여성교육감 강미애…신도시 표심이 승부 갈랐다,Social
"정용진 회장, 광주서 '탱크데이' 직접 사과할까",Social
'송파 개표소 봉쇄' 나흘째…밤샘 시위 계속,Social
서울시 1급 간부들 일괄 사표 제출…민선 9기 앞두고 조직 정비 본격화,Social
"추경호 대구시장 당선자, '소통형' 시장직 인수위원회 구성",Social
"'서흥원 군수 공약' 양구군, 대학생등록금 전액 지원사업 1차 지급 완료…238명 5억5700만원",Social
임시 개통 4개월 포항 해오름대교…주탑 공사는 아직도,Social
"포스텍, 단 한번 접종으로 장기간 면역 효과 내는 백신 기술 개발",Social
휴가 계획 아직이라면… 에어부산이 꺼낸 ‘여름 여행 초대장’,Social
‘탁 치니 억 하고 죽었다’ 대공분실 찾은 중학생들 “민주화 열망 느꼈다” [세상&],Social
"""테무 경찰이세요?"" 도 넘는 조롱에…가족들 울분 [소셜픽]",Social
"세종시, 전기차 보조금 지원 265대 추가…25억원 배정",Social
"대한조선, 美 해군 함정 MRO 시장 진출…'MSRA 인증 지원사업' 최종 선정",Social
"""이게 난리 칠 일인가요?""...친한 친구 장례식 다녀왔다가 파혼 위기 맞은 男 [어떻게 생각하세요]",Social
송파 개표소 앞 농성 나흘째...투표함 반출 난항,Social
"새벽 모내기 논 살피러 간 70대, 농수로 빠져…결국 사망",Social
尹 허위사실 공표 혐의 1심 오늘 결심공판,Social
"""수술실 CCTV 있다는데""...환자 절반은 몰랐다",Social
동부 중심 소나기…돌풍·천둥번개도 '주의',Social
"광주시립제2요양병원 폐업 후 근로자 해고…法 ""부당해고 아냐""",Social
"전국 최고 득표율로 재선 오른 박병규, 첫 공식 행보는 ‘연결도시 광산’",Social
"""젠슨 황 다녀감""…'삼소회동' 열린 삼겹살집 테이블 사인 '눈길'",Social
지난해 입원 1위는 '노년백내장'…의료비는 치매 1조9천억원 최다,Social
창원서 술 취해 동거인에 흉기 휘두른 30대 여성 체포,Social
"청라시티타워, 448m 청사진은 그대로…착공 막는 법정 공방",Social
'2030 중심' 개표소 봉쇄…'음모론·극우 세력'엔 선 긋기,Social
[출근길인터뷰] 그냥 감기인 줄 알았는데…여름철 레지오넬라증 비상,Social
"""일베들 탱크로 밀어버려야""...매불쇼 최욱 발언 논란 ""내로남불 어디 가냐""",Social
조직 리더 때문에… 직장인 80%가 '퇴사 고민'하는 이유 [서베이 행간읽기],Social
"""합법적 몽둥이 필요""…정준희 교수 발언에 한양대 학생 반발",Social
"음식들 위에 비둘기…""너무 충격적"" 영상 논란",Social
인천 철도선로 인근서 화재…열차운행 지연 소동,Social
"충남도, 청양군 상정 '지명' 제정·변경 안건 263건 의결",Social
"""탱크로 일베 밀어야""…'매불쇼' 최욱 발언 논란 [소셜픽]",Social
"젠슨 황이 사인 남긴 삼겹살집 테이블 공개…""VIP석 됐다, 방탄유리 깔자""",Social
"[주목! e장면] '신호 무시·차선 이탈' 수상한 앞차, 검거해 보니…",Social
"조상호, 세종 신도시 11곳 평균 득표율 61%대 강세 뚜렷히 입증",Social
나흘째 '재선거' 시위...이 시각 송파 개표소,Social
소멸시효 완성 후에는 금전 무상대여이익…특정법인 증여의제 적용 안돼 [판례연구],Social
5주기 앞둔 광주 학동참사 행정처분·추모공간 논의 '제자리',Social
"[건강포커스] ""GLP-1 비만치료제 사용자, 비만 관련 암 발생 위험 41% 낮아""",Social
"'째려봤다'고 고소하고, 무혐의 나와도 2차 고소…'교권 추락'에 신음하는 교사들",Social
"[박상욱의 기후 1.5] 계절도, 장마도 바꾼 기후변화",Social
"""합불자료 좀"" 친구 부탁에 개인정보 유출한 교사, 무죄…이유는?",Social
"‘돌려차기’ 가해자, 영치금 사용 신청 논란",Social
"추경호 당선인, 인수위 구성 완료·출범",Social
조회수 '수십만 회'…대학생들에 인기 폭발,Social
오늘 선선한 낮···일부 지역 소나기,Social
서울 자치구 곳곳에 피어나는 ‘매력정원’…도심 속 힐링공간 확산,Social
북한 노동자 단체가 민주노총에 보낸 연대사…항소심도 “이적표현물 아냐”,Social
"""죽을죄를 지었습니다"" PC방 '소화기 테러' 여중생 부모가 올린 사과문",Social
게임하는 초등생 아들 때린 50대 징역형 집행유예,Social
"조수빈 아나운서, 선관위 작심 비판…""해체 아닌 분쇄돼야""",Social
'2030 주축' 잠실 투표소 나흘째 밤샘 집회…李 대통령 '4부 요인' 회동,Social
[날씨]전국 흐리고 곳곳 소나기…더위 한풀 꺾인다,Social
선거법 위반만 1660건…짧은 공소시효·검찰 변화 맞물려 공백 우려,Social
가로수길 미식 이어 한강서 콘서트…13일 강남구 축제 '풍성',Social
대기업 가려고 퇴사하는 MZ들?…반전 진실,Social
“선 하나 그었을 뿐인데”…‘수직 주차선’ 호평,Social
스타벅스 ‘518 탱크데이’ 논란…美 본사 “부적절한 마케팅” 사과,Social
"택시 주유소로 돌진, 2명 사망…담배 피우다 바다에 '풍덩'",Social
소비 부진에 '스펀지 마늘'까지‥'한숨' 속 수확,Social
세계적으로 막강한 지위…감시와 견제는 구멍,Social
"중앙일보 ""국민에 귀 기울이되 부정선거 음모론자 주장 걸러내야""",Social
"1,300명 살린 마지막 비행…김도현 중령을 기억하다",Social
"""정치 얘기만 나오면 사람 취급 안 해""…시어머니 때문에 고민이라는 며느리",Social
"""브레이크 어디 있는지도?""‥또 레일바이크 사고",Social
" 법원 ""북한 노동자 단체 민주노총 연대사, 이적표현물 아니다""",Social
"[와글와글 플러스] ""1등급 아니면 끝"" 고1 자퇴생 1만 명 돌파",Social
[이시각헤드라인] 6월 8일 라이브투데이,Social
"[인터뷰]""의사과학자가 대한민국 미래""…간질환 정복 나선 '슈퍼맨 3인방'",Social
푸드존·화장실 줄서기만 3시간…록페 티켓 과다 판매 논란,Social
“일반→모범택시 전환 쉬워질 듯”…‘무사고’ 요건 삭제 등 요건 완화,Social
"[와글와글 플러스] 국민 10명 중 9명은 ""정년연장 찬성""",Social
'가짜 제미나이' 피해 속출‥'환불불가' 덤터기,Social
"“네가 뉴스를 안 봐서” 정치 이야기 강요하는 시모, 어떡하죠?",Social
[인터뷰] 'K-방산 출발점' 국산 첫 소총 만든 '도미기사단' 강흥림씨,Social
제주 출생아 25% 산부인과 폐원 소식에 '술렁'…필수의료 공백 우려,Social
"""애가 셋이네요? 애새끼들 키우기 힘들…"" 면접관 막말에 40대 가장 '분노' [어떻게 생각하세요]",Social
"""특정 정치 성향 지지하는 시모, 만날 때마다 강요해 너무 피곤""",Social
"[투데이 라인업] 이 대통령, 취임 1주년 기자회견 / 한성숙 국무총리 후보자, 인사청문회 준비단 사무실 첫 출근 / 시진핑, 7년 만에 북한 방문 / 삼성전자, 구매액 20% 온누리상품권 환급",Social
"'검사실 술 파티 위증' 이화영 국민참여재판, 수원지법서 오늘 시작",Social
"""AI 때문에 결혼생활 대위기""…난리난 부부들?",Social
인구는 일본이 2.5배 많은데... 플라스틱 쓰레기는 한국이 2배 더 버린다,Social
"이제 입학했는데 ""자퇴할래요""…떠나는 고1들",Social
[손병관의 뉴스프레소] 투표용지 사태' 계기로 '전국 재선거' 요구한 장동혁,Social
"尹 ""건진법사 만난 적 없어""…허위발언 혐의 결심공판",Social
낙선한 김영환 지사 “승복할 수 없다”,Social
"""결정 번복만 수차례""…'갈대 같은 시어머니'에 며느리 한숨",Social
"""도둑 들었다"" 곳곳서 난리…기막힌 수법까지",Social
"""쥴리 의혹으로 정신건강 악화""…김건희, 엄벌 탄원서 제출",Social
"시립요양병원 폐업 후 근로자 해고…法 “통상해고, 부당해고 아냐”",Social
"시립병원 폐업으로 직장 잃은 직원들…""부당해고 아니다""",Social
"병원 폐업으로 근로계약 종료…법원 ""부당해고 아냐""",Social
법원 “광주시립 제2요양병원 폐업 후 근로자 해고는 부당해고 아냐”,Social
"훔치고, 도망가고, 모른 척…'바늘도둑' 경보령 [사건실화]",Social
"헌재 사무처장 ""계엄 이후 헌법교육 크게 늘어…센터 세워 K-민주주의 상징으로""",Social
"손인혁 헌재 사무처장 ""재판소원, 헌법국가 실현 최종단계…첫 결정 늦지 않을 것""",Social
"병원 문 닫자 일자리 잃은 직원들 ""부당해고"" 소송…법원 판단은",Social
"샤워하는 사이 울린 알림 ""오늘도 보고 싶어요""…아내 폰 열어보니 '충격'",Social
"""재선거만 외쳐주세요"" 잠실개표소 시위 주축 2030, '성조기 자제령'",Social
4만 원이 된 도수치료…'의료 쇼핑'의 종말이 남긴 과제,Social
"서울시, 중형택시→고급·대형택시 전환 문턱 낮춘다",Social
[AM-PM] 이 대통령 취임 1년 기자회견…젠슨 황 방한 나흘째 광폭 행보 外,Social
PC방 소화기 테러 여중생 부모 “촉법소년 폐지돼야”…공개 사죄문 올려,Social
"21살 가발공장 노동자, 어떻게 대통령을 몰락시켰나 [김종성의 '히, 스토리']",Social
"""일베, 전두환식 탱크로 밀어버려야""…매불쇼 최욱 발언 논란",Social
"[스타트 브리핑] ""공정 훼손·권리 침해에 분노""...잠실로 몰린 2030",Social
개표소 봉쇄 나흘째...새벽에도 수천 명 시위 계속,Social
"""음료 3잔이 횡령?…'제 스무살 끔찍' 알바생 절규에 변호 맡았죠""",Social
"대리기사 매달고 질주‥""살인 맞지만 징역 13년""",Social
"""선거업무 하청, 한계"" 경고했지만…4년간 손 놓았다",Social
[와글와글] 달리는 차량에서 '굉음'‥무슨 일?,Social
GTX-A 삼성역 철근 178t ‘발주도 안 했다’··· 커지는 안전 우려,Social
윤호중 장관 “‘그 정도면 됐다’고 할 때까지 사과해야 한다”,Social
[전국 톡톡] 조선업계 '훈풍'‥선박 이어 해양플랜트까지,Social
"한밤 시커먼 연기 기둥…""창문 닫고 우회"" 재난문자",Social
"재판장도 분노한 '현실판 더 글로리'…""어떻게 이런 일이 생길 수 있나""",Social
부실 관리에 재선거 가능? 현행법 따져보니,Social
신임 국무총리 후보자에 한성숙…역대 2번째 여성 총리[간추린 주말 뉴스],Social
"티켓 1만장 넘게 팔더니…""줄서기만 3시간"" ""다신 안 가""",Social
무책임한 '수뇌부 증발'‥수습할 사람도 없어,Social
"""선관위, 해체 아닌 분쇄돼야"" 조수빈 전 KBS 아나운서 작심 비판",Social
“이제 청년 대량실업은 불가피해졌다”…KAIST 교수의 혹독한 통찰,Social
"“일베, 탱크로 밀어야” 매불쇼 최욱 발언 논란",Social
"젠슨 황, LG·서울대·현대차·네이버 광폭 행보… 밤엔 치킨 회동",Social
"서울 중형택시, 고급·대형택시 전환 쉬워진다…무사고 요건 삭제",Social
잠자는 퇴직금 깨운다…기금형 퇴직연금에 국민연금 참여 논란,Social
"글로벌 거래소 OKX 수장이 코인원에 꽂힌 이유…""기술이 통했다""[인터뷰]",Social
7월 개원한다더니… 예천 공공조리원 준비 미비에 산모들 분통,Social
[법조브리핑] 성범죄 군인은 수강명령 불가?… 대법 “신분 상실 땐 가능”,Social
"대법 ""방사청, 한화에어로에 지체상금 일부 돌려줘야""",Social
처우 때문에… 민원 때문에… 새내기 교사부터 교장까지 학교 탈출 심화,Social
"더 어릴 때부터, 점점 고액으로…교묘하게 진화하는 사교육",Social
"“폭발 사고 났다고 6개월 작업중지는 과도”… 정부, 한화에 19억 지급 확정",Social
[인터뷰] “자유 아니라 책임 얻은 날”… 34년 문신 판례 바꾼 문신사의 8년 싸움,Social
스벅 사태·투표지 부족 등 논란마다 고발장 봇물…3년새 59% 급증,Social
"손해배상 못해줘도 영치금은 쓸래… ‘부산 돌려차기’ 가해자, 법원에 압류금지 신청 [사건플러스]",Social
[더 한장] 청년 대거 몰린 ‘잠실 참정권 시위 현장’,Social
"""새 술은 새 부대에?""…전재수, '박형준 표 조직·인사' 손질 전망",Social
특허만료 앞둔 빅파마…콕 찍은 미래먹거리 '이것',Social
"한화에어로, 국가 상대 소송 일부 승소…지체상금 감액 확정",Social
[OK제보] 푸드존·화장실 줄서기만 3시간…록페 티켓 과다 판매 논란,Social
"한화에어로 ""작업 중지명령 탓""…폭발사고 지체상금 19억 반환 확정",Social
"[오늘날씨]전국 오전 비 소식, 오후엔 동쪽 소나기…낮 최고 27도",Social
"""머리 싹뚝, 빡빡 못 밀어 죄송""...PC방 소화기 테러 여중생 부모 사죄문",Social
'성추문 군수·뇌물 혐의 시장'…민주당에 내주고 떠나는 동해안 3선 권력,Social
'내신 5등급제' 1년…경쟁 완화 대신 학업중단·검정고시 늘었다,Social
"""건진법사 만난 적 없다"" 윤석열 허위사실 공표 1심 마무리",Social
"한화에어로 공장 폭발로 납품 지연…대법 ""지체상금 20% 감액 정당""",Social
"30㎝ 흉기 들고...피로 물든 초등학교, 아이들 8명 숨졌다 [뉴스속오늘]",Social
"연 324% 이자 뜯어낸 대부업자, 추가 이자 돌려주면 그만일까?",Social
화려했던 '직구시대' 저문다…강달러에 배송대행업체 빨간불,Social
"""멀쩡한 사람 중국인 만들기 멈춰야""…이준석, 잠실 시위장서 번진 '중국 공안 음모론' 비판",Social
"자다가 흉기 피습…피해자에 ""넌 죄 없다. 재수없는 거다""",Social
[이 시각 핫뉴스] 젠슨 황 방한에 장녀 깊이 관여…총수 회동도 챙겨 外,Social
개표소 봉쇄 나흘째...새벽까지 수천 명 '밤샘 시위',Social
"尹 '평양무인기' 이번 주 1심 선고…특검, 징역 30년 구형",Social
"[사건사고] 간선버스, 상가 돌진 승객 부상…주말 곳곳서 사건사고",Social
'낭만러너' 심진석은 왜 오버페이스 할까?[페이스메이커],Social
'술파티 위증' 이화영 국민참여재판 오늘 시작…역대 최장 전망,Social
"""미신이다""vs""큰일 앞두고""…결혼 4개월 전 장례식장 조문 갑론을박",Social
전국 흐리고 곳곳 소나기…천둥·번개 주의,Social
'용지 없어 못한 투표' 배상 받을 수 있나…판례 살펴보니,Social
충격의 '비둘기 뷔페' 된 노점상…길거리 음식 위생 '비상',Social
"""며늘아 솔직히 말해봐""...만날 때마다 정치 성향 강요하는 시모에 '한숨'",Social
佛 출장에 여섯 자녀 데려간 美국방,Social
‘재건축·재개발 TF’ 곧바로 가동…고령층·다자녀 가구 재산세 감면[민선 9기 단체장에게 듣는다],Social
“위험도 감수”… 아마존 성공 뒤엔 美 금융 생태계 있었다[생산적 금융 설계도 3회],Social
"‘사법리스크’ 오세훈·추경호, 10일 재판 재개…이르면 12월 시장직 판가름",Social
투표 관리관들 “대선보다 참관인 많아… 부정선거 불가능”,Social
北·中 격변 관계에 휘말린 '유령 인생'…'여지'가 필요하다,Social
[단독]소년재판 실무제요 12년 만에 바뀐다…촉법·우범소년 논의도,Social
공정이슈 불붙인 ‘훼손된 한 표’… 잠실로 몰린 2030,Social
‘미니총선’ 민주 9석 지켜…국힘·무소속 5석 확보,Social
민선 9기 ‘농업 전문가’ 곳곳 포진…지방농정 활력 기대,Social
"""유부남과 교제하며 연프 출연?""…'불륜 폭로글'에 의혹 확산",Social
'연어 술파티 위증' 이화영 국참 시작…주요쟁점은 '이것',Social
검찰청 사라지고 4심제 도입…후유증 우려 남겼다 [李 정부 1년],Social
지역의사 확충 긍정적…늦어지는 연금 구조개혁 아쉬움 [李 정부 1년],Social
"오세훈·추경호 재판 재개, 민심 넘었지만 사법리스크 남았다",Social
"[단독] 보좌진 멱살 잡고 “XX 놈아”…혁신당 총무국장, 1심 벌금형",Social
"예약 여행 취소, 한복도 4번 바꿔…죽 끓듯 변덕 시모, 며느리 번번이 골탕",Social
"""정치 성향 다르면 '사람 취급' 안 하는 시모…만날 때마다 너무 피곤""",Social
[오늘 날씨]경상·강원권 '소나기 주의보'…전국 대체로 흐림,Social
"[단독]“간병비 건보 적용 시범사업에 1, 2등급 요양병원만 포함”",Social
"[단독]檢 “이호진, 와인업체 등 통해 부인에 허위급여”",Social
레미콘노조 “오늘 휴업 돌입” 수도권 1만대 스톱,Social
풀액셀 시속 40km… 장생포 명물은 ‘고래카트’,Social
1등급 탈락 우려에 작년 고1 자퇴 1만명,Social
"한국 영재 '카이스트 대신 중국 공대' 갈 때, 중국인은 한국 도피 유학 온다",Social
폐현수막 온실가스 선거때마다 600t… “PVC 사용 막아야”,Social
진보 교육감은 정부 편? '80조 교육교부금' 앞에선 내 편 없다,Social
[단독] '인재에 미친 나라' 중국이 한국인 교수에게 건넨 것들... 억대 연봉·공항 프리패스·영주권,Social
"""국힘도 깜짝 놀랐을 것""… 김부겸, 졌지만 TK에 남긴 '변화'의 불씨",Social
"검찰 못 믿어 특검까지 했는데, 돌고 돌아 셀프 종결된 '관봉권 의혹'",Social
"""20대는 합법적인 몽둥이 들어야 할 대상""…정준희 교수 발언에 한양대 학생들 반발",Social
게임하는 초등생 아들 폭행한 50대 아빠…자다가도 때렸다,Social
"'불공정' 뿔난 2030… ""재선거"" 밤새 목청",Social
이천 교사 사망 파장… 교육계·정치권 움직인다 [사학 카르텔의 폭로자 찍어내기],Social
이번 주 윤석열 '무인기 의혹' 선고...징역 30년 구형,Social
“고고학 문턱 부숴 우습게 만들고파”… 맨손으로 주먹도끼 만드는 족장님,Social
담뱃불로 지지고 성범죄 방조…‘더 글로리’보다 더 잔인한 집단 가혹 행위,Social
'주청사 없다지만'...전남 의대 설립도 갈등 '뇌관',Social
“착한 아들”“잘 가”… 한화에어로 사고 희생자 3인 ‘눈물의 발인’,Social
핫도그 사먹으러 갔다가 ‘경악’…비둘기가 먼저 쪼아 먹는 길거리 음식,Social
‘투표도 못하는 나라’ 2030 분노 터졌다,Social
"“스벅 사태 땐 한마디씩 얹던 기성 세대, 참정권 훼손엔 침묵하나”",Social
[핫코너] “수능 잘 봐서 하이닉스 가자”,Social
아파트 한 동서 한두 집만 태극기… 현충일 조기 게양이 사라졌다,Social
"‘내신 5등급’ 후폭풍… 고1 자퇴생, 1만명 넘어",Social
잠실 투표소 봉쇄 시위 나흘째로…새벽에도 수천명 자리지켜,Social
“동호회 아니면 못 칠 판”⋯공공배드민턴장 클럽 전용 논란,Social
춘천경찰서장에 박재삼…경찰청 총경급 전보인사,Social
"75년 만에 양구전장 찾은 백세 노병 ""군복의 무게 잊지 말길""",Social
"분노한 2030 송파 집결…“선거공정 문제, 정치시위 아니다”",Social
"2차 특검, 출범 101일 만에 尹 첫 소환… 반란·관저 의혹 조사 이어질 듯",Social
"'1억 성과급' SK하이닉스 직원, 또 '돈 자랑'...""언제든 환영""",Social
선거 가고 검찰개혁 온다…'보완수사권' 논의 본격화,Social
"[결혼과 이혼] ""너 애 낳을 때 나랑 상의했니?""⋯손주 안 봐주는 친정엄마에 딸 '충격'",Social
일본 여행 간 한국인 사라졌다…“10분 뒤 도착” 스물여섯 청년은 어디로 갔나,Social
월요일 전국 비…더위 꺾여 낮 최고 20~27도[오늘날씨],Social
“한국경찰 맞아요?” 잠실시위서 ‘중국인 몰이’ 논란…“화짱조 놀이 멈춰야”,Social
"국민 10명 중 9명 정년연장에 '찬성'…2030, 청년일자리 잠식 우려",Social
"국민 10명 중 9명 ""정년 65세로 늘려야""…20·30대는 조건 달았다",Social
"""AI가 아니야?""…비둘기 올라탄 길거리 음식 위생 논란",Social
한화에어로 폭발 사고 희생자 발인...가족·동료 오열 속 영면,Social
"'쥴리 의혹' 김건희, 심리 재판부에 '엄벌 탄원서' 제출",Social
"기후동행카드 월3만원 환급, 10일부터 접수… 일각에서는 ‘포퓰리즘’ 비판",Social
가평서 SUV 들이받은 20대 오토바이 운전자 숨져,Social
"“기댈 동료·선배 없이 방치”… 중기 신입 절반, 1년 안에 짐 쌌다",Social
"돌아온 '늑구' 인기몰이...""재개장만 기다렸어요""",Social
개표소에 묶인 '투표함 380개' 어쩌나...선관위 대책 고심,Social
검찰해체 속전속결 처리...보완수사권 논의 과제,Social
"'잠실개표소 시위' 2030, 부정선거·극우세력과 선긋기(종합)",Social
오세훈 “투표용지 부족은 대통령 책임” 공세…‘재선거 요구’는 거리두기,Social
‘35년째 같은 놀이기구’ 광주패밀리랜드…‘경주월드급 투자’는 언감생심,Social
"""세금으로 살면서 1억도 갚지 않고""...'부산 돌려차기男' 황당 근황",Social
"혐오사회 흐르는 한국, 언론과 소수자 '연결'이 필요하다",Social
잠실개표소 사흘째 봉쇄시위 '2만명' 운집…'재선거만' 지침에 갈등도(종합),Social
"""잠실 '선결제' 해줘!"" 요구에…박보영 ""타격 없다"" 대처",Social
‘차 있는’ 차 없는 거리…70억 들여놓고 관리 ‘뒷짐’,Social
"잠실 개표소 봉쇄 시위, 낮밤 분위기 반전···‘재선거’ 중심 요구서 ‘부정선거’ 늘어",Social
장윤기 집에 훼손된 리얼돌 ‘무더기’…세번째 폭발한 한화에어로 [금주의 사건사고],Social
동해 심해가스전 개발 재시동…공동개발 우선협상자로 英 BP 선정,Social
"‘작년에 왔던 깐부, 잊지도 않고 또 왔네’···젠슨 황, 이번엔 최태원과 ‘깐부 회동’",Social
고속도로 '사망 사고' 80% 이상은 '이것' 때문,Social
"6.8kg 케틀벨로 살인한 30대男 황당한 항소…“자수했는데 감경 안돼”, 되레 징역 늘린 재판부",Social
'투표용지 부족' 검경 합수본이 수사…고의성 입증이 관건 되나,Social
돌잔치 축의금 훔친 연회장 직원 입건,Social
"“정당 참관인들 사진까지 찍으며 감시, 조작 불가능”···부정선거론 재점화에 투표관리원 한목소리",Social
끊이지 않는 우회전 보행자 사고…대형차량 더 위험,Social
“성조기 내려달라”하니 “내 자유”…강경파 합류에 격해지는 잠실개표소 시위,Social
"""선관위는 해체 아닌 분쇄 대상""…조수빈 전 KBS 아나운서, 투표용지 부족 사태 직격",Social
“부디 사고 없는 곳으로” 한화에어로 참사 희생자 4명 발인,Social
내신 5등급제에도…1만8661명 일반고 이탈 ‘7년 새 최다’,Social
"李 대통령 ""합수본 구성"" 지시…선관위 책임 규명 나선다",Social
재선거 현실성 있나? '법의 문턱' 높고 위자료는 100~200만 원,Social
"""중국이 배후""?‥숟가락 얹으려는 음모론자들",Social
대검 “투표용지 부족 사태 합수본 구성…의혹 엄정 규명”,Social
주차장에 누워 있던 20대 차에 깔려 중상…주말 경기 사고 속출,Social
'투표지 부족' 검경 합수본이 수사…선관위 직무 유기 정조준,Social
"귀에 걸고도 ""잘 안 들려""…""우리 애 평생 3억"" 한숨",Social
"""태극기만 흔들자""‥극우와 선 긋고 구호는 ""재선거""",Social
게임한다고 주먹으로 퍽…초등생 아들 폭행한 50대 아빠 결국,Social
새벽 운행하다 전신주에 '쾅'…택시기사·승객 사망,Social
"대검 ""'투표지 부족 사태' 합수본 신속 구성…의혹 엄정 규명""",Social
"""투표 용지 부족 사태에는 왜 안나서나?"" 댓글 달리는 연예인들",Social
"""탄핵집회처럼 선결제 좀"" 조인성·박보영까지 불똥…""이상한 사람들, 타격없다""",Social
"“타격 별로 없어” 박보영, 잠실 선결제 요구에 입 열었다…“걱정마라”",Social
음식 밟고 소시지 쪼아 먹는 비둘기…길거리 음식 위생은,Social
"‘70대 택시 운전자, 전신주 들이받아’…2명 심정지·300여 세대 정전까지",Social
"""정년 65세로 늘려야⋯국민 10명 중 9명 찬성",Social
‘프랑스 유일 정치인 영부인’ 시라크 여사 별세,Social
[날씨] 내일 오전까지 곳곳 비…당분간 평년 수준 초여름 날씨,Social
"젠슨황·최태원, 2차 깐부회동…야구장 방문 후 또 '치맥'",Social
'동대문 장사는 현금이 생명이라~' 프로 사기꾼의 수법 [사기꾼들],Social
"3일째 '재선거' 밤샘 시위, 사태 수습 시급… 국회, 국정조사·특검 카드 모색",Social
"“전세계가 빠르게 늙어가는데…돌봄, 가족 헌신에만 기대선 안 돼”",Social
"金총리 ""투표지 부족, 선관위 일정 이상 고위직 다 물러날 사안""",Social
'부정선거' 지우고 '재선거' 외쳐…잠실 개표소 집회 운집,Social
"민주, '투표지 부족' 국조 요구서 내일 제출…일부선 ""문제된 지역만 재선거""",Social
군사정권 ‘녹화 공작’ 피해자 국가배상 인정,Social
“참정권 침해” 4.5만명 운집…‘투표용지 사태’ 규탄 집회 사흘째,Social
작년 '그' 깐부서 또 만났다…회장님들과 '초밀착 행보',Social
"판사 “어떻게 이런 일이”…얼굴에 성적 낙서·담뱃불 화상까지, 남녀 학생 5명 전원 실형",Social
'김관영 옹호 송영길' 직격한 이성윤…민주 8월 전대 앞두고 전북서 '명청대전 서막' 신호탄?,Social
"특검, 尹 첫 조사… 경찰 신문 거부 ‘실랑이’",Social
국민 10명 중 9명 ‘65세 정년 연장’ 찬성,Social
"잠실개표소 시위대, '과잉진압' 혐의로 경찰 고소",Social
"나이트클럽 앞 만취 여성…주변 배회하던 50대, 모텔 데려가 강제 추행",Social
강릉 해안서 너울성 파도 사고 잇따라…1명 사망·2명 중태,Social
실종자 18명 찾아낸 '네 발의 소방관' 태공이…눈물의 은퇴식,Social
혐의 부인한 윤석열…특검 '계엄 취지 전달' 진술 확보,Social
"김건희, '쥴리 의혹' 심리 재판부에 '엄벌 탄원서' 제출",Social
마스크 안 썼다고 7세 아들 때리고 폭언한 엄마⋯징역형 집유,Social
"""배상금 1억은 안 주면서""…부산 돌려차기 가해자, 영치금 사용 허가 신청 논란",Social
전공의 퇴근 빈자리 떠안은 교수 ‘번아웃’,Social
종잇장처럼 구겨진 택시…'주유소 돌진' 참변,Social
"""누가 찔렀다"" 신고에 경찰 출동 발칵…CCTV 돌려보니 허위신고",Social
내신 부담에… 고1 자퇴생 1만명 넘었다,Social
“이렇게 못 보낸다” 한화에어로 희생자 눈물의 발인,Social
선거 현수막 철거하다 추락사…택시가 주유소 돌진해 2명 사망,Social
"4~6월 꽉 채워 썼다면 '9만원' 돌려받는다...서울시, 기후동행카드 '월 3만원' 환급",Social
"‘5848명 연행’ 1996년 연세대 사건, 30년 만에 진실규명 신청 예정",Social
환경공단 이사장·향응 제공 의혹 업체의 ‘수상한 인연’,Social
개표소 집회 ‘갈라선 목소리’…성조기 막으며 “태극기만 오는 곳”,Social
"'부산 돌려차기' 가해자 ""영치금 쓰게 해달라"" 법원 신청",Social
공정성 훼손에 분노… 2030 저항 커졌다,Social
"남대문 상인들 ‘호떡 금지’, 이유는?",Social
스크루에 밧줄 감긴 어선 표류…4시간 수중 제거 작업,Social
“퇴근 1시간 전 권고사직 당했다”…중소기업 사표내는 이유는 연봉보다 ‘이것’,Social
총알처럼 터진 화물차 바퀴…휠 조각 상가로 날아가,Social
주말 강릉 해안가 덮친 너울성 파도…1명 숨지고 2명 중태,Social
[단독] 윤석열 관저에 행안부 예산 전용 확인…이상민 “그게 좋겠다”,Social
"스타벅스 美 본사 ""결코 있어선 안 될 마케팅""⋯5·18 단체에 사과",Social
"김민석 ""투표용지 부족 사태, 선관위 고위직 물러나야 할 사안""",Social
"'선관위 규탄' 점점 몰리는 시민들…극우 세력엔 ""나가라"" 단호",Social
"""이렇게 가면 어떡해…"" 한화에어로 폭발 희생자들 발인",Social
티눈 수술로 16억 타고도… 추가 소송냈다 패소,Social
"[단독] 김병기 “그럴 리 있겠나” 자신했는데… 警, 구속영장 신청 방향",Social
"[단독] “쥴리 의혹으로 정신건강 악화”… 김건희, 재판부에 엄벌 탄원서",Social
"""잠실에도 스벅 선결제""…'투표지 부족' 두고 연예인에 '부정선거' 입장 요구",Social
"[fn이사람] ""서울아파트, 언제 살까보다 '어디 살까'가 중요합니다""",Social
6300만 원 벌어 1500만 원 벌금 불법 공유숙박 ‘걸려도 남는 장사’,Social
"스타벅스 미국 본사 ""부적절 마케팅 사과""...후속 조치 '주목'",Social
결국 무위로 끝난 ‘은행 직원의 촉’,Social
"‘흥행 우려’ 부산대 단독 서울 입학설명회, 괜한 걱정이었다",Social
"최욱 ""일베, 탱크로 밀어버려""…이준석, 李대통령 '소환'",Social
"""잠실에도 스벅 커피 선결제 해달라""⋯아이유·박보영에 '댓글 테러'",Social
"스타벅스 美 본사, 5·18단체에 사과…""결코 일어나선 안 될 일""",Social
"""낙하산 안 된다"" 강원랜드 사장 인선 놓고 반발 잇따라",Social
"첫 조사 마친 尹, 13일 다시 특검 출석…반란 혐의 조사",Social
전국 교실에 560만대 깔렸는데… 보안에 구멍 뚫린 '디벗',Social
"[단독] 태백병원, 50년 만에 수련병원 지위 반납",Social
강릉 해변·해상서 이틀 새 사고 3건…사망 1명·중태 2명(종합),Social
"부실 선거에 분노한 2030 ""참정권 침해 당해…재선거해야""",Social
훼손된 한 표가 불붙인 분노… 잠실로 몰린 2030,Social
“재선거” 외친 2030…이준석엔 “나가라” 정치권 개입 선 그었다,Social
[속보] 강릉 사천진리 해변서 70대 파도 휩쓸려 심정지,Social
청계산에 나타난 '작은 곰' 오소리,Social
"심혈관·당뇨 위험 증가…""당장 초가공식품 치우세요""",Social
[영상] “꼬리에 점 있는 늑대가 늑구래”…오월드 재개장에 ‘늑구 찾기’ 열풍,Social
잠실구장 뜬 젠슨 황의 팬 서비스…주먹 인사에 어깨 춤까지,Social
킥보드 견인에 119억…신고제도 보완책 시급,Social
"""좌우 떠나 참정권 침해에 분노""… 올림픽공원 뛰쳐나온 2030",Social
가평서 SUV에 오토바이 추돌...20대 사망,Social
"""내신 1등급 못받을라 불안"" 고1 학업중단 1만명 넘어",Social
“젠슨 황 앉은 곳 어디예요?”…성지 된 홍대 고깃집 [르포],Social
"“일베, 탱크로 밀어버려야” 최욱 발언에…“내로남불, 탱크데이만 잡도리” 비판",Social
여행지에서 사 온 선물 챙겨 갔는데... 담임 교사가 한 뜻밖의 말,Social
"월급 110만 원이 남긴, 내 인생의 '화양연화'",Social
"“외도 의심 문자 본 후, 되레 이혼 소송 당해”…트로트 가수 남편 ‘황당’ 사연",Social
"친여 유튜버 최욱 “일베, 전두환식 탱크로 밀어버려야” 논란",Social
"'부산 돌려차기' 가해자, ""영치금 쓰게 해달라"" 법원에 신청…피해자는 분통",Social
"""많이 실망"" 연봉보다 무섭다…중기 '퇴사 브이로그' 보니",Social
김밥 1500원·짜장면 2500원…고물가에 뜨는 부산 '착한가격업소',Social
"“열심히 살아도 부동산·주식·성과급 남 얘기”…전문가들이 본 2030 보수화, 왜?",Social
"단체장은 국힘, 의회는 민주당…경기 '엇갈린 권력지도'",Social
[현장]“이렇게 가면 어떡하냐”…‘한화에어로 참사’ 통곡의 발인식,Social
"윤 전 대통령, 특검 '줄소환' 예정…반란·관저 이전 의혹 등 조사",Social
역대급 N수생에 정시 바늘구멍…‘수시 전략’이 가른다,Social
"‘서소문 고가 붕괴 이유있었다’…시공사, 5년간 산재 47명 발생...안전조치 다수 위반",Social
낙동강 벨트 민주당 강세 속 양산만 달랐다…승부 가른 건 '결집력',Social
"내신 5등급제 첫 적용 고1, 자퇴생 첫 1만명 돌파",Social
"주차장 바닥에 누워있던 20대 남성…차에 상반신 깔려, 무슨 일?",Social
"시장 탈환, 도의원 싹쓸이, 시의원 다수당…김해는 민주밭",Social
"벤츠에 빼곡히 적힌 '재선거'...""특정 단체 소속 아니다"" [오승혁의 '현장']",Social
'광화문 아스팔트'와 거리 두는 잠실개표소 시위…2030 자율집회,Social
“이럴 순 없다” 2030 분노 그대로…외신도 ‘투표용지 사태’ 주목,Social
"[단독] 종합특검, ‘관저 의혹’ 尹 소환 검토…윤재순 “대통령이 전화로 크게 질책”",Social
한화에어로 폭발 희생자 3명 영면,Social
"매불쇼 최욱 ""온라인상 탱크로 밀어버려야 돼"" 논란… 내일 입장 전할 듯",Social
"조수빈 前 아나 ""선관위, 해체 아니라 분쇄해야…직원들은 휴가갔나""",Social
"'재선거 요구' 시위에…""집회 지지"" ""부정선거 주장 과해""",Social
"경찰 조사 거부 尹, ‘계엄 정당화 메시지’ 지시 부인",Social
[단독] 은행 담보 5억 중국 수산물 빼돌린 수입업자…공범과 함께 기소 [세상&],Social
하루 2번 치킨 먹는 젠슨 황...야구장서 113마리 주문,Social
"'티눈·굳은살 수술'로 보험금 3천만 원?…대법 ""일부 돌려줘야""",Social
작년 고1 학업중단자 1만 명 넘었다…'내신 5등급제' 부담 작용했나,Social
"선임병 '업어치기'로 어깨 장애…법원 ""보훈대상 기준 충족""",Social
"“서울시 구청장 30대는 곤란?”…강서 김승현·중구 이동현 잇단 고배, 나이의 벽인가· 경험의 벽인가?",Social
재선거 띄운 野…선거무효 ‘투표 못한 유권자 규모’에 달렸다,Social
"유흥업주 눈물 흘리게 한 텔레그램 채널 운영자, 결국 징역형 [사건수첩]",Social
"보수와 진보, 허울 뿐인 '이름 싸움' [영화로 읽는 세상]",Social
선관위 얼빠진 대처에 불 붙은 ‘재선거’ 시위···2박3일 봉쇄 시위에 수만명 운집,Social
"젠슨 황·정의선, 평양냉면 회동…피지컬 AI 동맹 강화",Social
[경북 원전 르네상스 시대를 열다]경북 동해안 원전벨트 'K-에너지 르네상스의 시작',Social
국민 10명 중 9명 '정년 연장' 찬성…여전한 청년 일자리 잠식 우려,Social
"[영상] 닭꼬치 위, ‘닭둘기’가 폴짝폴짝 “이걸 먹으라고?”…길거리 음식 위생 논란",Social
“검사가 조사해달라” “부끄러운 줄 아시라”··· 종합특검 윤석열 첫 조사 ‘신경전’,Social
"'투표용지 부족 후폭풍' 거리 나온 2030…""재선거 해야"" (종합)",Social
“서울 4대문 안 인구를 3배로…친구도 늘어납니다”,Social
"""아빠 맞아?"" 초등생 아들 게임한다고 주먹질 퍼부은 50대",Social
"마스크 안 썼다고 폭행…""너 죽어도"" 욕설 퍼부은 엄마",Social
“이러다가 진짜 다 망해”…싼 값에 사람들 반응 터지자 약사 단체 우려,Social
"'부산 돌려차기' 가해자 영치금 사용 신청…피해자 분통 ""어불성설""",Social
'잠실개표소 시위' 사흘째…2030 시민 40% 차지,Social
"'맨헤라'와 '정병', 청년들이 무너짐을 자처하는 이유 [송그루의 Be minor]",Social
"“아이유, 잠실에 커피 선결제 좀~ 좌파시위만 국민?” 댓글테러 난무",Social
"홈플러스, 올해만 2600명 떠났다…3500명 대규모 실직 위기",Social
모락모락 피어오르는 “부정선거” 음모론…투표관리원들 “부정선거 불가능한 환경”,Social
종합특검 첫 조사 마친 尹…반란·관저이전 등 확인할 혐의 쌓여,Social
"“트로트 가수 아내, 불륜 들키더니 가출…이혼소송 걸더라” 남편 폭로",Social
"""이제 길거리 닭꼬치 못 먹을 듯"" 비둘기 활보하며 부리로 '콕콕'",Social
3선 국회의원서 시장까지… ‘추경호 당선 일등공신’ 하중환 시의원이 말하는 대구 선거 막전막후,Social
"인천공항 누비는 ‘네 발의 경찰’…폭발물 탐지견의 하루 [현장, 그곳&]",Social
국힘 꺾은 ‘국힘 출신‘ PK 무소속 당선 5인…복당에 쏠린 눈,Social
[단독] 尹 ‘반란죄’ 고심하는 특검… 이중기소 논란에 ‘불기소’도 검토,Social
국민 88% “법정 정년 65세 연장 찬성”…소득 공백 우려 가장 커,Social
"""애새끼들 키우기 힘들…"" 면접관 막말에 40대 가장 '분노'",Social
"수술실 CCTV 의무화, 아직 환자 절반이 모른다",Social
‘재선거’ 구호 아래 잠실 모인 2030… “좌우 떠나 국민 기본권 쟁취”,Social
"""흉기 찔렸다"" 허위 신고한 40대…이유 들어보니 '황당'",Social
"가평서 SUV 들이받은 오토바이…전소, 20대 운전자 사망",Social
"尹 '평양무인기' 1심 선고…특검, 징역 30년 구형",Social
"서울시, 기후동행카드 ‘월 3만원’ 환급…10일부터 접수",Social
"""1등급 못 받으면 끝""…고1 자퇴생 1만명 넘었다",Social
[단독] ‘불륜·폭행’ 두 번 제명에도 4선 성공…유진우 당선 비결,Social
"""잠 안와 칼로 찔러""…경찰에 ""흉기에 찔렸다""고 신고한 40대 男, 자해 후 허위신고",Social
"서울시, 기동카 쓰면 현금 9만원…“현금성 복지 동참” vs “고유가 교통비 지원”",Social
"[단독] ""넷플릭스 '돌풍'에 아파트 노출, 초상권 침해"" 법원 판단은?",Social
"‘연봉 때문만은 아니었다’…1년도 못 버틴 中企 청년들, 이유는 ‘방치’",Social
텔레그램 채널 악용해 유흥업주 협박 억대 갈취 30대 징역 1년,Social
‘문턱 없는 병원’ 지킨 우석균 전 성수의원 원장 별세,Social
"“아이고, 이렇게 가면 어떡해”… 오열 속 한화 참사 희생자 발인",Social
"""참정권 문제에 분노""…'잠실개표소 봉쇄' 시위 사흘째",Social
고객이 두고간 돌잔치 축의금 챙겨… 연회장 직원 입건,Social
"오세훈의 첫 행사는 ‘한강’…“주택 31만 채 짓고, 세계 3위 도시 만든다”",Social
티눈·굳은살 수술로 3000만원 넘게 탔는데···대법원 “보험사에 돈 돌려줘라”,Social
"후배 아내 추행 군인…대법 ""신분 상실 예정이면 성폭력 치료명령 가능""",Social
"""부정선거"" 대신 ""재선거""…잠실 개표소 봉쇄 집회 사흘째",Social
"이 대통령, 새 총리 후보자에 한성숙 중소벤처부 장관 지명",Social
"법원 ""노인돌봄 인력, 2년 넘게 일해도 무기계약직 전환 안 돼""",Social
"""정문 앞 시내버스 다니게 해주세요""…50년째 노선 '0대' 포항 선린대 학생들 호소",Social
"""엄마 카드니까 괜찮겠지...."" 지하철 부정승차, 매년 5만3000건·25억원",Social
아들에 상습 폭력 아빠… 재판부 “여러 차례 학대”라면서 집유,Social
"대구도 투표용지 모자랐지만, 100장 선제 대응 무사히 마쳐",Social
투표 못한 국민에 배상 가능성?… 최대 200만원 판결 전례,Social
80세 선우용여가 극찬한 '보약'…전원주도 감탄한 불도장,Social
"중기 퇴사 이유, 연봉 아니었다…‘퇴사 브이로그’ 314건 살펴보니",Social
"전한길, 투표용지 부족 사태 ""부정선거 증거…李대통령 하야 요구""",Social
"[단독]""의사 2등급 20만원·4등급 40만원""…리베이트 '고기주소록'의 실체",Social
"""잠수타면 환자 사망""…12년만 0.005% 기적의 메시지 날아왔다[오따뉴]",Social
‘더 글로리’보다 더 잔인…집단으로 또래 여학생 담뱃불 지지고 성폭행까지,Social
한반도 상공 뜨거운 고기압 막았다…6월 들어 더위 주춤해진 이유,Social
'투표지 부족' 경찰 수사 본격화...내일 고발인 조사,Social
제주 '다 지은 미분양' 2201호… 할인분양에 세제 혜택 묶는다,Social
기후동행카드 쓰면 최대 9만원 돌려받는다…10일부터 환급 신청,Social
"젠슨 황, 김택진·장병규과 연쇄 회동…게임 넘어 'AI 동맹'",Social
‘청년 일자리? 내 코가 석자!’…‘정년 연장’에 40·50대 90%가 ‘찬성’,Social
"휴가 문화 달라졌네…한국 직장인 연차 소진율, 일본·홍콩 앞섰다",Social
"용인 아파트 주차장서 차량 역과사고…20대 운전자, 밟고 지나가",Social
"최욱 ""일베, 탱크로 밀어버려야""…이준석 ""李대통령, 일관성 있어야""",Social
"‘나도 좀 쓰고 살자’ 부산 돌려차기 가해자, 영치금 보장 신청…“1억원 언제 다 받나” 피해자 한탄",Social
"노란봉투법 이후, 노동위 접수 사건 작년 대비 45% 늘었다",Social
"수백차례 티눈 제거하고 수천만원 수령...대법 ""일부 반환하라""",Social
"'잠실 선거인명부 대조전표' 유출신고 접수…개보위 ""선관위 대상 사실관계 확인 중""",Social
"한화에어로 폭발 희생자들 눈물 속 발인…""또다시 언제 보나""",Social
"""탄핵 때처럼 지원해 달라"" 아이유 SNS에 잠실 시위 지원 요구 '논란'",Social
스타벅스 본사 “결코 일어나선 안 될 마케팅”…5·18 논란 공식 사과,Social
돌잔치 축의금 가방 깜빡했더니…뒷정리하던 연회장 직원이 ‘슬쩍’,Social
“너 죽어도 아무도 신경 안 써”…7살 아들 욕하고 폭행한 30대 엄마,Social
지난해 학업중단 고교생 1만8661명…최근 7년 새 최대,Social
푸틴-젤렌스키 설전 와중에 러 제2도시에 대규모 드론 공격,Social
"유부남과 불륜 중 연애 예능 출연…""검증도 안 하나"" 폭로 글 확산",Social
"[단독] ‘불법 성기능 개선제’ 전단지 돌린 60대, “사겠다” 경찰에 붙잡혀",Social
"'늑대 탈출' 두 달 만에 재개장…""늑구야 반갑다"" 주말 맞아 '북적'",Social
JTBC기자회 “기자 향한 개표소 시위대 폭력에 법적 조치”,Social
'베일 속에 가린' 단원 김홍도 가계 실마리 찾았다…1925년 족보서 단서 확인,Social
"한화에어로 폭발 희생자 3명 눈물 속 발인…""이렇게 가면 어떡해""",Social
'합성 아니에요?' 경악…비둘기 뷔페 맛집 된 길거리 음식,Social
"젠슨 황, 정의선과 우래옥서 깜짝 회동…내일 현대차 방문",Social
[내일 날씨]전국 대체로 '흐림'…동쪽 지역 가끔 소나기,Social
"아파트 주차장에 누워있던 20대, 승용차에 깔려 중태",Social
"이른 아침부터 모여 '재선거' 외친 2030…""성향 관계없이 당연한 일""",Social
"용인 아파트 주차장에 누워있던 20대, 승용차에 깔려 중상",Social
한화에어로 희생자 3명 발인…유족·동료 눈물로 마지막 길 배웅,Social
시위자들 다 모였다…밤새 난리난 선관위 상황 [현장영상],Social
고1 학업중단자 1만명 넘었다…내신 5등급제에 자퇴 늘어,Social
이하상 “잠실 청년이 김용현 전 장관 자랑스럽다 말해”,Social
"2030 표심 분석 내놓은 김어준 ""MB가 일베화 시킨 범죄""",Social
"택시 기본요금 조정, 업계 용역 결과 나왔다…5,200~5,600원 수준 전망",Social
"매년 공채 거쳐 1년씩 계약 반복…법원 ""무기계약직 아냐""",Social
"서울시의회 전반기 의장 누가 될까…5선 김기덕 유력, 변수는 민주당 내부 경선",Social
국민 88% 단계적 정년연장 찬성…'소득 공백' 불안 69%,Social
"李, 차기 총리에 한성숙 지명…20년 만의 여성 총리",Social
"윤석열, 6시간 특검 조사...이번 주 '무인기' 선고도",Social
상품권으로 둔갑한 불법 사채…협박·고소까지 추심 수법 진화,Social
'투표지 부족' 사흘째 규탄 시위…오후 들어 인파 늘어,Social
“용돈 벌어 쓰던 착한 아들”… 한화에어로 눈물의 발인식,Social
"2030 몰린 잠실 개표소 봉쇄 집회 사흘째…""성조기 자제"" 두고 갈등도",Social
쇠파이프 맞고 순직했는데…교도관은 왜 국립묘지에 못 가나,Social
또 깐부치킨 찾는 젠슨 황…오늘 저녁 최태원과 회동,Social
지난해 고교 1학년 중 “학교 떠날래요” 1만여명…그 이유는?,Social
"스타벅스 美 본사, 5·18 탱크데이 논란 ""사과""",Social
"""흉기에 찔렸다"" 신고 알고보니 거짓말…""잠안와서 자해""",Social
"국민 88% ""정년 65세로 늘려야""…청년일자리 잠식 세대차",Social
한화에어로스페이스 폭발사고 희생자 발인 마쳐···조용히 마무리,Social
"지난해 학업 중단 고1, 처음으로 1만명 넘었다",Social
"""폭동 아니다"" ""재선거!""…최준용, '개표소 봉쇄 시위' 참석",Social
"투표용지 부족사태, 한국은 무엇을 바꿀 것인가",Social
"성조기 사라진 `개표소 시위`…""특정 정당 지지 아냐, 참정권 문제""",Social
"'탱크데이 후폭풍' 스타벅스 美 본사 ""부적절한 마케팅""…5·18 단체에 공식사과",Social
천안·아산시의회 절반은 새 얼굴…여성의원은 감소,Social
‘재선거 요구’ 잠실개표소 봉쇄 시위 사흘째… 인파 증가 추세,Social
"국민 10명 중 9명 ""정년연장 찬성""…2030 반응은?",Social
"사기로 美서 지명수배 70대, 여권위조해 입국시도…집유",Social
"""늑구 꼬리에 점 있네""…대전오월드 재개장 사흘째 가족 관람객 붐벼",Social
게임하는 초등생 아들 주먹으로 때린 50대 아버지 ‘집행유예’,Social
경기 기초의회 ‘민주 25곳 싹쓸이’ 지각변동…‘독주냐 협치냐’ 갈림길,Social
[르포]사흘째 울려 퍼진 “재선거”… 잠실 개표소 앞 떠나지 않는 사람들,Social
"“고1입니다. 내일 자퇴합니다”…조기 학업중단, 처음으로 1만명 넘은 이유는",Social
국민 88.3% “65세 정년 연장 찬성”…소득 공백 불안 전 연령대 확산,Social
"“내신 부담 줄인다더니”…내신 5등급 적용 고1, 지난해 학업중단 1만명 넘어",Social
"조수빈 전 KBS 아나운서 “선관위, 해체 아니라 분쇄돼야” 직격",Social
"2010 한명숙, 2026 정원오…오세훈 두 번의 ‘새벽 역전승’",Social
"조수빈 전 아나 ""선관위, 해체 아닌 분쇄돼야"" 작심 비판",Social
중소기업 퇴사자 절반은 1년 못 버텼다…원인은 연봉 아닌 '인간관계',Social
후배 아내 강제추행한 부사관… ‘성폭력 교육 면제’ 판결 뒤집혔다,Social
한화에어로 대전공장 폭발사고 희생자 발인…경찰 수사 본격화,Social
속초 설악산서 60대 등산객 50m 아래로 떨어져 숨져,Social
내신 5등급제 시행에…고1 자퇴생 사상 첫 1만명 넘어섰다,Social
'성장·시민주권' 민형배號…통합시 청사진 기대반 우려반,Social
"[속보]스타벅스 美 본사, ‘5·18 탱크데이’ 항의서한에 사과 회신",Social
'5명 사망' 한화에어로스페이스 폭발 사고 희생자 4명 발인,Social
"에어컨 끄나 식세기 끄나 같은 보상?…""전기 절약 보상도 맞춤형으로 해야""",Social
"한화에어로 폭발 희생자들 눈물 속 발인…""이렇게 가면 어떡해""",Social
스타벅스 미국 본사도 숙였다…‘탱크데이’ 두고 “해선 안 될 부적절한 마케팅”,Social
"젠슨 황, 오늘 또 ‘깐부 회동’…가족들과 최태원 만난다",Social
‘투표지 부족’ 헌법소원 제기…국가배상 소송으로 번지나,Social
"국민 88% ""정년 65세로 늘려야""…""임금조정도 수용"" 85%",Social
버스서 초등생 아들 때리고 정서 학대한 30대 엄마…징역형 집유,Social
“오빠 떠난 자리에 여동생이”…경북 첫 남매 군의원 탄생,Social
'삼성 기밀유출' 안승호 2심 시작…尹 선거법 결심·일반이적 선고[이주의 재판일정],Social
‘부산 돌려차기’ 가해자 “영치금 쓰게 해달라”…피해자 분통,Social
'개표소 봉쇄' 사흘째…한때 3만여 명 운집,Social
"""아이고"" ""잘가"" 오열…한화에어로 참사 희생자 3명 발인",Social
‘스벅’ 美본사도 고개 숙였다…5·18단체 “일베 기업 광고도 중단”,Social
매년 공개채용 거쳐 1년씩 계약...법원 “무기계약직 전환 안 돼”,Social
"“참정권 뺏긴 데 분노” 투표소 시위 사흘째, 인파 다시 몰린다",Social
"""잠실에 스벅 보내라"" 아이유·박보영·이동욱에 '악성 댓글'",Social
국민 10명 중 9명 정년연장 찬성…2030은 청년일자리 잠식 우려,Social
"""험담했다""며 묶어놓고 2시간 폭행·성범죄… 10대 5명 내달 항소심 선고",Social
전세대출 서류마다 따라다닌 ‘보육원 출신’ 주홍글씨 지운다,Social
"잠실개표소 봉쇄시위 사흘째…""성조기 자제"" 지침에 갈등도",Social
이미 대법까지 가는데…중앙지법 내란재판부 유명무실?,Social
"송영길 ""당대표 출마, 정청래 거취·호남 민심 보고 결정""",Social
윤석열 '평양 무인기' 일반이적 12일 선고... 오세훈·추경호 재판 [금주 재판],Social
"""왜 잠실에 커피 안 보내"" 졸지에 불똥 튄 아이유? [지금이뉴스]",Social
“너 죽어도 아무도 몰라” 7세 아들 마스크 안 썼다고 때린 여성,Social
'수술실 CCTV 의무화'에도 국민 절반 몰라…의료진은 '불만',Social
"‘수술실 CCTV’ 2년…환자 절반 “제도 몰라”, 의료진은 여전히 “불만”",Social
"내신 5등급·학점제 첫해 ‘고1 자퇴’ 1만명 돌파, 검정고시 출신 수능생 급증",Social
이번에 가입 못한 ‘국민성장펀드’ 언제 또 할 수 있나 보니,Social
PC방에서 누구 만났나…두산 시구보다 더 눈길 쓰는 젠슨황 동선,Social
6시간 조사받은 윤석열...이번 주 '이적죄' 선고도,Social
일반고 학업 중단자 1만8661명 ‘7년 새 최다’…고1 자퇴생 첫 1만명 돌파,Social
"""정인이 사건 알아?""...'아동학대 전력' 엄마, 7살 아들 또 때렸다",Social
"나이트클럽 앞 만취 여성 모텔로 끌고가 강제 추행한 50대, 집유 선고",Social
"[현장] 20·30 중심 개표소 시위, 장기전 가나…“딱 재선거만 외치세요”",Social
소비자원 “보험금 지급 거절 85.8%…주치의 진단 불인정 가장 多”,Social
송파 개표소 봉쇄 시위 사흘째…태극기 흔들며 ‘재선거’ 요구,Social
[미지답 칼럼] 당연한 지지는 없다,Social
한솥밥 먹던 '식구'가 공포로…농약에 중독된 농촌 공동체 [정락인의 사건 속으로],Social
충돌직전 시속 161㎞…‘대학생 3명 사망사고’ 창원 신호체계 손본다,Social
"""재선거!"" 한때 3만명 몰려…잠실 개표소 시위 사흘째",Social
"""너 죽어도 신경 안 써""…초등생 아들 학대한 30대 엄마 징역형",Social
"""너 죽어도 아무도 신경 안 써""…7살 아들 폭행·학대한 30대母 집유",Social
"“배상금 1억 안 주면서”… 부산 돌려차기 가해자, 영치금 사용 신청",Social
기후동행카드 '30일권' 월 3만 원 돌려준다…10일 환급 신청 시작,Social
"굳은살·티눈 제거로 보험금 수천만원 받아…대법 ""일부 반환해야""",Social
"""작년 고1 학업중단자 1만 명 넘었다""…내신 5등급제에도 '자퇴' 늘어",Social
내신 경쟁 부담에…작년 고1 학업중단자 1만명 넘어,Social
6~8월 '엘니뇨’ 가시화…한국 경제에도 적신호[이영민의 알쓸기잡],Social
"일요일에도 ‘잠실 참정권 시위’… 인천에서, 파주에서도 참가",Social
스타벅스 美 본사도 “죄송하다”…‘탱크데이’ 공식 사과,Social
이화영 위증 혐의 국민참여재판 8일 개시… '연어 술파티' 진위 가린다,Social
"송영길 ""당대표 출마, 정청래 거취·호남 민심 보고 판단""",Social
"나이트클럽 앞 만취 40대女, 모텔 유인·추행...50대에 징역2년·집행유예 3년",Social
"종합특검, 尹 첫 소환조사…6시간 반 만에 종료",Social
"전남은 넓고, 광주는 편리…전남광주특별시의회 소재지 어떻게?",Social
‘5·18왜곡’ 일베저장소에 기업광고 사라졌다,Social
"'평양 무인기' 윤석열 전 대통령, 다음주 1심 선고…징역 30년 구형",Social
"정준희 교수 ""20대, 설득 아닌 권력으로 제압해야"" 발언 논란",Social
"AI 해고, 정당한가…준비 없는 ‘고용 불안’ 온다 [양종곤의 노동 톺아보기]",Social
“누군가 찔렀다” 알고보니 자해 후 경찰 신고,Social
잠실 개표소 항의 시위 사흘째…출입구 막고 재선거 요구,Social
젠슨 황 장녀의 큰그림…삼소 회동에 유퀴즈까지,Social
"매년 공채 거쳐 1년씩 근로계약…法 ""무기계약직 아냐""",Social
"후배 아내 강제추행한 군인…대법 ""신분 잃으면 성폭력 치료명령 가능""",Social
"정성호 “투표지 부족, 책임 추궁해야…부정선거 음모론 섞으면 안 돼”",Social
"티눈·굳은살 수술로 379차례 보험금 청구…대법 ""보험금 지급 의무 없어""",Social
"친여 유튜버 최욱 “일베, 전두환식 탱크로 밀어버려야” 발언 논란",Social
기후동행카드 3만원 환급 신청 시작…최대 9만원 돌려준다,Social
"조선일보, 李 대통령과 정청래·장동혁 대표에 ""패배자들""",Social
"서울시, 기동카 3만원 페이백… 최대 '9만원' 받는다",Social
선거철 선관위 인력 부족? 올해도 투표 앞두고 줄줄이 휴직,Social
"""돼지 키우는 줄, 굴러다닌다""…임신한 아내 단톡방에서 조롱한 남편",Social
“두 아들 모두 조울증입니다” 정신병원 보낸 그 아빠 이야기,Social
'재선거 요구' 잠실 개표소 봉쇄 시위 사흘째 계속,Social
티눈 제거로 보험금 3400만원 받았는데… 법원 “일부 반환해야”,Social
"""커피차 안 왔던데, 선결제 아직?""…잠실 개표소 시위대, 아이유·박보영 호출",Social
태극기 봉으로 기자 손 찧고 “X까고 있네”…개표소 시위대 폭행,Social
"""6.3지방선거, 내란 세력들에게 기회 준 선거""",Social
"“네가 죽어도 아무도 신경 안 써” 7살 아들 학대한 30대母, 집행유예",Social
"""숨 막히고 땀은 줄줄""…인형탈 쓰고 만보 걸어보니 '한여름 대낮의 저세상' [낮은 곳의 기록자]",Social
"이틀 일정 중국판 수능 ‘가오카오’ 오늘 시작···응시자 1290만명, 2년 연속 감소",Social
"'75표차' 청양군수 초박빙, 두쪽난 민심…최대과제 '통합'",Social
내신 5등급제에 고1 자퇴생 1만명 돌파...6년만에 두배 '껑충',Social
"창원 대학생 3명 사망사고 계기…경찰, 중앙대로 신호체계 손본다",Social
“정인이 사건 아냐? 너 죽어도 아무도 신경 쓰지 않아“ 초등생 아들 때리고 학대한 30대 엄마 징역 6개월에 집유 2년,Social
"尹, 6시간 반 조사…'계엄 정당화 시도' 부인",Social
"깜빡한 돌잔치 축의금, 뒷정리하던 직원이 슬쩍…불구속 입건",Social
"5·18민주묘지 찾은 송영길 ""국회 가면 서민 눈물 닦아주는 정치""",Social
"후배 아내 추행한 군인에...대법 ""유죄면 군인 아냐…치료명령 가능""",Social
"[속보]7살 친아들에 “너 죽어도 아무도 신경 안 써”…막말·폭행 친엄마, 징역형 집유",Social
"""용지 없어 투표 못했다""…국가 배상 얼마나 받을 수 있나",Social
'투표지 부족' 내일 고발인 조사...개보위 신고 접수,Social
"매년 공채해 1년씩 근로계약…법원 ""무기계약직 아냐""",Social
"""재투표""…'잠실 개표소 봉쇄' 사흘째, 3만 인파 집결도",Social
“이러다 동네 약국 다죽어”…‘약국계 코스트코’ 인기에 약사 단체 ‘우려’,Social
'티눈 보험금' 3천만 원 넘게 받았는데…결국 반환 판결,Social
게임 하는 초등생 아들 주먹으로 때린 50대 징역 1년에 집유 2년,Social
이화영 국민참여재판 이번 주 시작…역대 최장 전망,Social
원주시의회 새판 짜였다⋯민주 14석·국힘 12석,Social
"'K-치킨 러버' 젠슨 황, 종로 삼계탕집 방문…""너무 맛있다""",Social
‘투표지 부족’ 재선거 요구 시위 나흘째… 올림픽공원 인파 지속 유입,Social
"""커피 선결제해달라""…잠실 시위대, 아이유 SNS 찾아가 '황당 요구'",Social
75년 전 지킨 양구 전선에 다시 선 100세 노병,Social
초등생 아들 게임하자 격분…주먹질한 아빠 결국,Social
“선결제 해줘” 아이유 이어 조인성·박보영까지…잠실 개표소 시위에 ‘불똥’,Social
돌잔치 축의금 500만 원 쇼핑백 '슬쩍'…연회장 직원 딱 걸렸다,Social
현실판 더글로리…“왜 험담해” 담뱃불로 지지고 성폭행 방조,Social
환자 절반 “수술실 CCTV 의무화 몰라”...의료진 72% “신뢰 관계 훼손”,Social
7세 아들 때리며 “너 죽어도 아무 어른 신경 안써” 폭언…전과 있는 친모 ‘집유’,Social
내 번호도 '1111' 될까…SKT 골드번호 1만개 푼다,Social
고객이 깜빡한 돌잔치 축의금 ‘슬쩍’…CCTV 속 충격 범인 정체,Social
"""싸게 샀다고 둘러댔는데""…AI에 들통난 남편의 비밀",Social
"""흉기에 찔렸다"" 신고에 경찰 출동했는데 알고보니…자해 후 허위 신고",Social
티눈 제거로 16억원 타낸 40대女…추가 보험금은 최종 패소,Social
“X발 신호위반하고 XX이야”…지게차로 사람치어 죽이고선 욕설 [영상],Social
“너 죽어도 어른들 신경 안 써”…7살 아들 마스크 안썼다며 폭행한 여성 ‘집유’,Social
"“급여보다 사람에 지쳐”… 중기연, ‘퇴사 브이로그’ 314개 분석",Social
고교뒷산에 멸종위기 '담비' 또 왔다…이번엔 6마리 가족,Social
"[스트레이트 예고] '6·3 선거' 후폭풍 / ""변호사 수 줄여라""?",Social
"피 흘리는 사람 보고도...""씨X"" 신호위반 지게차, 신고 대신 사진 찍었다",Social
"""내 차는 싸구려, 너는 외제차…"" 무차별 폭행한 50대男",Social
[기획]서당집 아들에서 초대 통합교육감까지…김대중의 '외유내강' 뚝심,Social
"""고1인데 학교 그만뒀어요""…학업중단자 첫 1만명 넘었다",Social
"반복되는 폭발 참사…한화에어로 세척공실, 방사청 점검망 밖에 있었다 [사건플러스]",Social
흐리고 전국 곳곳 ‘비’…낮 최고 29도 [오늘날씨],Social
540만원 넣고 1080만원 받는다…서울시 청년통장 신규 모집,Social
“잠실엔 스벅 커피 안 보내?”…아이유·박보영에 ‘댓글 공격’,Social
"""두 번 버려졌던 강아지""…11살 두부, 보호자와 하늘을 날다",Social
"""너 죽어도 아무도 신경 안 써"" 7살 아들 욕하고 때린 엄마",Social
"종합특검, 윤석열 전 대통령 첫 조사…""검사가 조사해야"" 옥신각신",Social
군사정권 시절 '녹화' 동원 피해자들에 국가 배상 책임 인정,Social
[6·3 전북지선 입체 분석] ⑨ 출구조사·개표 결과 괴리 '7.2%'…'히든 민주당'? 관성투표?,Social
"“여자 학생증 대여, 날짜·금액 제시요”…학교 축제 앞두고 암거래 성행",Social
“정치 1번지 종로도 민심 변화 못 막았다”…유찬종 후보 승리 원인?,Social
"'광폭 행보' 젠슨 황, 오늘은 잠실 마운드 오른다… 등번호 '93번'",Social
"게임 한다고, 잠자다 밀었다고...초등생 아들 마구 때린 아빠",Social
“흉기 찔렸다” 신고한 40대…알고보니 “밤에 잠이 오지 않아 자해”,Social
돌잔치 축의금 500만원 쇼핑백 슬쩍한 연회장 직원…CCTV에 덜미,Social
내신 부담 줄인다더니… 고1 자퇴생 '첫 1만명' 돌파의 역설,Social
4년간 티눈 수술 379번·3490만원 받고 “더 달라” 소송…대법 “1784만원 반환해야”,Social
개표소 앞 집회 계속...선거관리 부실 비판 고조,Social
‘부산 돌려차기’ 가해자의 염치없는 요구…“매점 이용하게 영치금 사용 보장해 달라”,Social
후배 아내 강제추행했지만…현역 군인은 성폭력 치료명령 제외?,Social
"수술실 CCTV 의무화, 환자 절반은 2년이 지나도 몰라",Social
"홈플러스, 올해에만 2600명 대량 실직...3500명도 위기",Social
"法 ""지자체 노인돌봄 사회복지사, 2년 초과 근무 후 무기계약 전환 불가""",Social
“외제차 타니 뵈는 게 없냐”…지하주차장서 70대 무차별 폭행한 50대,Social
"30년 흉물 방치 광주 주월동 서진병원 폐건물, 철거 물꼬 트나",Social
"아이유만이 아니다…조인성·이동욱 SNS에도 ""왜 입 꾹 닫아""",Social
"최욱 ""탱크로 밀어버려야""…이준석 ""대통령 일관성 있어야""",Social
사람 치어 숨졌는데 “씨X”…지게차 운전자는 사진만 찍었다,Social
"""어떻게 이런일이"" 판사의 일갈...또래 여학생 성폭행·담뱃빵·불법촬영까지",Social
티눈·굳은살 379번 제거…보험금 3400만원 받았다가 '날벼락',Social
"티눈·굳은살 냉동응고술 379회…보험금 못 받는다, 대법 ""면책질병""",Social
"“매점 갈 돈 필요해”…‘부산 돌려차기’ 가해자, 법원에 ‘영치금 보장’ 신청",Social
"충북교육감선거 후폭풍…진보후보들 ""민사모, 분열초래""",Social
시도 때도 없는 영상통화에 시댁 단톡방까지…산후우울증 온 며느리[양친소],Social
"계란 한판 1만원 육박…""여보, 뛰어"" 할인 마트엔 오픈런",Social
"여수·순천·광양, 단체장 모두 초선으로 바뀌어…""정치적 세대교체""",Social
"이번주 윤석열 '평양무인기 의혹' 1심 선고…특검, 징역 30년 구형",Social
군인이 집에서 후배 아내 강제추행했는데…성폭력 치료명령 못한다?,Social
티눈·굳은살 제거 시술 379번에 보험금 청구…대법 “줄 필요 없어”,Social
"""요양원 가느니 죽여줘""… 11년 '간병 지옥'에 갇힌 효자의 비극 [사건 플러스]",Social
"""외박 잦아진 아내, '의처증'이라며 애들 두고 가출""...이혼소송 당한 남편, 양육비도 못받나요 [이런 法]",Social
고객이 깜빡한 돌잔치 축의금 '슬쩍'…연회장 직원 입건,Social
"법원 ""노인맞춤돌봄 사회복지사. 무기계약직 전환 대상 아냐""",Social
"매년 공채 거쳐 1년씩 근로계약…법원 ""무기계약직 아냐""",Social
"보험약관에 없는 티눈·굳은살 수술로 3천만원 수령…대법 ""반환""",Social
"티눈 수술 16억 챙기고 또 보험금 소송…대법 ""1780만원 반환""",Social
티눈 수술로 3500만원 받고도 또…대법 “보험금 지급 의무 없다”,Social
"2년 넘게 일했는데 부당해고?…法 ""매년 공채 거쳤다면 새로운 계약""",Social
"이미 3490만원 탔는데...티눈 제거 379번, ""보험금 더 줘"" 소송 결과는",Social
케틀벨로 수차례 머리 가격 살인…자수에도 항소심서 형 가중[죄와벌],Social
"法 ""재정지원 노인돌봄 사회복지사, 2년 넘어도 무기계약직 전환 안 돼""",Social
[르포] 민주주의는 그냥 만들어지지 않는다...남영동 찾아간 중학생들,Social
"대법 ""티눈·굳은살은 보험금 안 주는 피부질환""…수술 379번 가입자 패소 확정",Social
'고1 첫시험 망치면 자퇴 후 검정고시' 갈수록 는다,Social
붕괴 조짐 알고도 헛발질한 선관위...이미 예고된 전대미문의 참사 [지금이뉴스],Social
"군대서 ‘업어치기’ 당해 어깨 연골 찢어진 30대, 소송 끝에 ‘상이등급’ 인정",Social
"만취 여성 모텔서 강제추행 50대, CCTV에 딱 걸려",Social
"""영치금 사용 보장해달라""…부산 돌려차기男 충격 근황",Social
"“외로움, 감기처럼 누구에게나 찾아와”…그때 전화하는 ‘이곳’ [서울N]",Social
"""도박 사이트 홍보 좀"" 그 사람, 경찰이었다...'박제방' 잡은 위장 수사",Social
나이트클럽 앞 만취 여성 모텔로 데려가 강제추행한 50대,Social
"“그래도 기프티콘은 이만한 게 없다?”…스벅, 카톡 선물하기 1위 탈환",Social
'발화 위험물질 사전 파악 못해'…완도소방관 사고 원인규명,Social
"‘새벽 나이트클럽 앞 비틀대는 女’, 모텔로 끌고가 강제추행 50대男…징역형 집유",Social
"잔소리하고 술 마실 돈 안 줬다고…80대 친모 폭행한 50대, 결국",Social
"'부산 돌려차기' 가해자 ""영치금 사용 보장해 달라"" 법원에 신청",Social
작년 고1 학업중단자 1만명 넘었다…내신 5등급제에도 자퇴 늘어,Social
"""외제차 타는 X들 죽이고 싶어""…지하주차장서 발길질 주먹질 '공포' [영상]",Social
"검정고시 몰리는 이유가…고1 자퇴생 1만 돌파, 무슨 일",Social
"군부독재 시절 미성년자 강제징집해 '녹화'공작…""국가 배상""",Social
[자막뉴스] '재선거' 외친 2030...한때 3만여 명 운집한 올림픽공원 상황,Social
"윤석열 '평양무인기 의혹' 12일 선고…특검, 징역 30년 구형",Social
민주당 바람 분 '낙동강 벨트'…양산 홀로 국민의힘 시장 당선,Social
“열다섯에 미군 막사로”…‘미군 위안부’ 할머니의 증언 [미군 위안부①],Social
막노동 그만뒀지만…'낭만러너' 심진석이 안전화 못 벗은 이유[페이스메이커],Social
“자칫 빈수레 전락할라”…중수청 개청 두고 커지는 우려[안현덕의 LawStory],Social
이번주 尹 '평양 무인기 투입' 1심 선고…'위증' 임성근 결론도,Social
올해 1분기 산재 사망 101명…'8년 새 3번 폭발' 한화 수사 속도,Social
이정현 '맞고' 박덕흠 '틀렸나'…충북 컷오프 부활 후보 둘다 '낙선',Social
고1 학업중단자 첫 1만명 돌파…내신 5등급제에도 일반고 이탈 늘었다,Social
"""염증은 착하다""…서울대병원 이승훈 교수가 말하는 면역의 반전",Social
게임한다고 초등생 아들 마구 때린 50대에 집행유예,Social
"5대 창원시의회, 여성 첫 5선 의원·무투표 당선인 등 45명 입성",Social
"‘노조가입 강요 당했지?’ 동료 무단촬영·폭언·폭행 한전 직원, 해고 정당 [세상&]",Social
'잠실 개표소 봉쇄' 밤새 계속...한때 3만여 명 운집,Social
"‘군 가혹행위'로 어깨 장애…법원 ""보훈대상 등록거부는 위법""",Social
군산시민 “정치는 보복이 아니다… 군산지역위에 아픈 마음으로 쓴소리”,Social
[人터뷰+] “북극항로는 ‘한반도의 저주’ 벗어날 기회”,Social
'대학생 3명 사망사고' 난 창원 중앙대로 신호체계 손본다,Social
촉법소년 권고안 한 달째 무소식…'하향 여론' 부담됐나,Social
540만원 저축하면 두 배로…‘희망두배 청년통장’ 만들려면,Social
"""캐나다 유학생"" 고졸 학력 감추고 취업…영어강사의 최후 [사장님 고충백서]",Social
미·중 바이오 강대강 국면…K-바이오 전략 어떻게?,Social
"지게차 치여 숨진 아내…가해자는 ""씨X 신호위반하고 지X""",Social
"""외제차 타는 X들 죽여버리고 싶어""…주차장서 '무차별 폭행'",Social
"군부독재 때 미성년자 강제징집해 '녹화'공작…""국가 배상""",Social
'더 글로리' 현실판? 집단괴롭힘에 성범죄도 서슴지 않았다,Social
"[단독]'서소문 붕괴' 시공사, 5년간 산재자 47명…안전위반 반복 적발",Social
"돈다발 흔들며 20대 성매수 시도…""빠XXX"" 욕설한 '욱일기 벤츠' 운전자[주간HIT영상]",Social
"'칠부능선' 종합특검, 금주 첫 기소…핵심 피의자 줄소환 박차",Social
신고도 않고 500회 숙박 제공…6300만원 챙긴 30대 벌금형,Social
“선관위 해체 아닌 분쇄해야”…조수빈 前 앵커 작심비판,Social
"한화, 2019년 폭발사고 작업중지에 '반발'...정부 상대 법적 다툼",Social
"젠슨 황, 오늘 잠실 마운드서 공 던진다…두산 유니폼 입고 시구",Social
“이렇게 하지 않으면 바뀌는 게 없어”…잠실개표소 앞 시위 ‘2030 주축’ [수민이가 화났어요],Social
"""우리가 선관위 하청업체냐"" 폭발…'4년前 경고' 묵살 대가인가",Social
게임한다고 초등생 아들 마구 때린 50대 징역형 집유,Social
[단독] “0%라더니 수백억 관세 추징 날벼락”…소고기업체들 감사청구 나선 이유,Social
"길거리 만취 여성 모텔서 강제추행 50대, 집유 선고",Social
"""2만분의 1 기적의 일치""…조혈모세포 12년 만에 받은 메시지에 ""기증하겠다"" [따뜻했슈]",Social
"[소셜＋] ""여보, 얼마 주고 샀어?""…AI가 불러온 '결혼생활 위기'",Social
"후배 아내 강제추행한 군인…대법 ""신분 상실땐 치료명령 가능""",Social
"윤석열 '평양무인기 의혹' 내주 1심 선고…특검, 징역 30년 구형",Social
"대낮 학교 들어가 초2 납치, 성폭행한 그놈...'전과 12범'이었다[뉴스속오늘]",Social
"“지하주차장 살던 남자가 자살” 그 집주인, 前부인이었다",Social
尹 첫 조사 마친 종합특검…'윗선' 김건희·심우정 수사 본격화,Social
“회차당 무조건 커플 탄생”…Z세대 열광 ‘셋로그 3일팅’ 뭐길래,Social
'8천피'·억대 성과급?…내수 침체로 공장경매·개인파산 급증,Social
"""친오빠만 집 지원해줘""…부모 차별 토로 사연에 누리꾼 반응은?",Social
"""까나리 액젓 뒤집어썼다""…전 직장 사장, 퇴사직원 찾아가 '보복 테러' 논란",Social
통합수능 마지막 해...모의평가 역대 최다 'N수생',Social
임금체불 문제제기하자 '5천만원 손배소'…이주노동자 겨눈 보복성 소송,Social
"""퇴직금 대신 중고 법인차 받았다""…직장인 울리는 '황당 꼼수'",Social
'정년연장' 최종안 이달 중 나오나…지방선거 끝 논의 재시동,Social
"""친구 마지막 길 배웅했을 뿐인데""…결혼 4개월 앞둔 신랑에 신부는 격노",Social
음식 위에 발 딛고 닭꼬치 먹는 비둘기…길거리 음식 누가 사 먹겠나[영상],Social
"""마을버스 출근길 우는 아이 지켜만 보는 엄마…승객들 큰 고통""[영상]",Social
"친일파는 '갑부'·독립운동가는 '거지' 묘사한 윤서인…이승환 ""모욕죄 고소""",Social
서울 잠실에 모인 수만 명 인파는 '시위대'일까? '시민'일까? [현장],Social
아파트 8층서 새총 쏴 놓고 “시험삼아 쏴 봤다”…70대 남성 주거지서 체포,Social
"“술 취해서 자는 줄”…아내 밀쳐 숨지게 하고 24시간 방치한 남편, 무슨 일",Social
“술값 달라고” 누범기간에 89세 어머니 멱살 잡고 때린 아들…또 징역형 선고,Social
소개팅 앱 만난 여성들 몰래 찍은 ‘두 얼굴의 경찰관’ [사건수첩],Social
"[열린라디오] ""기상청 가짜뉴스에 선전포고...매년 역대급 더위 예고의 진실""",Social
"[전립선 방광살리기] 8년간 고통받은 간질성방광염, 어떻게 이겨낼 수 있었나?",Social
"""항노화의 열쇠, 세포 청소 시스템""…'오토파지' 유도하는 올바른 습관은?",Social
"계산도, 포장도 '고객 몫'…무인 키오스크 확대에 소비자 불만",Social
"[결혼과 이혼] ""밤새 일했다더니 술·담배 냄새""⋯남편 야근 주장, 믿어도 될까?",Social
"""선관위 막아라"" 잠실벌 둘러싼 시민 500명→4만명…철야 이틀차 돌입[종합]",Social
"윤석열, 종합특검 첫 조사…경찰 신문 거부·고성 공방",Social
이틀 넘긴 '잠실개표소 봉쇄' 3만명 결집…밤샘 시위 전망(종합3보),Social
"'경찰 조사 거부' 尹측 ""고성 지른 사람은 尹 아닌 특검 측""",Social
현수막 철거 중 크레인 넘어져 70대 사망...수난 사고도 잇따라,Social
'개표소 봉쇄'에 일대 공연도 당일 운영 변경...사태 장기화 우려,Social
‘술타기 방지법’ 1년…檢 110명 처분에도 실형은 7명뿐,Social
가족사진 촬영하러 갔다가 날벼락…“공짜라더니 100만원 내라네요”,Social
"""사진 찍다가"" 새벽 강릉 해변서 파도 휩쓸린 여성들…1명 숨져",Social
분당 재건축부터 GTX까지…추미애의 경기도 부동산 시험대,Social
"시위대, 35시간째 개표소 봉쇄…선관위 직원들 무사 대피(종합)",Social
"윤석열, “경찰에게 못 받아...검사 나와라”...‘옥신각신’에 2시간 조사",Social
"윤석열 전 대통령, 검사 배석 요구하며 경찰 신문 거부…특검 조사 뒤 구치소 복귀",Social
"""26.7억 대박"" 로또 1등 11명 나왔다...1227회 당첨 번호는?",Social
"""잠실에도 빵·커피 보내줘요"" 尹탄핵 집회 후원한 아이유, 선관위 사태에 '불똥'",Social
"잠실에 모스탄, 광화문은 전한길…서울 곳곳 부정선거론(종합)",Social
결국 ‘자동’이 대세…이번 주 26억 로또 1등 11명 나온 판매점 어디?,Social
"""잠실에 커피차 보내 달라"" 아이유 SNS 달려가 '댓글 시위'",Social
“잠실에도 스벅 선결제 해달라” 아이유 SNS에 왜…투표용지 부족사태 ‘불똥’,Social
"尹, 특검 조사서 경찰 신문 거부…“검사 와야”",Social
"'계엄 정당화 지시'…종합특검, 윤 전 대통령 첫 소환",Social
"서동주 “김규리 자택 침입범, 검침원 사칭해 집 들어와”…검침원 사칭 주의보",Social
잠실개표소 시위 1만명 모였다…모스탄도 마이크 잡고 “부정선거” 주장,Social
"""잠실로 오세요""…현충일 청년들 ""재선거, 우리가 외친다""",Social
"인증샷 찍다 ""살려주세요""…파도 휩쓸려 1명 사망",Social
"[단독] 윤석열, 종합특검 첫 피의자 출석‥""검사한테 조사받겠다"" 조사실 모습 포착",Social
"정원오 패배 원인? 한국경제 ""내집마련 꿈꾼 2030 등 돌려""",Social
[날씨] 내일 전국 흐리고 차츰 비…5~20mm,Social
80대 모친 잔소리 한다고…멱살 잡고 폭행한 50대,Social
불법 검문에 개인정보 탈취까지‥이 틈에 '윤어게인'?,Social
"잠실 개표소 밖 이틀째 시위…""선관위 직원들 빠져나간 듯""",Social
"특검 출석한 尹, 경찰이 신문하자 진술거부…""검사가 와야""(종합2보)",Social
발 디딜 틈 없는 올림픽공원…'재선거' 촉구 수만 명 운집,Social
‘개표소 시위’ 찾은 모스 탄 “부정선거 배후에 중국” 황당 주장,Social
"윤석열 첫 소환한 종합특검, 6시간 넘게 '계엄 정당화 메시지' 추궁",Social
"잠실개표소 1만명 시위…모스탄도 찾아 ""부정선거""(종합2보)",Social
유권자 이름 적힌 '명부 전표' 방치…투표지 이틀째 못 나와,Social
"JTBC기자협회 ""부정선거 주장 시위대 취재진 폭행, 법적 조치할 것""",Social
"""피해액만 수천만원""…PC방에 '소화기 테러' 벌인 촉법 여중생들",Social
"""잠실 투표소서 이름·성별 적힌 대조전표 발견⋯유출신고""",Social
음주단속 피해 질주하다 버스 충돌…승용차 20대 남녀 사망,Social
새벽에 일출 사진 찍다 바다 '풍덩'…파도에 휩쓸린 30대 숨져,Social
14마리 늑대 중 '늑구' 찾기 열풍…오월드 재개장 첫 주말 북적,Social
[사건을 보다]아파트 8층서 쇠구슬 발사…“시험 삼아 쏴봤다”,Social
음주단속 피하려다 버스 ‘쾅’…2명 숨져,Social
尹 포승줄 묶여 첫 소환…변호인단 반발에 비공개,Social
"아이유, 투표사태 불똥?…""잠실 시위대에 스타벅스 선결제해달라"" 댓글 폭주",Social
"""너 선관위지?"" JTBC 취재진 검문…""못 믿겠다""며 폭행도",Social
개표소 이틀째 봉쇄…수천 명 집결 “재선거” 주장,Social
"개표소 둘러싼 시위대 ""1만명""…혼란 속 투표함은 어디에",Social
강릉 새벽 바다 촬영하다 파도에 2명 휩쓸려…30대 여성 사망,Social
"“선관위가 국민 기본권 박탈”... 분노한 2030, 잠실 개표소로",Social
"尹, 특검서 ‘계엄 정당화 시도’ 의혹 부인…6시간반 피의자 조사 마쳐",Social
“선관위 직원들은 빠져나간 듯”…잠실개표소 밖 이틀째 대치,Social
잠실개표소 밖 이틀째 대치…선관위 직원들은 빠져나간 듯,Social
"“자네 부인은 잘 끝날 거야”…양정원 남편, 경찰 유흥업소 접대 의혹",Social
"尹, 특검 조사서 ‘계엄 정당화 시도’ 혐의 부인",Social
"서동주 ""김규리 자택 침입범, 검침원 사칭해 우리 집 들어와""",Social
"서울시장 패배한 민주당에 언론 ""이기고도 못 이겨"" ""성찰하라""",Social
현실 연애는 포기했는데 연프는 열광…캠퍼스에서 ‘연프’ 직접 만드는 이유,Social
'불법 투견' 단속에 줄행랑친 견주들…남겨진 건 다친 개들이었다 [애니멀워치],Social
"""6년 연애한 남편, 결혼 1년만에 외도""…막상 이혼 망설여진다는 32세 공무원 아내 [어떻게 생각하세요]",Social
"尹, 종합특검서 피의자 조사 6시간30분만에 종료…혐의 부인",Social
"울산 원어민강사 계약만료 논란…""부당해고""vs""정당한 계약만료""",Social
"""선관위 해체 아닌 분쇄해야"" 투표용지 사태 후폭풍…음모론도",Social
설악산 귀면암 인근 60대 추락사…주말 산악·수난 사고 이어져,Social
"JTBC 기자들 ""부정선거 시위대가 취재진 폭행… 법적조치""",Social
종합특검 첫 소환 조사 마친 윤석열…'계엄 정당화 지시' 의혹 선 그어,Social
"윤석열, 종합특검에 비공개 첫 출석…‘헤비테일 방식’ 정점 수사 시동 [세상&]",Social
"尹, 특검서 6시간반 피의자 조사…'계엄 정당화 시도' 혐의 부인(종합)",Social
"""이불 정리 못 한다"" 잔소리에 모친 폭행…50대 남성 1년 6개월 실형",Social
전한길 “부정선거 증거 나왔다…李대통령 하야해야”,Social
"[단독] 윤석열, 경찰 신문에 “검사가 해야” 종합특검 오전 조사 거부",Social
"윤석열, 특검 조사 6시간반 만에 종료…'계엄 메시지' 지시 부인",Social
"윤석열, 직권남용 혐의 첫 피의자 소환 조사 6시간 반 만에 종료",Social
“잠실 스벅 선결제해줘” 개표소 봉쇄 시위…애꿎은 아이유에 불똥,Social
"""주차비보다 과태료가 싸""…불법주정차에 마비된 홍대",Social
잠실 투표함 개표로 서울시 비례대표 의석수 역전…국힘 7→8석(종합),Social
"JTBC 앵커 ""선관위, 부정선거 음모론에 연료 넣어줘""",Social
"종합특검, 尹 첫 조사 6시간30분만 종료…""사실대로 진술""(종합2보)",Social
“선거권 침해”...투표지 부족 사태에 고발·헌법소원까지 [서초동 야단법석],Social
'개표소 봉쇄 시위' 장기화…고립 30시간째,Social
"""재선거"" 외치는 시위대 2만5000명…100m 옆선 K팝 축제 '북적'",Social
"[속보] 종합특검, 윤석열 첫 피의자 조사 6시간 반만에 종료",Social
"전한길 ""6·3 선거 무효"" 주장…잠실 개표소 인파 수천 명대로",Social
‘선관위 헛발질’ 대학가도 들끓는다…투표용지 부족 사태 대자보 물결 [세상&],Social
‘퍽퍽’ 소리 뭔가 했더니…쇠구슬 쏜 70대 검거 “시험삼아 싸봤다”,Social
"""곰 가죽이라더니 설마 개?""…'130만원' 러그 판매글 논란",Social
"""늑구 보러 왔어요""…아침부터 오픈런에 난리 난 오월드",Social
[속보]강릉 해변서 사진 찍던 여성 2명 파도에 휩쓸려…1명 숨져,Social
"""인분 꿈은 대박 꿈이라더니""…'복권 1등' 5억 당첨자 사연은?",Social
"젠슨 황과 2차 치맥...""오늘 다 공짜"" 244만원 '골든벨' 울린 최태원",Social
"울산 이주노동자 영어강사들 ""부당해고 철회하라""",Social
[자막뉴스] 초유의 '용지 부족' 사태...행안부도 언론 보도 후 알았다,Social
"“해체 아닌 분쇄돼야”…조수빈 전 앵커, 선관위 작심 비판",Social
강릉서 사진 찍다 파도에 2명 휩쓸려…30대 여성 숨져(종합),Social
"[뉴스1 PICK] 잠실 개표소 3000명 집결…""재선거 실시하라""",Social
"스타벅스, '탱크데이' 논란 일주일 만에 '카톡 선물하기' 1위 탈환",Social
'잠실 개표소' 1만 명 운집...투표함 이송 차질,Social
[6·3전북지선 입체 분석] ⑧ 김관영 지지에 몰린 42%는 어디로 갈까,Social
“늑구야 안녕”… 재개장 오월드서 수백명 ‘오픈런’,Social
"김규리 자택 침입범, 서동주 스토킹 재판 중 또 범행",Social
“술값도 안 주고 잔소리해서”...팔순 노모 폭행한 50대 아들 ‘또 실형’,Social
"전한길, 대국본 집회서 “부정선거 꼬리 잡혀…이 대통령 하야해야”",Social
피시방에 소화기 난사한 ‘촉법’ 여중생들…책임 묻자 “협박하냐” 되레 뻔뻔,Social
"""너 오늘 죽어보자"" 동거녀 아들 가두고, 때리고...""징역 1년 무겁다"" 항소",Social
"[자막뉴스] ""작은 물리적 자극에도 폭발""...한화에어로 폭발 원인 윤곽 잡혀",Social
"""동물 피부 뜯겨나간 채 방치""…'학대 논란' 벌어진 동물 전시 시설",Social
CU편의점 택배 고객정보 해킹 유출…쿠팡.티빙 이어 또 뚫렸다,Social
회생인가 정리인가… 홈플러스 37곳 폐점에 2만 명 고용충격,Social
"최고령 77세, 최연소 51세…경기도 기초단체장 당선인들 살펴보니",Social
"""내 차는 싸구려인데 너는 외제차…"" 70대 무차별 구타한 50대男",Social
"김규리 집 침입 그 남자, 서동주 '스토킹범'이었다...""가스 검침원 사칭""",Social
"울릉군의회 '지각변동'…무소속 당선인 2명, 국민의힘 입당 신청",Social
"“잠실에 스벅 선결제 해줘”…아이유 SNS 테러, 무슨 일?",Social
"""늑구 보러가자""…오월드 재개장 후 첫 주말 '오픈런'까지",Social
"송파구 개표소 앞 천여 명 집결... ""선관위 해체·재선거"" 목소리 높여",Social
"더 어릴 때부터, 더 세분화된 서비스로, 점점 고액으로…“해도 너무한 선행학습 사교육”",Social
강릉 영진해변서 사진 찍던 여성 2명 파도에 휩쓸려...1명 사망,Social
강릉 해변서 사진 찍던 여성 2명 파도 휩쓸려…1명 사망,Social
"""당선인 뒤집혔다"" 초유의 사태…""재선거!"" 구름처럼 몰렸다 '초긴장' [바로이뉴스]",Social
"국힘, '투표지' 공세 고삐…개표소 봉쇄 시위엔 ""민주적 항거""",Social
"""매우 훌륭"" 백악관 발표에도…1년 6kg 쪄 108kg된 트럼프",Social
"김춘원(95)·이동철(93) 두 참전용사 ""다부동·화산 전투에서 생존한 것이 기적""",Social
개표소 1만명 시위…‘李명예훼손 출국정지’ 모스 탄 등장에 환호,Social
'개표소 봉쇄 시위' 장기화…고립 28시간째,Social
"""늑구보러 가요""…오월드 재개장 첫 주말 200여명 '오픈런'",Social
"""주차장에 여성 2명 누워서…"" 황당한 '자리 맡기'에 분노",Social
"'강경 좌파' 딱지 붙인 월스트리트 저널 칼럼에 '직격탄'…청와대 ""현실 모르는 소리""",Social
‘소개팅 앱으로’ 만난 여성 15명 신체 찍은 경찰 징역 4년,Social
"""오빠만 자식인가요""…결혼 자금 차별 지원에 번진 가족 갈등",Social
"""나보다 잘 마신다"" 최태원 극찬에 젠슨 황 폭소…이해진 결제·구광모 '싹둑'",Social
'잠실 개표소' 시위대 운집...투표함 이송 차질,Social
“술 값도 안 주고 잔소리”…80대 노모 멱살잡고 때린 50대 아들 실형,Social
"1세대 게임 BJ 난닝구 사망…동료 몽키 ""존경했던 형님""",Social
"광화문 메운 대국본, 6·3 지선 무효 주장…""재선거 시행하라""[종합]",Social
잠실7동 투표지 부족 사태 파장… 올림픽공원 개표소 사흘째 봉쇄 시위,Social
"""14곳이라더니 50곳 부족""…장동혁 ""분노에 귀막고 버티면 정권 종말 올 것""",Social
"전공의들 ""사직서 수리 금지로 손해""…2심도 패소",Social
"""투표함 못 나가"" 애국가 부르더니…휠체어·영유아까지 2030 '우르르'",Social
한화에어로 폭발 사고 희생자 첫 발인…닷새 만에 엄수,Social
"""재선거"" 올림픽공원 개표소 앞 3000명 집결…'봉쇄' 장사진(종합)",Social
“돼지 한 마리 키우는 줄”…만삭 아내 ‘몰카’ 동창 단톡방에 올려 조롱한 남편,Social
'220억' 이혼소송 냈다가…中 전직 공무원 '횡령' 딱 걸렸다,Social
"“돼지 키우는 줄”…‘만삭 아내’ 몰카, 친구들 단톡방서 조롱한 남편",Social
“계엄령 옳았다”에 “윤어게인”까지…재선거 요구 집회 이어져,Social
"미, 이란 군시설 폭격…이란도 미군기지에 보복 시도",Social
서울시 출신 서강석·전성수·김경호·류경기·유보화 6·3 지방선거서 존재감 과시,Social
"""술값 내놔"" 팔순 노모 멱살잡이 50대…조카도 폭행, 결국 철창행",Social
"""손주들도 데리고 왔어요""…현충일 맞은 전주 군경묘지 추모 발길",Social
봉쇄된 개표소에 선관위 직원들 고립…재선거 시위는 계속,Social
‘靑 시위’도 거절…개표소 밖 기부 물품 쌓아놓고 장기전 대비,Social
"""8년 참은 입주민이 보살""...빌라 1층 공용공간에 솥단지 ""주차라인까지 침범"" [어떻게 생각하세요]",Social
강릉 영진해변서 사진 찍던 여성 2명 파도에 휩쓸려…1명 숨져,Social
"美, 이란 해안 군시설 폭격…이란, 걸프국 미군기지에 보복 시도",Social
건강 위한 선택 '제로'… 얼마나 알고 계십니까? [데이터로 보는 세상],Social
밤새 이어진 잠실 개표소 시위…선관위 직원 고립,Social
"트럼프 ""이란 자존심 세다…종전합의 시간 걸릴 듯""",Social
세입자가 숙박업 했더니 집주인이 세금 내게 된 이유는?[판례방],Social
"김규리 자택 침입한 40대男, '서동주 스토킹' 재판 중이었다",Social
‘아이돌급’ 인기 류경기 중랑구청장 3선 고지 달성...압승 비결?,Social
"""효자 코스프레 하지 말라""…치매 어머니 6년 간병한 장남의 눈물",Social
윤석열 부른 종합특검...김건희는 언제 소환하나?,Social
"윤석열, 종합특검 첫 출석...'계엄 메시지 의혹' 조사",Social
"""술값 더 내놔"" 팔순 노모 멱살 잡고 폭행한 50대 아들... 또다시 실형",Social
6·3 민심이 보낸 경고…다시 도마에 오른 보완수사권 ,Social
"""어떻게…"" 망연자실 흐느낌, 한화에어로 희생자 첫 발인",Social
'잠실 개표소' 대치 이틀째...투표함 이송 난항,Social
"“발사되나 시험해봤다”…70대 남성, 아파트 8층서 쇠구슬 쏴 차량 파손",Social
음주단속 불응하고 도망가다 버스와 충돌…20대 남녀 사망,Social
"잔소리 듣자 ""죽어라""…팔순 노모 멱살 잡고 때린 아들 '실형'",Social
"""전 세계 단 하나뿐…15억 가치일 것"" 젠슨 황이 선물한 그래픽카드의 주인공은",Social
"尹, 2차 특검 첫 출석…美 CIA에 ‘정당한 계엄’ 설명 지시했나",Social
"""발사되나?"" 아파트 8층서 '탕탕'…주차해놨다 '날벼락'",Social
73년 만에 돌아온 한국전쟁 정전협정문…英장교 소장본 있었다,Social
"""송도1동과 송도2동 표 수가 왜 똑같아?""…박찬대·유정복 득표 동일",Social
"[르포]""재선거"" 외치며 이틀째 개표소 포위…다시 불어난 시위대",Social
진주시장 선거 '돈가방 의혹' 고소·고발전 후폭풍 예고,Social
"젠슨 황, 이재용·최태원·정의선 중 누가 최고 절친?... ""너무 쉽다""",Economic
“마지막 탈출 기회?” 국장 개미들 패닉…30만전자·200만닉스 와르르,Economic
무너진 30만전자·200만닉스…브로드컴 쇼크 '검은 월요일' 다가왔나,Economic
"""이젠 게임주 아닌 AI주로 불러야 할가요?""…엔비디아가 찾은 엔씨·크래프톤",Economic
뉴욕發 반도체 쇼크·환율 발목까지…증권가의 코스피 대응 전략 들어봤더니,Economic
“자재 나르고 시공도 담당” 건설현장에 들어온 AI로봇,Economic
젠슨황 “AI 밝은 미래는 절대적 사실…주식 싸게 살 때”,Economic
"KC코트렐·GC지놈, 최대주주 지분 보호예수 해제",Economic
"피스피스스튜디오, 상장 첫날 공모가 밑돌아…장중 95% 급등 뒤 급락[이런국장 저런주식]",Economic
원·달러 환율 1555원 돌파…'글로벌 금융위기' 이후 17년 만에 최고,Economic
"수도권 아파트 최고가 거래, 올해 처음 10% 밑으로... “매수 심리 위축”",Economic
"현대차, 엔비디아 '피지컬 AI' 동맹에도 9% 하락[핫종목]",Economic
엔비디아와 손잡은 SKT·하이닉스...AI 팩토리 구축,Economic
"코스피 7,500 하회·환율 1,555원 위로…금융시장 '검은 월요일'",Economic
젠슨 황 ‘깐부株’ 급락장에도 ‘방긋’...SKT·두산로보 2%대 강세[이런국장 저런주식],Economic
"'사실상 20% 할인' 삼성전자, 4주간 파격 세일…""5조원 규모 사회 기여""",Economic
"에이로봇-엔닷라이트, 한화오션 조선업 현장에 휴머노이드 실증",Economic
"대출문 더 좁아진다…주담대 최고 7.3%, 은행들 줄줄이 인상",Economic
"에이전트AI, 로봇 안전 검증 플랫폼 '로보게이트' 엔비디아 인셉션 선정",Economic
美 반도체 쇼크에 '7400피'까지 추락…'30만전자·200만닉스'도 깨졌다,Economic
급락한 코스피… 서킷브레이커 이어 매도사이드카 발동,Economic
청약 당첨자 10명 중 6명은 ‘30대’…신혼부부·생애최초 특공 확대 영향,Economic
"젠슨 황 ""주식시장 급락해도 기뻐해야…지금은 할인 가격""",Economic
"바이젠셀, 교모세포종 신약 'VC302' 전임상서 완전관해 100%",Economic
코스피 무너지자 증권주 동반 급락…신영증권 11%↓,Economic
수도권 레미콘 1만여대 8시부터 운송 중단…반도체 공사 비상,Economic
"[현장] 젠슨 황 ""SK하이닉스는 우리의 최대 파트너…CPU·로봇까지 협력 확대""",Economic
"삼전닉스 2배, '검은 월요일' 직격탄 맞았다…무더기 손실 구간 진입",Economic
'블랙먼데이 쇼크' 코스피 8000선 내주고 천스닥도 깨졌다…환율 1555원,Economic
"삼성중공업, LNG운반선 1척 3천855억원에 수주…목표 61% 달성",Economic
"젠슨 황 “AI 인프라 10년 이상 지속…SK하이닉스, 앞으로도 최대 메모리 파트너”",Economic
"원스토어 '매각설'에…노조 ""헐값 매각 반대""",Economic
수도권 신고가 거래 꺾였지만… 강남 약세·동탄 강세,Economic
"SKT-엔비디아, AI 전용 데이터센터 구축 '맞손'",Economic
양도세 중과전 급매…5월 수도권 아파트 신고가 거래 10% 미만,Economic
가죽재킷 대신 두산 유니폼 입더니…젠슨 황·박정원 회동 결과 보니,Economic
보유 주식만 있어도 돈 번다…대신증권 200만원 지급 행사,Economic
"코스피, 서킷브레이커 해제 후 기관 매수에 낙폭 만회…30만전자 회복",Economic
"엔비디아·SK, 'AI 혈맹'…메모리 공동개발·데이터센터 협력",Economic
"""삼전닉스 믿었는데"" 레버리지 '비명'...인버스 개미들만 웃는다",Economic
"""AI 주식 매우 싸다"" 젠슨 황 구원 등판…삼전닉스 낙폭 줄었다",Economic
수도권 레미콘 1.1만대 멈췄다…반도체 공사 현장도 비상,Economic
방한 마지막 날‥SK·LG·네이버·스타트업까지,Economic
"LG엔솔, 美관세 1천억 돌려받을듯…韓기업 6천곳 환급 신청",Economic
"'검은 월요일' 코스피, 8000선 깨져…서킷 브레이커·사이드카 발동",Economic
"[클릭 e종목]""가격 사이클 끝나간다…반도체 투자 중심축 '소부장'으로 이동 전망""",Economic
[코인뉴스] 6만 달러선 사수한 비트코인…안도는 아직,Economic
삼전 30만원선·하닉 200만원선 붕괴…미국 기술주 급락 여파,Economic
"두산, 엔비디아와 AI팩토리·피지컬AI 전방위 협력 나선다",Economic
변동성 확대 속 '빚투' 최고치…'검은 월요일' 극에 달한 반대매매 공포,Economic
"코스피 20% 하락 경고…""아직 바닥 신호 없다""",Economic
"[뉴스1 PICK]'검은 월요일' 코스피, 8% 폭락에 7,400대…서킷브레이커",Economic
"네이버-엔비디아, 기가와트급 'AI 팩토리' 동맹…""최적의 파트너""",Economic
"1000선 붕괴된 코스닥, 매도 사이드카 발동",Economic
"9000만원대 추락했던 비트코인 반등…세일러는 ""더 사겠다""[코인브리핑]",Economic
젠슨 황 방문에 대표 출신 차기 총리 발탁까지…네이버 주가 힘 받나,Economic
[속보] 코스피 거래 재개...'서킷 브레이커' 해제,Economic
"대한전선, 싱가포르서 초고압 전력망 프로젝트 수주",Economic
"""화사 'So Cute' 매력적"" 젠슨 황, 깜짝 팬심...""이재용·최태원·정의선 중 찐친?"" 질문엔",Economic
"젠슨 황, 주가 폭락에 “싸게 살 수 있어 기뻐해야…AI 밝은 미래는 절대적 사실”",Economic
"폰드그룹, 라이브 커머스 기업 '모나드홀딩스' 인수",Economic
"환율 1,555.2원 개장…17년 3개월 만에 최고",Economic
수도권 레미콘 1만1000대 멈췄다…반도체 공사 '비상',Economic
폭락장일땐 주식창을 닫는 것도 투자다 [시장 엿보기],Economic
8천선 폭삭 무너진 코스피...서킷 브레이커 발동,Economic
글로벌 금융위기 넘어선 '환율 위기'...정부도 '발동동' [굿모닝경제],Economic
"젠슨황 ""AI 밝은 미래는 절대적 사실""…최태원 ""엔비디아와 협력""",Economic
"""소문난 잔치, 이젠 끝?""⋯글로벌 큰손들, 한국 주식 비중 축소",Economic
"코스피, 장중 8% 폭락…삼전·SK하닉 급락에 서킷브레이커 발동",Economic
"구리· 동탄·수지가 또…수도권 신고가 거래 줄었는데, 호재 있는 곳은 딴 세상[부동산360]",Economic
"중소기업 특별급여, 대기업 17.4% 수준…임금 격차 키워",Economic
젠슨 황 ‘AI 제국’ 판짜기…오늘 사업계획 발표,Economic
"엔비디아 “네이버, 엔비디아 DSX 기반 AI 팩토리 구축”",Economic
코스피 7400선 추락…개장 3분 만에 '서킷 브레이커',Economic
"코스피 8%대 급락 7,400대‥서킷브레이커 발동",Economic
화려했던 '직구시대' 저문다…강달러에 배송대행업체 비명,Economic
"대한전선, 싱가포르서 1400억원 '초고압 케이블 프로젝트' 수주",Economic
[속보] 최태원 “엔비디아와 차세대 AI팩토리 공동 개발”,Economic
"금융위기 후 최고 원·달러 환율⋯""종전해도 빨리 돌아가기 어려워""",Economic
"젠슨 황 ""SK하이닉스, 앞으로도 엔비디아 최대 메모리 파트너""",Economic
“수입 원자재 두배 올랐다” “팔수록 손해”…고환율 직격탄에 중기 ‘패닉’ [중기+],Economic
"AI 깐부된 투타 콤비…두산그룹·엔비디아, 피지컬 AI 생태계 구축 협력",Economic
한화오션 조선소서 휴머노이드 로봇 실증… 에이로봇·엔닷라이트 협력,Economic
"'반도체 직주근접' 동탄, 신고가 거래 비중 6개월째 상승",Economic
가전·스마트폰 사면 20% 온누리로…삼성전자 ‘상생 페이백’ 실시,Economic
"증시 급락, 코스피 20분간 매매거래 중단...코스닥 5분간 매도 중단",Economic
장 초반 '7400피'에 서킷브레이커…코스닥도 7%↓,Economic
코스피·코스닥 동시 폭락…블랙먼데이 '거래 중단'(상보),Economic
에이비엘바이오 “월드 ADC 코리아서 이중항체 ADC 소개”,Economic
"키움증권 ""스벅 '탱크데이' 여파에 이마트 2분기 실적 전망치 ↓""",Economic
'검은 월요일' 공포⋯개장 직후 '8천피' 붕괴,Economic
"대한전선, 싱가포르서 1400억 규모 초고압 케이블 프로젝트 수주",Economic
"“나이 들어 믿을건 자식 아닌 주택”…4월 주택연금 급증, 이유가",Economic
‘검은 월요일’ 국내 증시 멈췄다…코스피 서킷 브레이커 발동,Economic
"로킷헬스케어, 이나단 CTO 영입 “신장·연골 재생 美 진출 속도”",Economic
"닛케이 장초반 4% 급락…중동 확전에 위험회피, 엔화 소폭 상승",Economic
코스피 서킷브레이커 발동…20분간 매매 중단,Economic
[속보] 달러당 원화값 1555.2원 개장…17년3개월만에 최저,Economic
"삼성중공업, LNG선 1척 3855억원 수주…年 목표 61%",Economic
"코스닥, 매도 사이드카 발동…역대 12번째",Economic
"""국평 21억이라니""…서울 아파트 분양가, 한 달 새 2억 뛰었다",Economic
"코스피, 올해 3번째 서킷브레이커...반도체 급락 여파 8%대 ↓",Economic
"[속보] 젠슨 황, 주가 폭락에 “AI 혁명은 이제 시작···주식 저렴하게 살 수 있는 기회”",Economic
"""메모리도 커스텀 시대…SK하이닉스 실적 더 좋아진다""-NH證",Economic
"중기중앙회, 한성숙 총리 지명 환영…""3고 위기 이끌 현장형 적임자""",Economic
"“성장 성과를 국민과 함께” 삼성전자, 5조원 사회 기여 약속 첫 발",Economic
"‘검은 월요일’ 코스피, 美 반도체 쇼크에 8% 폭락…7400선 털썩",Economic
"원/달러 환율 1,555.2원 개장…17년 3개월 만에 최고",Economic
무겁고 발아픈 군화는 그만! “진동 칩 심어 근육 피로 해소”[K-히든챔피언],Economic
"미국發 반도체 쇼크에 '블랙먼데이'…코스피, 8% 내린 7400선까지 밀려",Economic
상장 규모만 2000억달러 ‘스페이스X·오픈AI·앤트로픽’… 지수 끌어내릴 수도,Economic
레미콘 운송노조 파업에 삼성·SK 긴장…반도체공장 건설 차질 우려,Economic
"환율, 17년 3개월 만에 '최고'...1,555.2원에 개장",Economic
환율 17년 만에 최고 수준…당국 경고에도 달러 강세 못 꺾었다,Economic
달러 대비 원화 환율 16.1원 오른 1555.2원 개장..17년 만에 최고,Economic
"코스피, 개장 직후 서킷 브레이커…美 기술주 급락에 8000선 붕괴",Economic
규제에 수도권 신고가 10% 밑으로…반도체 벨트·비규제지역은 강세,Economic
"""스페이스X, 너무 비싸…이 가격엔 안 사겠다""…가치평가 대가의 경고",Economic
폭락장 비껴간 대원제약…비만신약 기대감에 19% 상승 [Why 바이오],Economic
"젠슨 황, 첫 한국 예능 출연…""화사 음악 사랑한다"" 팬심 고백",Economic
"MBK, 日 알루미늄업체 아르테미라 인수 완료",Economic
"삼성전자 감사 페스티벌, 오늘부터 전국 1000여 온·오프라인 매장서 진행",Economic
"'붙이는 화장품 1위' 피앤씨랩스, 반창고 회사에 팔렸다",Economic
이제는 미국이 석유 더 시추해야할때…국내 강관업계 하반기 실적 ‘기대감’,Economic
"원·달러, 1555.2원 출발…17년 3개월만 최고치",Economic
'검은 월요일' 29만전자·185만닉스 폭락…시총 50위 중 49개↓,Economic
[속보] '공포의 검은 월요일'…코스피 8% 폭락에 개미들 '패닉',Economic
"코스피 8%대 급락에 서킷브레이커 발동‥7,400선까지 밀려",Economic
"[속보]코스피, 서킷브레이크 이어 매도사이드카",Economic
블랙 먼데이 되나...코스피 이번 주 7700선 지지가 관건,Economic
8000선·30만전자·200만닉스 ‘올킬’…코스피 8%대 급락 출발 [투자360],Economic
"코스피, 장 시작 직후 8% 넘게 폭락…서킷브레이커 발동",Economic
'검은 월요일' 급락장에 코스피 서킷 브레이커 발동...20분간 매매 중단,Economic
"트럼프 ""연준 금리인상은 실수""…워시 첫 FOMC 앞두고 공개 압박",Economic
신영증권 자사주 1조 소각에도…오너家 지배력 '이상 무',Economic
서울 민간 아파트 국민평형 평균 분양가 첫 21억원 돌파,Economic
[자막뉴스] 다시 찾은 '깐부'...젠슨 황 다음 행선지도 '기대만발',Economic
"코스피, 개장 직후 8% 급락...8천 붕괴",Economic
"두산, 엔비디아 AI팩토리 협력…젠슨 황 ""피지컬 AI, 제조업 새 기회""",Economic
박정원-젠슨 황 '맞손'…AI 분야 에너지·전자소재·로보틱스 전방위 협력,Economic
"코스피, 8000선 붕괴…증권사 어플 접속도 어려워",Economic
"""코스피 20% 하락 가능성""...29만전자·190만닉스로 뚝",Economic
"티로보틱스, 중국서 '차페크상' 수상…""AMR·피지컬AI 기술력 인정""",Economic
"최태원 ""엔비디아와 AI팩토리 협력"" 젠슨황 ""미래 대단히 밝아""",Economic
SK하이닉스·엔비디아 ‘AI 차세대 메모리’ 공동 개발한다,Economic
코스피 급락에 8천선 아래로…코스닥도 동반 하락,Economic
삼성重 LNG 운반선 1척 3855억 수주... 年 수주 목표 61% 달성,Economic
"코스피, 8%대 급락해 '8천피' 붕괴…3개월 만에 서킷브레이커",Economic
[속보] 피하지 못한 블랙먼데이... 코스피 7400선으로 폭락 후 소폭 반등,Economic
[속보] 한성숙 총리 후보 “전환적 시기에 지명돼 책임감 막중… 비상 경제 타개 총력”,Economic
코스피 블랙 먼데이…8% 급락 '서킷브레이커' 20분간 매매중단(상보),Economic
‘AI 황제’가 먹자 매출 766% 폭증…젠슨 황 효과에 외식업계 웃었다,Economic
"[속보] 급락장에 코스피, 서킷 브레이커 발동…20분간 매매 중단",Economic
"NH證 ""삼전 53만·SK하닉 320만 제시…에이전트AI시대 수혜""",Economic
[속보] 코스피 폭락에 서킷 브레이커 발동…20분간 매매 중단,Economic
“이 환율에 무슨 직구를 해요”…해외직구 급감에 배송대행업체도 ‘울상’,Economic
동해심해가스전 우선협상대상자로 영국 BP 선정,Economic
"미래에셋, 스페이스X 청약 이틀차도 흥행…2분 만에 소진",Economic
수도권 신고가 비중 올해 최저…강남 꺾이고 동탄 떴다,Economic
블랙먼데이 코스피 7500선 붕괴로 시작…3분만에 서킷브레이커,Economic
아파트 대출 규제 강화 속 소형 오피스텔 거래 증가… 강남 논현 ‘보타니끄 논현’ 공급,Economic
[경제 포커스] 1560원 찍은 환율...‘달러 방파제’ 외환보유고 올 들어 1.6兆 줄어,Economic
"블룸버그 ""'코스피 과열' 경계감…약세 전환 의미는 아냐""",Economic
[속보] 코스피 8000선 붕괴…서킷브레이커 발동,Economic
[속보] '서킷브레이커' 코스피 7000선 추락… 증시·환율 동반 패닉,Economic
"대한조선, 미 해군 함정 MRO 나선다…'MSRA' 지원사업 최종 선정",Economic
"[속보] 현실이 된 블랙 먼데이…코스피 급락, 8000선 붕괴",Economic
"현대엔지니어링, 카자흐스탄 대형 가스처리시설 수주",Economic
[와이라노] “술 안 마셔요” 부산 술집 200곳 문 닫았다,Economic
"[속보] ‘블랙먼데이’ 코스피, 8%대 급락…8000선 무너져",Economic
전세 물량 감소에 서울 강서구 아파트 매매 전환 늘어,Economic
"[아침밥] IBK증권 ""삼성E&A 수주 성장 국면…비화공 5조원 가능""",Economic
"[아침밥] 키움증권 ""NHN 기술 성장성 지속 기대…목표가 ↑""",Economic
"코람코, DCI 손잡고 40㎿급 ‘안산 시화 AI 데이터센터’ 첫 삽",Economic
[속보]코스피 개장 직후 8%대 급락…7470선까지 밀려,Economic
피스피스스튜디오 상장…져스텍·스트라드비젼 수요예측,Economic
연이틀 만나는 젠슨 황·정의선…현대차-엔비디아 AI 동맹 구체화,Economic
강남 신고가 잠잠한데 동탄은 '껑충'…수도권 신고가 비중 '뚝',Economic
"""전력반도체 내재화""…아이티엠, 80V급 모터 제어 SiP 국책과제 수주",Economic
"SK하이닉스, 아직 끝 아니다...증권가 ""목표가 320만원""",Economic
[속보] 젠슨 황 “SK는 우리의 최대 메모리 파트너”,Economic
점심시간 대기번호 60번…종각 직장인들 줄 세운 이곳,Economic
“삼전닉스 내일은 오르겠죠?”…묻지말고 ‘이것’ 보라는데,Economic
"""비에이치, 로봇 시장 진입 기대… 목표가 84%↑""-신한",Economic
"""이번 달엔 더 많이 담겠네"" 적립식 투자의 힘",Economic
"[현장] 젠슨 황, 방한 마지막날 'AI·로보틱스 강행군' 시작…삼성·SK·현대차·LG 등과 회동",Economic
"“中企 여성 월급, 대기업 남성의 37% 그쳐”…벌어지는 임금 격차",Economic
"블룸버그 ""코스피 과열 경계감…일부 글로벌 투자자 헤지 나서""",Economic
삼성전자 '5조 사회공헌' 오늘부터 시작…온누리상품권 20% 페이백,Economic
"한화證 “KB금융, ROE 15년 만에 최고 수준 전망…목표가 22만6000원”",Economic
"‘검은 월요일’ 우려 확산…한국거래소, 긴급 시장점검회의 개최",Economic
"네이버, 엔비디아와 GW급 초대형 AI 팩토리 구축",Economic
"신한證 “메리츠금융지주, 시장 변동성 확대 구간에서 매력 부각”",Economic
"유퀴즈 나온 젠슨황, 화사 향한 '팬심' 공개",Economic
"바빌론 “비트코인, 담보 기능 더해 진짜 금으로 만들 것” [매일코인]",Economic
[친절한 경제] 대학병원서 MRA 받았는데도…보험금 안 나온다?,Economic
"한미약품, 올해 추가 기술수출 기대감 커진다 [Why 바이오]",Economic
"“국장 투자자, 이번 달은 어렵겠지만”…AI실적 안 사라진다는 증권가 [오늘 나온 보고서]",Economic
"[VC 밸류업 진단] 아주IB투자, 임원 줄매도…블록딜 단가 20% 낮아져",Economic
전국 국평 분양가 7.2억 '역대 최고'…서울은 첫 21억 돌파,Economic
‘젠슨 황 효과’ BBQ 홍대점 매출 20% 뛰었다,Economic
별장 대신 ‘글로벌 브랜드 회원권’… 고자산가·전문직 휴양 자산 소비 방식 변화,Economic
"‘블랙먼데이’ 공포에도…NH證, 53만전자 ·320만닉스로 목표주가 상향",Economic
"삼성전자, 에이전트 AI 확산 기대…목표가 상향-NH투자증권",Economic
9000 바라보던 코스피 급제동… 빚투·레버리지 개미 비명,Economic
마지막까지 바쁜 젠슨 황…오늘 LG·현대차·네이버 이어 서울대까지 돌아,Economic
수도권 레미콘 1만1000대 멈췄다…건설현장 넘어 반도체 공정 ‘비상’,Economic
"SK하이닉스, 엔비디아와 차세대 메모리 공동 개발…'장기 파트너십' 맺어",Economic
"삼양컴텍, 국내 장갑차·수출형 K2 전차 장갑 양산 물량 발주 확보",Economic
“고삐 풀린 원화” 환율 1600원 턱밑 비상,Economic
"삼전·하이닉스에 절반 베팅…KB운용, 반도체 채권혼합 펀드 출시",Economic
"트럼프, 워시 연준 의장에 “금리 인하하라” 압박",Economic
최태원·젠슨 황 'AI 동맹' 강화…차세대 메모리 공동 개발 나선다,Economic
"해성에어로보틱스, 초정밀 감속기 사업 성장 지속",Economic
"스페이스X 탓에 국장 '출렁'...""오히려 기회다""",Economic
"네이버·엔비디아, 초대형 AI 팩토리 구축…韓 기업 최초 '네모트론' 합류",Economic
"원스토어 노조, 매각설에 반발…""토종 앱 마켓 헐값 매각 반대""",Economic
"SK하이닉스, 엔비디아와 '운명 공동체'…AI 메모리 패권 함께 쥔다",Economic
"""123조 증권에 뺏길라""…은행들 퇴직연금 ETF 유치 '혈안'",Economic
"거래소, 증시 급락에 긴급 점검…사이드카 적시 가동·불법 공매도 감시 강화",Economic
"네이버-엔비디아, 기가와트급 AI 팩토리 짓는다…소버린 AI 강화",Economic
"최태원·젠슨 황, 깐부 동맹 'AI 팩토리'로 확대…차세대 메모리 공동개발(종합)",Economic
"""8천피 성과? 돈이 있어야 주식하죠""…저소득층, 복권 지출 60% 늘어난 이유",Economic
美 고용 호조가 불러온 금리 공포…원·달러 1560원에 한은 ‘빅스텝’ 그림자,Economic
"하나증권 ""삼성물산, 주가 여전히 저평가…목표가↑""",Economic
美반도체 쇼크·환율 급등…韓 증시 ‘검은 월요일’ 공포 재확산 [투자360],Economic
"에이비엘바이오, ‘월드 ADC 코리아’서 차세대 이중항체 ADC 파이프라인 공개",Economic
"청호나이스, 칼라일 품으로…SPA 체결",Economic
삼전닉스 평택·용인 클러스터 공사 멈추나…레미콘 운송 노조 8일 휴업 돌입,Economic
"신한투자 ""비에이치, 로봇 시장 진입 기대…목표가 상향""",Economic
"""10년 넣었는데 2%가 뭐니?""…잠자는 퇴직연금 깨운다",Economic
"증권계좌 없이 스페이스X 투자…바이비트, 토큰화 IPO 판매",Economic
"삼성·SK, 이제 칩만 팔아선 안 된다",Economic
“투기 잡으려다 자영업 옥죌라”…사업자대출 강화에 소상공인도 ‘긴장’,Economic
"[아침밥]하나증권 ""삼성물산 목표가 65만원…올해 원전 수주 기대감""",Economic
"IBK證 “신세계, 복합개발 가치 반영 필요…목표가 78만원”",Economic
"'투타 콤비'에서 'AI 깐부'로…두산, 엔비디아와 전방위 협력",Economic
"iM증권 ""금리, 시장 못 부러뜨려…주도주 조정 땐 은행주 주목""",Economic
"1560원 넘어선 환율…한투證 “과도한 오버슈팅, 금융위기와 달라”",Economic
"“이번주 주식창, 나는 안볼란다”…고환율·스페이스X 상장·네 마녀의 날 겹쳐",Economic
"금리인상 전망 확산에 트럼프, 금리인하 또 압박",Economic
"엔켐, 1분기 전해액 판매량 12% 증가…ESS 수요 확대 효과",Economic
"삼성E&A, 반도체 투자 확대 수혜…목표가 71%↑-IBK",Economic
1~4월 임금체불 6387억…홈플러스發 고용불안에 체불 경고등,Economic
'달러 공포'에 환전도 겁난다...경제 전문가가 주목하는 한 지점 [굿모닝경제],Economic
"미래에셋, 스페이스X 청약 이틀차 2분만에 마감",Economic
비수기인데 손님 늘어…배달 플랫폼 무한 경쟁의 속사정,Economic
"IBK투자, 삼성E&A 목표가↑…""수주 가이던스 상향 가능성""",Economic
'삼전닉스' 프리마켓서 10%대 급락…美 반도체 쇼크,Economic
"두산그룹, 엔비디아와 AI팩토리·피지컬AI 전방위 협력",Economic
"SK그룹-엔비디아, AI 팩토리용 메모리 공동개발한다",Economic
"신한證 “비에이치, 스마트폰株 아닌 로봇 밸류체인…목표가 84%↑”",Economic
"""코스피, 고점 대비 20% 이상 하락할 수도""-LS",Economic
"[투자자 순매수 TOP5] 외인 20일 연속 순매도, 비중은 39%로 오히려 상승",Economic
NH證 “삼전 53만·SK하닉 320만으로 목표가↑…에이전트AI發 재평가 기대”[줍줍리포트],Economic
"SKT·엔비디아, 'AI 인프라' 구축 동맹…내년 첫 가동",Economic
"""신세계, 서울 고속버스터미널 개발 기대…목표가↑""-IBK",Economic
"“P-CAB 전쟁 안 끝났다”…대원제약, 넘사벽 ‘pH 4 유지력’으로 승부",Economic
"두산, 엔비디아와 AI 동맹 확대…에너지·로봇·소재 총망라",Economic
"SK하닉·엔비디아, AI 팩토리 구축 위한 차세대 메모리 공동 개발",Economic
하락세 일단 멈춘 비트코인…'극도 공포' 구간 여전 [코인 모닝콜],Economic
[어제장 오늘장] 글로벌 금리 인상 공포 확산…국내증시 블랙먼데이 우려,Economic
[기업이슈] 젠슨 황 광폭행보에도 반도체주 급락…'블랙먼데이' 우려,Economic
반도체 조정은 기회…목표가 삼전 61만·SK닉스 400만 유지-SK,Economic
"떠오르는 우주산업…""'인프라·통신·데이터' 주목해야""",Economic
"'투타 호흡' 두산 박정원·엔비디아 젠슨황, '피지컬AI·로보틱스·AI 팩토리' 깐부로",Economic
'검은 월요일' 오나?…프리마켓서 삼전·하닉·현대차 10%대 급락,Economic
"“이런 것이 주가 조작 아닌가”…이 대통령, 코스닥 공매도 건 공개 지적",Economic
3년 일해도 신입만 못해…중소기업 인력유출 부르는 '임금격차',Economic
그때 그 곳에서 2차 '깐부회동'…젠슨 황·최태원 '러브샷',Economic
"손오공, 글로벌 휴머노이드 1위 '애지봇'과 맞손…로봇·AI 사업 본격화",Economic
"키움증권 ""스벅 '탱크데이' 논란에 이마트 2분기 실적 전망치↓""",Economic
금리 인상 우려에 증시 랠리 급제동…원달러환율 17년래 최고 [글로벌 머니플로우],Economic
"중소기업 여성 월 임금, 대기업 남성의 37.2%…""성과 보상 확충해야""",Economic
[속보] 삼성전자·SK하닉 프리장서 10%대 급락...'검은 월요일' 공포 덮친 코스피,Economic
"‘삼소회동’ 했던 구광모-젠슨 황, 오늘도 만난다…LG 사옥서 회동",Economic
"""마일스톤 불확실성 줄였다""...GC녹십자, 큐레보 매각 주목받는 이유",Economic
[굿모닝 증시]美 증시 급락에…'검은 월요일' 오나,Economic
"“AI 랠리 끝은 아니지만…시장, 과열 청구서 받기 시작”",Economic
"로봇 팔 움직이는 ‘작은 두뇌’ 만든다…아이티엠반도체, 80V 모터 제어칩 도전",Economic
'검은 월요일' 공포…'삼전닉스' 프리마켓서 10%대 급락,Economic
"토스모바일, 'CU 제휴 요금제' 출시 1년 만에 가입자 2만명 돌파",Economic
"'탱크데이 논란'에 휘청이는 이마트?...""홈플러스 덕 볼 것""",Economic
'29만전자·186만닉스'로 폭락…프리마켓 9.70% 급락,Economic
美고용·반도체 쇼크에 프리마켓서 ‘삼전하닉’ 7~8%대 급락[마켓시그널],Economic
"구광모-젠슨 황, 오늘 LG 사옥서 회동…로봇·AI 인프라 동맹 주목",Economic
"젠슨 황·최태원, 엔비디아·SK ‘AI 팩토리 동맹’ 차세대 메모리 공동 개발·양산",Economic
"SK증권 ""반도체 조정은 기회…하반기 메모리 재평가 본격화""",Economic
"젠슨 황, 현대차 ‘로봇 실증 공간’ 방문…정의선과 피지컬 AI 논의할 듯",Economic
"두산그룹, 엔비디아와 AI팩토리·피지컬AI 전방위 협력 추진",Economic
‘블랙 먼데이’ 되나…1560원대 환율과 당국 개입 경계[외환브리핑],Economic
"[마켓뷰] 코스피, '美반도체 쇼크'에 변동성 확대되나",Economic
"[굿모닝 마켓] 뉴욕 증시, 연준 금리인상 전망에 급락…나스닥 4%↓",Economic
"SKT, 엔비디아와 AIDC 판 키운다…2027년 한국 첫 가동",Economic
"""나만 돈 못 버나""...신용대출 사흘 만에 1조 '어쩌나' [굿모닝경제]",Economic
"대기업 남성 월급 711만원, 중기 여성은 264만원…임금격차 더 커졌다",Economic
이종서 앱클론 대표 “HLX22로 항체 기술 입증…인비보 CAR-T로 확장”,Economic
"""제조업에 AI 날개 단다""…두산-엔비디아, 피지컬 AI 생태계 구축",Economic
올해 영업흑자 전환 유력한 K헬스케어 삼총사는?,Economic
"기업들, 4조원 '美 관세' 돌려받는다",Economic
"상위 10% 月소득, 1500만원 넘었다…하위 10%와 격차 21배",Economic
"""블랙먼데이, 개장 직후 대폭락 공포에 투매 말라""... '저가매수 기회'라는 증권가",Economic
"""고물가·고금리·고유가, 악재는 맞지만, 위기 시그널은 아냐""-iM",Economic
배당주서 성장주로 진화하나…KT&G 담는 외인 큰손 [종목+],Economic
"중소기업 女 월급, 대기업 男의 ‘3분의 1’… 벌어지는 ‘임금 격차’",Economic
“오빠네 회사는 사내대출 안돼?” 삼성은 5억 된다는데,Economic
"LG엔솔, 美 관세 환급 신청…1000억원 이상 돌려받는다",Economic
"中企 여성 임금, 대기업 남성의 37% 수준",Economic
"엔비디아-네이버, 1GW급 AI 팩토리 구축 맞손…유럽·중동 공동 진출",Economic
'롯데가 하면 다르다'...오감 만족 '포켓몬 세계관' 구현,Economic
“5년 일해도 대기업 신입보다 덜 받아”…中企 청년 ‘성장 사다리’ 끊겼다,Economic
"중소기업 특별급여, 대기업의 17.4% 그쳐…임금격차 핵심 요인",Economic
"[속보] 마지막까지 바쁘다 바빠…젠슨 황, LG·서울대·현대차·네이버 방문",Economic
[오늘의 증시]'검은 월요일' 공포…美반도체·환율 악재에 '칠천피' 후퇴하나,Economic
나스닥 4.18% 폭락ㆍ환율 1560원 돌파 '블랙 먼데이' 전운[뉴스새벽배송],Economic
"하나證 “삼성물산, 자회사 지분가치 급등에 원전 모멘텀까지… 목표가 8.3%↑”",Economic
‘검은 월요일’ 대응 전략은…“주도주 살 기회로 접근해야”,Economic
"""이마트, 탱크데이 논란에도 홈플러스 폐점 수혜 입을 것""-키움",Economic
"전기차 전쟁, 승용차서 트럭으로…테슬라 ‘세미’ 양산 시작",Economic
"[애프터마켓 리뷰] 대원제약 ""美 학회서 4중 비만 신약 전임상 발표""",Economic
"선익시스템, OLEDoS 성장 본격화…페로브스카이트도 성장동력-NH",Economic
SK·엔비디아 협력 발표 임박…젠슨 황의 '선물 보따리'는?,Economic
“AI 반도체 금리 발작…코스피 7900선 이하는 투매보다 매수”,Economic
젠슨 황 마지막 일정은…LG·서울대·현대차·네이버 종횡무진,Economic
"""팬오션, 운임·환율 다 좋은데…주가만 조정받아""-한국",Economic
"심텍, SOCAMM 우려에 급락했지만 ""오히려 매수 기회""-iM증권",Economic
"“한미약품, ‘약 2조’ 기술수출 잭팟에 몸값 쑥”…목표가↑",Economic
[상생코리아]유한양행 새로운 100년 시작…첫발 내디딜 CEO는,Economic
'샤브샤브'가 '훠궈' 제쳤다…'건강한 외식' 덕에 급부상,Economic
"비에이치, 로봇 밸류체인 편입 기대…목표가↑-신한",Economic
“레미콘 1만1000대 멈췄다”…수도권 오늘부터 레미콘 운송 중단,Economic
트럼프 “이란과 합의 불발 땐 타격 후 고농축우라늄 수거”,Economic
"“6월은 확인, 7월은 실적…AI 랠리 끝난 건 아니다”",Economic
[이재명 정부 1년]⑥-1 노란봉투법…노사 관계 새 국면,Economic
540만 원 넣으면 540만 원 얹어준다…목돈 마련할 수 있는 기회 ‘대박’,Economic
"로봇 두뇌가 뭐길래…NC AI, '피지컬AI' 주인공 될까",Economic
"“갑자기 싸해진 증시…AI 랠리, 이번 주가 고비”",Economic
"미국 기술주 급락, '반도체 펀더멘탈' 때문은 아니라는데 [마켓무버의 국장 힌트]",Economic
"공개석상선 SK, 물밑에선 삼성...젠슨 황의 '밀당'",Economic
"구광모-젠슨 황, 오늘 10시 여의도 LG트윈타워서 회동…권봉석·류재철 참석",Economic
"심텍, 소캠 관련 우려 과도…주가 조정은 매수 기회-iM",Economic
"이란, 이스라엘 미사일 공격",Economic
"""버티다 망할라""…식품업계 '원가부담' 직격탄, 가격인상 불가피",Economic
"""이마트, 추가 악재 제한적…주가 조정은 매수 기회""-키움",Economic
"[투자의 품격]타임폴리오, 액티브ETF로 증명한 헤지펀드 명가 DNA",Economic
"[마켓 프리뷰] 젠슨 황 ""깜짝선물""에도 코스피 '풀썩'…환율 고공행진",Economic
유가 3% 급등·나스닥 선물 0.4% 하락…중동확전 우려에 위험회피,Economic
"“삼성물산, PBR 0.7배 저렴한 주가…4분기 루마니아 대형원전 수주 기대” 목표가↑",Economic
"삼성물산, 저평가 매력·원전 모멘텀 보유…목표가↑-하나",Economic
젠슨 황·최태원 2차 '깐부회동'…오늘도 광폭 행보,Economic
“이재용 정의선 최태원 가장 친한 사람은?”…유재석 질문에 젠슨 황의 답변,Economic
금리 인상 아직인데…저소득층은 이자에·2030은 월세에 허덕인다,Economic
미국 고용 쇼크…반도체주 무너졌다,Economic
고용 호조의 역설…뉴욕 증시 시총 2000조 증발 달러 강세,Economic
"오픈AI “챗봇은 죽었다”…AI 코딩 에이전트 중심 전환, 소라는 종료",Economic
월세 5000만원에 권리금 5억…북촌 외국인 몰리자 골목상권 물갈이,Economic
환율 1500원 돌파 국민연금 총동원…당국 추가 카드 소진,Economic
올해 신규 상장 14개 중 6개 공모가 하회…자금 삼전·하이닉스로,Economic
"[단독]""왜 내 주식만 안 올라"" 이유 있었다…정부 비웃는 '주가누르기' 의혹[부의승계]인탑스②",Economic
"국내 시장 주춤하는 사이…한국 법인 10여 곳, 해외서 '테슬라 토큰' 샀다",Economic
[거버넌스워치] 대덕그룹 지주 체제 전환 때 자사주 탈탈 턴 이유,Economic
"""연봉을 그렇게 줬는데, 여섯달만에 또 나가?"" 정책자금 확대가 낳은 진풍경",Economic
"9000피 앞두고 ‘출렁’…빚투 개미, 반대매매 공포 어쩌나",Economic
위고비 다음은 근육 보존 경쟁…살 빼는 기준이 바뀐다,Economic
"비트코인, 최근 급락 원인은?...美 매크로 불확실성에 '큰손 매도' 겹쳐",Economic
"""실력은 있었다, 이젠 알릴 차례""…화우 M&A, '기세'로 판 바꾼다",Economic
“전쟁 끝나도 美 국채금리 떨어지기 어려워”,Economic
RIA·삼전닉스 레버리지 내놨지만…고환율에 '머쓱',Economic
"점점 뜨거워지는 '퀵커머스' 경쟁…배달앱, 제대로 붙었다",Economic
"""나도 수지처럼"" 한국인이 먹고 입고 바르는 그대로…외국인들 푹 빠진 'K라이프'",Economic
몸값 1.75조달러 스페이스X 출격…뉴욕증시 AI 랠리 시험대 오른다,Economic
"정의선 회장 '삼소 회동' 대신 젠슨 황 양재 사옥 초청 ""이유 있네""",Economic
"[단독]이재명 지시에...HJ重, RG 숨 돌리나",Economic
"“엔비디아 AI 센터, 서울에”…의대보다 공대 진학 늘까? [잇슈 머니]",Economic
스페이스X 상장 임박…코스피 ‘검은 월요일’ 오나? [잇슈 머니],Economic
美 월가 “한국 증시 신중론 확대…투자자들 헤지 전략 모색 중” [코주부],Economic
'검은 월요일' 오나…'변동성 장세' 핵심 변수는?,Economic
홈플러스 진짜 청산되나… 새 주인 못 찾아 회생 불투명,Economic
"'어디서부터 잘못된 걸까'…""일단 피하자"" 발등 불 떨어진 K바이오주",Economic
"""더 많이 만들어달라"" 젠슨 황 한마디에…메모리값 또 뛴다",Economic
"""선거 끝!""…밀린 아파트 분양 쏟아진다",Economic
주식시장도 국경이 사라진다…로빈후드의 반란[월가 뒤흔든 토큰혁명]③,Economic
18년 만에 최대 규모…일본 대기업이 사옥 파는 진짜 이유 [더 머니이스트-김용남의 부동산 자산관리],Economic
"1년 만에 또…""월세 60만원이나 올리겠대요"" 세입자 눈물 [돈앤톡]",Economic
전셋집 품귀…재건축 시작하면 어디로 가나요? [더 머니이스트-최원철의 미래집],Economic
[상생코리아]FDA 첫 허가 K항암제 '렉라자'…협업의 가치 빛났다,Economic
"‘한국돈 왜 이래, 이젠 못 사겠네’… 직구 시장 직격탄",Economic
“한국 반도체 문의가 너무 많이와요”...캐나다에서도 ‘삼전닉스’ 붐,Economic
“주식 포모 와서 변액보험도 해지했는데”…원금 손실 위험까지 있다고?,Economic
"“연일 시퍼런 장, 절반은 이것 때문?”…국민연금도 기다린다는 초대형 IPO",Economic
"선거 끝, 결단의 시간…세제개편·지역성장 속도전",Economic
젠슨 황 광폭 행보‥SK·삼성·LG·네이버 연쇄 회동,Economic
"젠슨 황, 마지막까지 강행군…LG·서울대·현대차·네이버 찾는다",Economic
"한은, 이란계 멜라트은행 배상 1천억대로 확대 우려",Economic
삼전닉스가 뒤흔든 코스피 지형도…시총 ‘톱10’ 확 바뀌었다 [이런국장 저런주식],Economic
"'중동戰 100일' 수출中企, 원가 급등에 재고 동나고 자금줄 마른다",Economic
“밥먹고 잠만 자도 월급 43% 증발”…고물가에 저소득층 살림 더 팍팍,Economic
"“코스피에 넣을까”…미국 주식 파는 서학개미, 국장 회귀 기대감 반반 [이런국장 저런주식]",Economic
"그 편의점, 김밥 좀 마는데~… 가격도 맛도 취향도 콕!",Economic
"양도세 중과 한 달…서울 아파트 매물 10% 증발, 집값은 68주째 상승",Economic
"""4년 뒤 매출 100배"" 상장 전부터 광풍…스페이스X, 1500억달러 몰렸다",Economic
설계·제조·후공정 한 곳에…'대만 실리콘밸리' 신주 가보니[르포],Economic
"대만 반도체의 힘, ‘TSMC 원맨쇼’ 아니었다",Economic
반도체·피지컬 AI… 차세대 먹거리 동반자로 한국 찍었다,Economic
"대만 반도체 구루 ""'메모리 초호황이 삼성 파운드리 발목…분사해야""",Economic
"K게임 업고 자란 엔비디아, 피지컬 AI 파트너로 귀환",Economic
반도체 56조어치 항공기처럼 ‘빌려’ 쓰겠다는 앤트로픽,Economic
"‘경영권 분쟁’ 대호에이엘, 숨겨진 현 경영진 표 10% 있나?... 의결권 제한 가능성도",Economic
"‘상폐 위기’ 아이톡시, 유상증자 모두 불발… 후속 자본 조달도 쉽지 않아",Economic
"‘세계 최대 니켈 생산국’ 인도네시아, 공급 줄인다… 엎친 데 덮친 韓 배터리 업계",Economic
“권리금 최대 5억” 성수 다음 격전지 된 이곳,Economic
주담대 조이자 사내대출 뜬다… 삼성발 5억 저리자금 파장,Economic
"“오늘 주식창 끕니다”…하이닉스 200층 ‘비상’, 떨고 있는 개미들",Economic
"젠슨 황 방한 피날레 ""SK·LG 찍고 현대차·네이버로…삼성과도 회동""",Economic
'검은 월요일' 충격파 얼마나…美 지수선물·환율 시장 보며 '대응',Economic
삼전닉스 2배 ETF 투자시 주의할 '음의 복리' 뭔가요[금알못],Economic
"""'AI 군비경쟁'이 만든 슈퍼사이클…성과급 갈등은 세대 변화 산물""",Economic
새 주인 못 찾으면 청산…고개 드는 정부 역할론[벼랑 끝 홈플러스③],Economic
"K-컬쳐 탐방한 젠슨 황, 이제는 사업한다…현대차·LG·네이버와 ‘피지컬AI 혈맹’",Economic
연봉 역전에 재취업마저 깜깜…MZ 공무원들 민간 회사로 대탈출,Economic
"한은, 멜라트銀 배상 1천억대로 커질까…1심 100억 판결에 항소",Economic
젠슨 황 마지막까지 바쁘다…LG·서울대·현대차·네이버행,Economic
“대세는 액티브ETF”…지수 추종 넘어 과감해지는 개미들 [코주부],Economic
"실물은 저성장, 금융은 과열…거품 꺼질 수 있다[포스트워 투자전략]",Economic
"코스피 ‘블랙먼데이’ 공포… “글로벌 펀드들, 하락 방어 강화”",Economic
"[단독] 보스턴다이나믹스, 韓 부품사 찾았다…휴머노이드 양산 채비",Economic
동전주 탈출해도 '시총 칼날'…적자 늪 296곳 상폐 사정권,Economic
‘9000피’ 앞두고 주저앉은 코스피…조정 국면 언제까지 [주간 증시 전망],Economic
"“LG전자 상한가가 고점 신호였나, 코스피 반토막 가능성은..”",Economic
"젠슨 황, 최태원과 '러브샷→협력 발표'…정의선·구광모도 만난다",Economic
"젠슨 황, 최태원과 '깐부 러브샷'…AI 동맹 구축 속도",Economic
형이 왜 거기서 나와?…‘AI 대부’ 젠슨 황의 잠실 시구가 남긴 것 [권준영의 머니볼],Economic
"‘고유가·외인 매도폭탄’ 악재만 가득…1560원 뚫은 환율, 고착화 우려",Economic
"양도세 이어 세제개편 온다…2030 버티고, 고령층은 팔고",Economic
탈세도 신고하면 팔자 고친다…포상금 ‘40억 한도’ 삭제,Economic
2026년 코스피 시총 순위 ‘요동’… 톱10중 7개 종목 자리바꿈 [경제 레이더],Economic
"대출 막고 비아파트 늘린다더니…인허가, 2만→7048건 '뚝'",Economic
왜 내가 산 달러만 더 비쌀까…환율 1559원인데 공항선 1624원,Economic
"""줄어든 건배 소리""…대리운전·식당 사장님은 '울상'",Economic
과기부총리도 만나는 젠슨 황…정부에 어떤 선물 풀까,Economic
"""진짜 깐부"" SK 최태원-엔비디아 젠슨 황, 오늘 'AI 협력 로드맵' 전격 발표",Economic
"""선배들 다 갔던 자리인데""…재취업 줄줄이 탈락에 공직자들 '술렁'",Economic
美 반도체 급락 뒤 첫 장…“오늘 주식앱 못켜겠다”,Economic
같은 반도체 ETF인데 수익률 2배 차이…'차이는 포트폴리오였다',Economic
금리인상 우려→뉴욕증시 급락·비트코인 6만$ 붕괴…조정장 오나,Economic
"젠슨 황, 강남 PC방 누비고 야구장 시구… 오늘 SK 찾아 최태원과 업무협력 논의",Economic
"글로벌 빅테크 “韓, 최적의 피지컬 AI 실험장” 시장 선점 경쟁",Economic
젠슨 황 3일간 먹은 한국 음식들 보니…이 정도면 K푸드 전도사,Economic
"""스페이스X 기대"" 2조 빨아들인 우주ETF",Economic
中에 팔린 로봇 기업…경제안보 '뉴노멀' 알렸다,Economic
로켓에 AI 데이터센터 싣고 우주로 간다,Economic
‘검은 금요일’ 여파 언제까지… 코스피 덮친 ‘3대 악재’,Economic
환율 밀어올리는 중동전쟁·대미투자… 1500원대 굳어지나,Economic
‘K전선’도 뜨겁다… AI전력망 특수 타고 ‘수주 릴레이’,Economic
과거와 달리 순채권국… 외환위기 우려 낮지만 中企·서민은 ‘비명’,Economic
月 250만원까지 넣을 수 있는 통장… 압류 못한다,Economic
젠슨 황 만나 조용히 실리 챙긴 경영자들,Economic
"[DBR]“삼전-닉스, ‘AI 골드러시’에 강력한 진입장벽 보유”",Economic
美 반도체 쇼크… ‘블랙먼데이’ 몰고 오나,Economic
스페이스X 상장 카운트다운… 국내 첫날 청약 완판,Economic
신용융자 사흘새 1.7조 증가…외국인 매도 받아낸 ‘빚투 개미’,Economic
‘엔진 없는’ 페라리…10억이 ‘말’이 되나,Economic
"""정신아 대표도 리더십 실패""…첫 파업 앞둔 카카오 노조, 압박 수위↑",Economic
"지선 끝났는데 또 미뤄진 디지털자산기본법…업계 ""답답함 넘어 분통""",Economic
협력 발표 앞두고 '깐부 회동' 시종일관 화기애애……'AI 동맹' 굳건함 과시,Economic
"""반도체 다음은 피지컬 AI""…KB증권 팀장의 하반기 주도주 전략",Economic
[더 보다] 재개발과 전세난 - 공급과 멸실,Economic
지금이 매수기회? 부자들 ‘이것’ 1000억 넘게 쓸어담았다…2배 레버리지까지 줍줍,Economic
"'검은 월요일' 오나…하루 새 2000조 증발한 美 반도체, 코스피 긴장",Economic
최태원 “섭섭한 건 나 아닌 젠슨”…HBM이 바꾼 엔비디아-SK 관계,Economic
"이쯤 되면 K푸드 파이터… 젠슨 황, 먹방 리스트 보니",Economic
"이젠 진짜 일 얘기로...젠슨황, SK·삼성·LG 등에 내놓을 선물 보따리는",Economic
"젠슨 황·최태원 러브샷 ""나도 이제 엔비디아와 깐부""(종합)",Economic
"“세계에서 가장 뜨거운 韓 증시”…글로벌 투자자, 위험 관리 나서",Economic
"'러브샷'한 젠슨 황과 최태원…""이제 진짜 깐부됐다""",Economic
"젠슨 황, 내일 SK와 협력안 공개…크래프톤·엔씨·현대차·두산 찍고 '깜짝 선물' 예고(종합)",Economic
"“두산 회장 거의 맞힐 뻔했다”…잠실 달군 젠슨 황, 시구 후엔 치킨 회동",Economic
"'AI 깐부' 엔비디아 젠슨 황-SK 최태원, 이틀만에 또 만나 '러브샷'…""더 많은 HBM을!""",Economic
"젠슨 황·최태원, 만남 이틀만에 '치맥 회동'…AI '깐부 동맹' 다져",Economic
젠슨 황 “공급 부족 몇 년 더 간다”…최태원과 2차 깐부회동,Economic
"젠슨 황 ""JY, 미국서 만났다""…내일 전영현 부회장 회동",Economic
"깐부치킨서 '러브샷'…최태원 ""깐부 됐다"" 젠슨황 ""매우 좋다""(종합)",Economic
"젠슨 황, 내일도 광폭 행보… SK·삼성·LG·네이버 연쇄 회동",Economic
젠슨 황 주도하는 AI 생태계 ‘핵심 파트너’ 된 한국,Economic
"젠슨 황 ""더 많은 HBM 필요""…SK서 빅뉴스 예고",Economic
"젠슨 황 ""8일 삼성전자 전영현 만난다, 이재용 회장은 미국서 만났다""",Economic
"치킨 들고 나온 젠슨 황… ""HBM 더 필요해!"" 현장 웃음바다",Economic
"깐부 회동 중 ""More HBM!"" 외쳤다…SK-엔비디아 'AI 협력' 발표 예고",Economic
"젠슨 황, 삼성 반도체 전영현 만난다…방한 마지막 날 삼성·SK·LG 릴레이 회동",Economic
"젠슨 황, 8일 삼성 전영현 부회장 만난다…HBM·로보틱스 협력 주목",Economic
"7개월간 7번째 만남도 7시에…최태원·젠슨 황, ‘깐부치킨’서 또 치맥 회동",Economic
젠슨 황 “메모리 수요 엄청나…앞으로 몇 년 동안 공급 부족할 것”,Economic
"젠슨 황 “HBM 더 많이”, 최태원 “우린 이제 깐부”…엔비디아·SK 러브샷으로 AI 동맹 과시",Economic
"젠슨 황-최태원 '러브샷' 진짜 깐부…""8일 몇 가지 발표""(종합)",Economic
"젠슨 황, 내일 엔비디아·SK 협력 청사진 발표…삼성과도 회동",Economic
"삼소 이어 깐부까지…최태원 찾은 젠슨황, 무슨 얘기 나눴나",Economic
"젠슨 황, 이틀 만에 최태원과 치맥 회동…""SK와 내일 협력안 발표""",Economic
“젠슨 황이 먹었다”…치킨·소주·뚱바까지 들썩인 ‘K-푸드’[푸드360],Economic
"젠슨 황 ""내일 몇 가지 발표""…삼성 전영현 회동 예정도",Economic
"젠슨 황·최태원, 8일 오전 협력방안 발표",Economic
'93번' 등번호 달고 시구…PC방 이어 냉면·치킨 회동,Economic
"이틀 만에 재회 젠슨 황·최태원, 'AI 깐부' 재확인…""더 많은 HBM""(종합)",Economic
정의선·장병규·김택진·박정원·최태원…젠슨 황이 찍은 韓 AI 리더들,Economic
"코스피 변동성, 이란전쟁 때보다 ‘위험’",Economic
'검은 월요일' 오나…반대매매·변동성 확대 '우려',Economic
"""더 많은 HBM 필요해!""…또 열린 2차 '깐부회동' 분위기는?",Economic
"젠슨 황, 8일 전영현 삼성전자 부회장 회동...HBM 협력 주목",Economic
[뉴스추적] 깐부치킨서 최태원과 2차 회동…'삼쏘'에 평양냉면·삼계탕까지,Economic
"옛 홈플 해운대점 부지 개발, 자금 조달 실패 ‘좌초 위기’",Economic
"젠슨 황, ‘1차 깐부회동’ 불참자 최태원과 같은 가게로 ‘2차’ 갔다",Economic
러브샷하며 ‘깐부’ 된 젠슨 황·최태원…7개월 만에 삼성동 다시 찾았다,Economic
"""HBM 더!"" 외친 젠슨황…SK 최태원과 AI 동맹 재확인",Economic
"젠슨 황, 내일 현대차·LG·네이버 이어 삼성 전영현 만난다",Economic
"젠슨 황 ""HBM 더 달라...SK하이닉스와 큰 성과 거둬""",Economic
"두산일두 건넨 박정원, 93번 유니폼 입은 젠슨 황…잠실 AI·로보틱스 동맹(종합)",Economic
"박 회장 머리 위로 날아간 젠슨 황 야구공…""폭투였다""",Economic
삼소회동 이틀 만에 깐부회동…젠슨 황·최태원 AI 동맹 밀착(종합),Economic
"“치맥보다 좋은 건 없다”…젠슨 황, 잠실서도 BBQ 113마리 주문했다",Economic
'치느님'과 함께한 젠슨 황…야구장 BBQ·저녁은 깐부,Economic
"[현장] 일요일 밤의 깐부 회동…젠슨 황 ""토니(최태원), 이틀 만에 또 봐도 즐거워""",Economic
"냉면집·PC방·야구장까지…젠슨 황, 격식없이 서울 누볐다",Economic
젠슨 황·최태원 이틀 만에 '깐부 회동'…SK그룹 사장단 총출동 [TF현장],Economic
"젠슨 황·최태원, '삼소 회동' 이어 '깐부 회동'…내일 협업 방향 공동 발표",Economic
조선·車업계 “우리도 영업이익 N% 성과급 달라”,Economic
‘1일 1닭’은 기본 ‘1일 2닭’도 간다···젠슨 황의 못 말리는 한국 치킨 사랑,Economic
"“환율 1560원 돌파, 공항선 이미 1620원대”...외환위기 이후 최고 찍었다",Economic
"젠슨 황, PC방 세 번 가고 AI 비즈니스로 분주... 8일 SK 최태원과 협력안 발표",Economic
"다음주 증시, 반도체 독주 이어질까…美 물가·스페이스X IPO 변수 [투자360]",Economic
"젠슨 황, 최태원과 ‘깐부 회동’…러브샷에 “More HBM” 외쳐",Economic
"젠슨 황·최태원, 이틀 만에 또 만났다… ""우린 깐부잖아""",Economic
"[따져보니] 젠슨 황, 최태원 또 만난 이유는…'4가지 선물'의 진짜 의미",Economic
젠슨 황 부부 ‘최태원 깐부회동’ 참석…두산 시구에선 “치맥이 최고”,Economic
"시구 마친 젠슨 황, 최태원과 삼성동서 '깐부치킨 회동' 시작",Economic
[기획] 젠슨 황도 역부족 … 반도체주 급락에 떠는 韓증시,Economic
‘반도체 이익’ 환원을 ‘전자제품 사업부’ 돈으로?…고민 빠진 삼성전자,Economic
엔비디아 ‘뇌(칩)’와 두산 ‘신체(로봇)’ 결합…젠슨 황 ‘피지컬 AI’ 구상(종합),Economic
“치맥보다 좋은 건 없다” 가죽재킷 벗은 젠슨 황…BBQ 또 먹었다,Economic
"PC방·잠실 찍고 또 깐부치킨…젠슨 황, 최태원과 재회동",Economic
삼겹살 이어 깐부치킨 회동…젠슨 황·최태원 2일 만에 재회,Economic
강남 삼성동서 '깐부회동' 한번 더…젠슨 황-최태원 만났다,Economic
"잠실구장서 시구 젠슨황 ""치맥보다 좋은 건 없다""…BBQ 또 먹었다",Economic
"젠슨 황, 최태원 회장과 ‘깐부회동’ 시즌2",Economic
"젠슨 황, 맥주 한잔에 '5만원 팁' 전광판 '댄스 타임'까지…한국 야구 제대로 즐겼다",Economic
"젠슨 황-최태원, 서울 삼성동 '깐부치킨'에서 회동 시작",Economic
야구장 찾은 젠슨 황… 베어스 유니폼 입고 시구,Economic
"[속보] 젠슨 황, 최태원 SK 회장과 ‘깐부 회동’",Economic
[기획] 외인 자금 빠지고 기업은 투자금 확보… 메마른 달러,Economic
"또 '깐부 회동'… ""HBM 더!"" 외친 젠슨 황·최태원 [엔비디아 젠슨 황 방한]",Economic
"시구 뒤에도 치킨…젠슨 황, 잠실야구장서 BBQ 113박스 주문",Economic
"올들어 6번 만난 최태원·젠슨 황, 밀월관계 심상치 않다",Economic
"[현장영상+] 젠슨 황, 제2의 깐부회동...SK 최태원·경영진과 '치맥'",Economic
"""포수 대신 회장님 봤더니…"" 젠슨 황, 박정원 향한 빈볼 시구 해명",Economic
"젠슨 황, 시구 마치고 곧장 어게인 ‘깐부회동’",Economic
“치맥보다 좋은 건 없다”…BBQ 치킨에 빠진 젠슨황,Economic
"韓경제 대도약 엔진 삼전닉스, 기술 우위 넘어 상생도 과제",Economic
"[단독] 정부, BP 손잡고 동해 가스전 사업 재개한다",Economic
북촌 월세도 ‘5000만원 시대’…외국인 몰리자 골목상권 물갈이,Economic
"""진짜 깐부"" SK 최태원·엔비디아 젠슨 황, 일주일 4번 회동[현장+]",Economic
"美 증시 폭락·고환율 쇼크, 코스피 '블랙먼데이' 공포",Economic
젠슨 황 방한 스케쥴 의도는? …딸 매디슨의 치밀한 전략 있었다,Economic
60조 잭팟 터질라…1년 만에 '92% 급등' 들썩이는 종목,Economic
K방산 호황에도 희비 갈린 소부장株…무기 성능 좌우할 '핵심 부품사' 질주,Economic
"주가 더 뛸까?…‘삼전닉스’, 2분기에도 최대 실적 기대감↑",Economic
"젠슨 황 던지고, 박정원 휘둘렀다…야구장서 호흡 맞춘 '엔비디아·두산'",Economic
"“치맥보다 좋은 건 없다”…가죽재킷 벗은 젠슨 황, 잠실서 야구 보고 치킨 먹고",Economic
"""아이 러브 코리아"" 외친 젠슨 황…BBQ·카스 '치맥' 예찬에 팬서비스까지",Economic
美 반도체주 시총 2000조 증발… 증시 '검은 월요일' 공포[증시 반도체發 충격파],Economic
“서울시가 좋아하는 그림 그려달라”…한형기 조합장의 ‘재건축 십계명’ [달인열전],Economic
"‘영업익 150조’ 삼전닉스, 한 분기 만에 또 실적 경신",Economic
정보 미리 새나갔나...업비트 잇딴 상장 ‘잡음’,Economic
“중국도 안 베낄 듯”…엔진 없는 페라리 ‘10억 전기차’의 굴욕,Economic
"잠실 마운드 오른 젠슨 황 ""엔비디아와 한국은 함께 성장""",Economic
지갑 닫힌 숙대 앞 상권… 공실률 6배 쑥,Economic
"""세낀집이라니 안보러와요""...비거주 1주택 규제 풀어도 못 산다",Economic
전부 반도체에 올인할 때…버핏 후계자는 ‘여기’ 베팅했다 [오찬종의 매일뉴욕],Economic
[단독] 젠슨 황 '피지컬 AI 생태계' 빅픽처…핵심 파트너로 한국 찍었다,Economic
"두산 유니폼 입은 젠슨 황, SK와 제2 깐부회동도",Economic
젠슨 황-최태원 2차 깐부 회동…만남 1시간 전부터 시민들로 '북적',Economic
"젠슨 황, 두산 홈경기 시구...SK와 '2차 깐부회동'",Economic
"""삼겹살·치킨·냉면까지""…젠슨 황 따라 매출도 뛰었다",Economic
‘잠실전 시구’ 젠슨 황 “훌륭한 파트너와 함께하기 위해 왔다”…박정원 두산 회장과 피지컬 AI 논의,Economic
"두산 유니폼 입고 시구한 젠슨 황 ""치맥보다 좋은 건 없어""",Economic
"20대 사회초년생 ""월급 270만원 중 200만원 증권계좌에… 이런 투자 괜찮을까요""[재테크 Q&A]",Economic
자동차 본업 경쟁력 위에...로보틱스 등 성장성 담아[이런 펀드 어때요?],Economic
AI반도체 밸류체인 상위권… ‘저평가 매력’ 은행주도 강세[ETF 스퀘어],Economic
"흔들흔들 코스피… '상폐 위기' 곱버스, 기사회생 하나",Economic
美금리공포에 반도체 차익실현 韓증시도 '유동성 부족' 먹구름,Economic
"젠슨 황, 오늘은 잠실 야구장·PC방 떴다",Economic
강제청산 파도 곧 몰아친다… 빚투 늘린 개미들 어쩌나,Economic
한국 증시 불안한 월요일…美반도체 지수 5일 하루에만 10% 급락,Economic
"1600원 향하는 환율…2분기 원·달러, 외환위기 후 최고",Economic
금융위기 수준으로 치솟은 환율…“생각보다 오래 갈 수도”,Economic
韓주식 보유하지만 원화는 판다…환율 쏠림 키우는 '외국인 환헤지',Economic
삼전닉스 다음으로 많이 매매된 '이 종목'…상승세 걱정 없다는데,Economic
[단독]AI로 오차 줄이고 찾기 어려운 췌장질환도 탐지…삼성메디슨 英 1위 병원 입성,Economic
"""건축자재 원자재값 63% 급등""…초고환율에 K중기 비명",Economic
"“2670조 스페이스X 상장, 어디서 사냐고요?”…우주 ETF 3종 투자법 [이번주 찜할 ETF]",Economic
자금 반도체 쏠림에…새내기株 절반 공모가 밑돌아,Economic
"젠슨 황, 야구장에서 박정원 회장 끌어안았다…두산 경기 시구 후 관람",Economic
코스피 순위 톱10 중 7개 변동,Economic
6조로 몸집 커진 선물 ETF…소형 상품은 줄퇴장,Economic
"""캐나다서도 삼전닉스 붐… ETF 곧 출시""",Economic
수출·서학개미 호재에…달러예금 다시 '쑥',Economic
"""치맥보다 좋은 건 없어""…'1일 1닭' 젠슨 황, K푸드에 빠졌다(종합)",Economic
시총 판도 뒤집혔다…상위 10개 중 7개 순위 교체,Economic
‘두산 93번’ 유니폼 입고 시구한 젠슨 황…“치맥은 최고”,Economic
"야구장서 한국 치킨 '샤라웃'한 젠슨 황…""치맥보다 좋은 것 없다""",Economic
"""서울에 호텔방이 없어요"" 싹 동났다…'역대급 호황' 이유",Economic
93번 ‘젠슨 황’ 한글 유니폼 입고 시구…“치맥보다 좋은 건 없어”,Economic
"""치맥보다 좋은 건 없다""…젠슨 황, 야구장서 BBQ 단체 주문",Economic
스페이스X 올라탈 ETF…“지금 사라” vs “반년 뒤” 갈린 이유,Economic
전쟁 때보다 더 출렁인 코스피…‘검은 월요일’ 오나,Economic
"[단독]삼성메디슨, 美 빅2 병원 뚫었다",Economic
[부동산 손자병법] 여의도 재건축 잰걸음 … 한강뷰 1.3만가구 미니 신도시로,Economic
맥 못추는 코스닥에…액티브ETF도 ‘발목’,Economic
브로드컴發 '반도체 쇼크'에 코스피 8000 지지선 시험대,Economic
[미국 주식 돋보기] 'M&A 본능' 일라이릴리…시총 1조달러 탈환,Economic
"""치맥 최고, 고 코리아!""…두산 유니폼 입은 젠슨 황의 한마디",Economic
"'치킨 사랑' 젠슨황 덕에 '방긋'...""113마리 배달요""",Economic
BBQ 두 번째 찾은 젠슨 황… 잠실구장 단체석에 치킨 113마리 배달,Economic
변액보험 깨고 직접 투자? … 중도 해지땐 원금도 위험,Economic
"스페이스X 역대급 상장 임박 …""우주 ETF 올라타세요""",Economic
"야구장에 순살 113마리 주문…젠슨 황, 못 말리는 ‘K치킨 사랑’",Economic
"""치맥보다 좋은 건 없어""…'1일 1닭' 젠슨 황, 잠실구장에 113마리 주문",Economic
"젠슨 황, 엔씨·크래프톤과 회동···게임사로 넓어지는 ‘AI 동맹’",Economic
최태원·SK AI 사령탑 총출동…젠슨 황이 치킨집 부른 이유,Economic
"[현장] 젠슨황, 박정원과 잠실서 맞손…두산 유니폼 입고 'AI동맹' 띄웠다",Economic
젠슨 황의 못 말리는 K치킨 사랑…야구장서 BBQ치킨 또 먹는다,Economic
스페이스X가 자금 빨아들이나…외국인 이탈 가속 우려,Economic
"韓 게임시장 공 들이는 젠슨 황, 엔씨·크래프톤과 'PC방 회동'",Economic
"머스크 ""달 호텔서 휴가, 멋지지 않나""…스페이스X 투자 설득",Economic
"'트럼프 랠리' 신기루였나…비트코인, 6만달러선 붕괴에 시장 '충격' [주간 블록체인]",Economic
"가죽 자켓 대신 93번 유니폼 입은 젠슨 황, KBO 첫 시구",Economic
"코스피, '검은 월요일' 오나?…주말 美 반도체 급락에 고환율 덮쳤다",Economic
"[DD 주간브리핑] 로봇빌딩서 만나는 정의선·젠슨 황…애플, WWDC서 AI 비서 판도 뒤집기",Economic
“실업급여 받는 중인데 해외여행 가도 되나요?”,Economic
"[클리니컬 히스토리] 삼진제약, 아리바이오 2차 베팅…치매 다음은 백신",Economic
"젠슨 황, 잠실 마운드 오른다…두산 협력 질문엔 ""시구에 집중""",Economic
"엔비디아, ‘젠슨황 시구’ 잠실구장에 BBQ 치킨 113마리 주문",Economic
반도체 조정 시작됐나…코스피 '숨고르기' 장세 진입,Economic
10MW 풍력터빈 넘어 15MW 개발하는 유니슨…“국산 키우려면 기술 도입 필요”,Economic
"블룸버그 ""글로벌 펀드들, 한국 주식 포지션 '헤지' 강화 나서""",Economic
[현장]휴무 반납하고 젠슨 황 맞을 준비…'깐부회동 2' 현장 가보니,Economic
115조 거대 '블랙홀' 온다…8000피도 위태?[주간증시전망],Economic
코스피 신고가 속 '반도체 쏠림' 심화…하락 종목이 더 많아,Economic
잠실 야구장 방문한 젠슨 황…박정원 회장 마중,Economic
한국에 칩 공급 넘어 AI 인프라 생태계 심는다···젠슨 황 광폭 행보가 말하는 것,Economic
"비트코인, 일주일간 16% '뚝'…1년 8개월 만에 6만 달러 붕괴",Economic
고용 호조에 금리 인하 기대감 뚝…워시 의장 시험대,Economic
“계층 사다리 끊어져”…2030의 분노 이면엔 ‘구조적 불평등’,Economic
"젠슨 황의 3가지 '깜짝선물'…AI 시대, K-반도체·제조업 가치 재확인",Economic
"젠슨황, BBQ 또 먹는다…잠실 야구장에 113마리 주문",Economic
젠슨 황 한마디에 30% 급등…컴퓨텍스 2026 ‘연결’ 수혜株는? [투자360],Economic
6월 첫째주 투자 유치 스타트업은…우주 발사체에 335억 '뭉칫돈',Economic
'1일 2닭' 젠슨 황의 한국 치킨 사랑…야구장서 113마리 주문,Economic
"젠슨황, 시구 후 BBQ 또 먹는다…야구장에 113마리 주문",Economic
"젠슨 황, 최태원과 '깐부 회동'…PC방 회동도",Economic
"홈플러스, 올해만 5000명 실직 위기…잇따른 폐점에 임금 체불·대량 실직 가속",Economic
종횡무진 AI 황제…젠슨황이 구상한 피지컬 AI 영토 확장은,Economic
‘금리 인상 공포’에 비트코인 16% 급락…스페이스X IPO도 부담[가상자산 나침반],Economic
“치킨엔 정말 진심” 113마리나 주문한 젠슨 황…야구장 치맥은 못 말리지,Economic
"젠슨 황·정의선, 평양냉면 회동…피지컬 AI 동맹 강화(종합)",Economic
"기술이전 효과 약해진 아이엠바이오, 다음 동력은 내년 임상 성과",Economic
"‘황형’이 마신 ‘테슬라…하이트진로, 주류 침체 뚫을 돌파구?",Economic
"""지금 안 합치면 끝""…생존 위기감이 키운 보험사 M&A 흥행",Economic
젠슨 황의 ‘입’에 한국이 들썩...치킨·삼겹살·과자 웃었다,Economic
"상위 20% 아파트값, 하위 20% 아파트의 13.4배",Economic
입주 가뭄에 이주 파도까지…서울 전세시장 흔들리나,Economic
"케이옥션, 자사주 134만주 소각…외국계 공매도 '쇼티지' 압박",Economic
"삼전닉스 '쏠림', 코스피 하락종목 더 많아",Economic
"""선거 끝났다"" 65세 정년연장 속도전 가나…하반기 국회 노동입법 분수령",Economic
"""모두의 성장 적임자"" 한성숙 총리 후보자…청문회 문턱엔 '다주택'",Economic
"평양냉면 먹고 PC방 갔다…젠슨 황, 재계·게임업계 광폭 행보",Economic
한성숙 총리 후보자 깜짝 발탁 이유는?…AI 대전환·모두의 성장 이끌 적임자,Economic
美·EU 관세 장벽 높아진다…韓 통상전략 다시 시험대,Economic
"""형님, 알러뷰!""…젠슨 황 뜨자 공항도 홍대도 난리났다",Economic
코스피 지수 하락 대비하는 美 헤지펀드들,Economic
"'역전세 대란 또 온다'...공포의 빌라 집주인들, '130.5%룰' 확대 적용",Economic
"'동분서주' 젠슨 황, 정의선 회장과 '평냉' 오찬…최태원 회장과는 '2차 깐부회동'",Economic
"“인생 최고의 날” 젠슨 황, 8개월 만에 ‘2차 깐부회동’…이번엔 최태원과 러브샷?",Economic
쿠바 경제 붕괴 가속화... 외국 기업들 사업 정리 시작,Economic
대규모 IPO·Fed 긴축에 '유동성 블랙홀' 우려…글로벌 증시 조정장 진입하나,Economic
"‘어서오세..요, 어?’…삼계탕집 기습 방문한 젠슨황 “너무 맛있다”...최태원 회장과 ‘깐부회동’도",Economic
"""내리는데 오르네""…코스닥 외국인 시총 주는데 비중은 '최고치'",Economic
“한국 로보틱스 발전에 기여”···피지컬AI 제국 노리는 엔비디아 가상공장 ‘옴니버스’,Economic
중복상장 맞아?…디티에스·덕산넵코어스 예심 재개 기대,Economic
7개월 만에 깐부치킨 또 간 젠슨 황…최태원과 러브샷하며 ‘깐부’ 인증,Economic
"젠슨 황, PC방 잇달아 방문한 이유는?",Economic
87% 하락에 '상폐위기' 몰린 곱버스…증시 흔들리자 주목,Economic
고환율·고유가에 네 마녀의 날·스페이스X도...아슬아슬한 8000피,Economic
"하루 만에 2000조 증발…전문가들 ""단기과열 해소 과정""",Economic
"""아이온2 사랑해요?"" 젠슨 황, 택진이형 앞에서 RTX 5090·스파크 뿌렸다(종합)",Economic
[뉴스초점] ‘광폭 행보’ 피지컬 AI 동맹 만드는 젠슨 황,Economic
"""시술 절반도 못했는데""..'한달 지나 환불 불가' 피부과 약정..효력 있을까 [소비의 정석]",Economic
"최태원·젠슨 황, 7개월에 7번 만나…오늘 또 '깐부치킨' 회동",Economic
"젠슨 황, 오늘 저녁 최태원과 '깐부치킨' 회동…점심엔 정의선과 평냉",Economic
"""잘 키운 AI 인재 다 빠져나간다""…경고등 켜진 한국",Economic
중동전쟁 100일째…국제 유가 200달러로 치솟지 않은 이유,Economic
"코스피, 너무 빨리·많이 올랐나…글로벌 큰손들 '하락 헤지' 시동",Economic
집값 상승폭 조절했지만 전세는 급등…공급 속도 높이기 과제 [이재명 정부 1년],Economic
"스페이스X 상장 D-5…코스피, 자금 이탈 우려 속 반도체 모멘텀 주목",Economic
"“PC방 없었다면 엔비디아도 없었다”…젠슨황, 김택진·장병규 회동",Economic
"CPU 대신 HBM, 그래픽카드 대신 로봇…달라진 컴퓨텍스",Economic
"국가부채, 낙관론도 위기론도 아직 이르다 [김상철의 경제 톺아보기]",Economic
올해 주가급등에 지분 현금화할래…PEF·오너 일가 블록딜 급증,Economic
"삼전·하닉, 2분기도 최대 실적 예고… 영업이익 150조 육박",Economic
"피지컬 AI 동맹 만드는 젠슨황 ""한국은 AI투자의 위대한 미래""",Economic
변동장에 '빚투' 개미 어쩌나…강제청산 공포 확산,Economic
"""요새 대학생들 돈 없어"" 대학교 앞 상가들 얘기 들어보니...",Economic
수령액 늘리고 문턱 낮췄더니···주택연금 4월 가입자 역대 최대,Economic
"1조원 물 들어온다…LS전선, 인도 HVDC 본격 가동",Economic
“뇌졸중·유방암 등 ‘종합병원’ 진단에도 보험금 거부하는 보험사”,Economic
"에이프릴바이오, 기술이전 자산 고도화 순항…사업화 결실 본격화",Economic
“너무 오른 韓증시”…강세론자도 방어 태세 전환,Economic
[기업기상도] 순풍 타고 돛 단 기업 vs 바람 불어 닻 내린 기업,Economic
"강남은 전세난, 동탄은 영끌…수도권 집값 밀어올리는 실수요",Economic
"젠슨 황-정의선, 깜짝 '냉면 회동'…을지로 '우래옥'서 만나",Economic
"한성숙 총리 후보자, 국회 인사청문회로…다음 달 초 임명 전망",Economic
AI반도체·은행 강세…2차전지·방산·우주항공은 일제히 약세 [ETF 스퀘어],Economic
"젠슨 황, 정의선과 우래옥 '냉면 회동'…광폭 행보 이어져",Economic
"삼전·하이닉스, 2분기 또 '역대급 실적'…영업익 150조 예상",Economic
"젠슨 황, 김택진·장병규 연쇄 회동…韓 게임 업계와 AI 동맹",Economic
외국인 매도세에 2분기 환율 외환위기 이후 최고…공항에선 1620원 넘어,Economic
청년 일자리 효자였는데…은행권 채용문 좁아진다,Economic
롤러코스터 코스피에 시총 순위도 톱 10개 중 7개 바뀌어,Economic
"젠슨 황, 엔씨·크래프톤 수장 연쇄회동…PC방서 팬들과 소통도",Economic
‘정년 65세’에 사실상 국민 합의 모아졌나…2030은 “청년 일자리부터”,Economic
"대구 아파트 분양가, 1년 새 54% 폭등…""오늘이 가장 싸다"" 확산",Economic
'지금 들어가야 돈 번다'…부자들 800억 넘게 쓸어 담은 종목,Economic
"젠슨 황, 정의선과 점심 '평냉'…저녁에는 최태원과 '깐부치킨'",Economic
"李, 새 국무총리 후보자에 한성숙 지명…첫 기업인 출신 女총리",Economic
"""60세 은퇴 너무 이르다""…정년연장 지지 압도적",Economic
"백악관 “금리 내려라”, 시장 “올려라”…고용 반등에 꼬인 케빈 워시 행보",Economic
스페이스X IPO 흥행 돌풍…공모액의 두 배인 1500억달러 몰려,Economic
반도체 성과급 태운 '영끌' 광풍…'셔세권' 동탄 대출지수 70선 돌파,Economic
"젠슨 황, 이번엔 평양냉면…우래옥서 정의선 현대차 회장과 ‘깜짝 회동’",Economic
"""젠슨 황이 찍었다""…K-무선통신장비주 '들썩'",Economic
“국민 10명중 9명 65세 정년연장 찬성”…청년 일자리 잠식 우려도 커,Economic
"‘주가 8000에도 찜찜한 이유?’…갈수록 심해지는 삼전닉스 의존, 코스피↑때 하락종목 더 많아",Economic
“100년 맥주장사 접을 판”…맥주 속 효모로 다른 사업도 한다는 日기린,Economic
"""스페이스X, S&P500 편입까지 최소 2년 더 걸릴 듯""",Economic
김정관 체코행…‘역외보조금 리스크’ 털어낸 두코바니 원전 사업 쐐기 박나,Economic
7년 만에 북한 가는 시진핑…두만강·나선 개발로 북중러 판 흔든다,Economic
"'치킨 사랑' 젠슨 황, 또 깐부치킨 찾는다…최태원과 재회",Economic
"점심엔 정의선과 냉면, 저녁엔 최태원과 치맥…젠슨 황, 광폭 행보",Economic
"치킨 이어 냉면…‘3번째 만남’ 젠슨 황·정의선, 자율주행·로봇 동맹 넓힌다",Economic
"[속보] 젠슨 황, 크래프톤 장병규와 전격 회동…NC 김택진도 만남 예정",Economic
"젠슨 황 '광폭 행보', 정의선 회장과 우래옥서 '냉면 회동'(종합)",Economic
8천피·억대 성과급 '딴 세상'…영세 사장님의 눈물,Economic
"젠슨 황·정의선, 우래옥서 평양냉면 회동…내일 현대차 사옥 방문",Economic
"유가 160달러, 산업 붕괴… '석유 재고' 지금처럼 줄면 벌어질 일 [주말 Q&A]",Economic
"""모어 HBM""…젠슨 황 외침에 K-푸드 '방긋' 과자 매출 8배 급증",Economic
"젠슨 황-최태원, 또 치맥 파티…2차 ‘깐부회동’ 갖는다",Economic
"젠슨 황·정의선, 우래옥서 평양냉면 회동…내일 현대차 방문",Economic
"젠슨 황, 오늘 저녁 SK와 '2차 깐부회동'…최태원·사장단 총출동(종합)",Economic
"젠슨 황, 또 깐부치킨 찾는다…최태원과 '2차 깐부회동'",Economic
전셋값 두 달 새 5억 뛰었다고?,Economic
"젠슨 황, 크래프톤 장병규 만났다…저녁 땐 최태원과 ‘깐부 회동’",Economic
"강남PC방 간 젠슨황, 야구시구 후 저녁 땐 최태원과 '깐부회동'",Economic
"""어디까지 오르려고""…원·달러 환율, 공항선 1620원대",Economic
젠슨 황·장병규 만남…회동 장소 PC방 도착,Economic
"일진전기, 말레이시아서 621억 수주…동남아 데이터센터 전력망 공략",Economic
"초여름 더위에도 '가죽재킷'…젠슨황, 입국때 입은 '디올 재킷' 완판 눈앞",Economic
[단독] 젠슨 황이 나눠준 ‘HBM칩’ 난리났다…매출 766% 급증,Economic
"AI 품은 글로벌 제약사, 무기는 데이터…'K바이오' 승부수는 대학·병원",Economic
믿었던 반도체 '흔들'…'3高 시대' 새 대안주는,Economic
"“한옥 너무 멋져” 젠슨 황, 가족들과 종로 삼계탕집 깜짝 방문…인삼주도 주문",Economic
"“성투의 마무리는 세금”…해외주식 양도세, 고수는 카드로 낸다",Economic
점심 먹고 무조건 한 잔 했는데…아메리카노 빼고 다 오른다 [장바구니+],Economic
반토막 난 EU 철강 쿼터에 美 추가 관세 예고…“지금이 막을 마지막 기회”,Economic
"젠슨 황, 정의선 회장과 '냉면 회동'…우래옥 찾았다",Economic
2분기 들어 평균환율 1490원…외환위기 후 최고 수준,Economic
"삼전닉스 너무 올랐나...""반작용 국면 들어왔다"" [주간 증시 전망]",Economic
‘코스피 돌풍’의 역설…하락 종목이 더 많다 [마켓시그널],Economic
"""태국 바트보다 못하다고?""…1560원 찍은 원화, 무슨 일이[1500원 치솟는 환율]①",Economic
"한미 통화스와프, 고환율 구원투수 될까…전문가 “일관된 통화·재정정책이 더 중요”",Economic
'젠슨황-최태원' 오늘 저녁 깐부치킨서 회동,Economic
일본 서점 수 1만 곳 붕괴…사라지는 ‘동네 책방’,Economic
나스닥 급락·비트코인 붕괴…스페이스X IPO 앞두고 개미 자금 대이동,Economic
"'치킨 홀릭' 젠슨 황, 최태원·SK 사장단과 2차 깐부회동(종합)",Economic
"젠슨 황, 오늘 또 'SK 깐부회동'…최태원 회장과 하이닉스·SKT 수장 만난다",Economic
"최태원-젠슨 황, 오늘 또 '깐부 회동'…하닉·SKT 경영진 총출동(종합)",Economic
젠슨 황의 남다른 ‘닭고기’ 사랑…깐부치킨 또 찾는다,Economic
코스피 대탈출 시작한 외국인들? 시장은 공짜가 없다 [지금이뉴스],Economic
"“밑도 끝도 없이 가격이 오르네”…뿔난 美 소비자들, 새 차 안 사고 만다",Economic
"젠슨 황, 깐부치킨 또 간다…오늘 저녁 최태원과 회동",Economic
또 깐부치킨 찾는 젠슨 황…이번엔 최태원과 '깐부 회동',Economic
"""한국 치킨 그리웠다"" 1일 1닭… K푸드 홍보대사 된 젠슨 황 [권용훈의 트렌드워치]",Economic
계란 한 판에 8000원 육박… 마트 할인행사 땐 순식간에 ‘품절’,Economic
"[그때 그 광고] ""쓱"" 한 글자로 쓱…SSG닷컴의 기발한 실험",Economic
[세아홀딩스 공개매수] 주가 하락 변수…안분 가능성 부상,Economic
"젠슨 황, 오늘 저녁 또 깐부치킨 회동…최태원과 SK 경영진 모인다",Economic
“해커가 골라서 공격하나”…핀테크·중소금융사 빠진 AI 보안대책,Economic
"‘치킨→삼계탕→치킨’... 젠슨 황, SK만 불러 ‘제2 깐부회동’ 갖는다",Economic
"“다른 곳도 많은데 왜?”…최태원·젠슨황 7번째 공개 데이트, 또 깐부치킨",Economic
"""노년에 못 쉬어도 괜찮다""…국민 10명 중 9명 정년연장 찬성",Economic
최태원-젠슨 황 오늘 저녁 또 만난다…2차 깐부회동,Economic
"젠슨 황, 오늘 또 ‘깐부회동’…최태원과 다시 만난다",Economic
"젠슨 황, 게임 거장들과 연쇄 회동…잠실 시구도",Economic
‘환율 쇼크’ 1560원대 뚫렸다… 2분기 평균 환율 28년 만에 최고,Economic
"롤러코스터 탄 코스피…이달 변동성, 이란전 때보다 커",Economic
"젠슨 황-최태원, 오늘 '깐부회동'…SK 사장단 총출동",Economic
이재용 이어 최태원까지…젠슨 황 이번에도 '깐부 회동',Economic
‘깐부 회동’ 또 열린다…이번엔 ‘젠슨 황+최태원’ 조합,Economic
"젠슨 황, 최태원 회장과 오늘 저녁 ‘2차 깐부회동’",Economic
3高(물가·환율·금리)에 부담 커지는데…그래도 식지 않는 '빚투',Economic
"젠슨 황, 또 깐부치킨 찾는다…오늘 저녁 최태원과 재회",Economic
"배민-쿠팡이츠, 정부 제재 임박…자진시정 수용하나",Economic
'스페이스X' 목마른 개미들 줄섰다...한달새 우주ETF에 2조 뭉칫돈,Economic
"일본 95% 장악 ‘연성 내시경’, 2031년 말까지 국산화 나선다",Economic
올해 개미들에게 인기 1등 ETF는? SOL AI반도체TOP2+,Economic
"젠슨 황-최태원, 깐부치킨서 오늘 저녁 회동…'형님 회동' 이후 재회",Economic
"“이란전 발발 때보다 심각한 상황”…‘삼전닉스’ 쏠림 코스피, 이대로 괜찮나",Economic
환율 한때 1560원도 뚫었다…한은 '긴축 페달' 밟을까,Economic
[이정훈의 크립토네이션] 스트래티지를 위한 변명,Economic
"노동력 부족한 日 시장, 'AI 비즈니스 메신저'로 뚫었다",Economic
“보험사 보험금 지급 거절 사유 1위는 주치의 진단 불인정”,Economic
"젠슨 황, 크래프톤·NC 연쇄 회동...프로야구 시구도",Economic
젠슨 황 행보에 유통가 '들썩'…K푸드·주류 글로벌 수혜 주목,Economic
"""수지처럼 화장할래""…K미감 배우는데 지갑 연 외국인들[르포]",Economic
"젠슨 황, 또 PC방 회동…엔씨·크래프톤 만난다",Economic
"""미국 고용은 뜨거운데 임금은 주춤""…연준 금리 셈법 더 복잡해졌다",Economic
[헤비급브리핑] 수출 호황 K-방산 민낯…한화 폭발사고가 남긴 과제,Economic
"[단독]젠슨 황, 남대문 구경…칼국수 먹고 빨간 봉투 건넸다",Economic
젠슨 황 맛집 탐방 '칼국수·삼계탕'…무릎 사인 구광모 '화제 만발',Economic
"'고달픈 2030'…소득 줄어든 유일한 세대, 월세는 두 자릿수 '인상'",Economic
"17년 만의 '환율 쇼크'…공항선 이미 1,620원대",Economic
"""20년째 따라잡겠다더니""…삼성 겨냥 TSMC 직격탄에 '술렁' [강경주의 테크X]",Economic
"젠슨 황, 오늘 PC방서 크래프톤·엔씨 만난다…저녁에는 두산과 '시구'",Economic
美반도체 쇼크에 삼전닉스 긴장…코스피 '검은 월요일' 오나,Economic
"[퇴직연금 투자전략]⑤ ""단기 게임 아니다…과열된 기대수익률 우려""",Economic
"삼성전자, OLED TV 시장서 LG 맹추격… 점유율 격차 6%P",Economic
상장 앞둔 스페이스X 2800조원 몸값 시험대,Economic
삼전닉스에 현대차까지 얹었다…'20배' 레버리지 상품 뭐길래[주末머니],Economic
"홈플러스, 올해들어 2천600명 퇴직…대량 실직 위기",Economic
"美 반도체 폭락·치솟는 환율…""검은 월요일"" vs ""비중확대 기회""",Economic
"젠슨 황, 강남 PC방서 크래프톤·엔씨와 연쇄 회동",Economic
"증권사, 가상자산 거래소와 '합종연횡'…디지털자산 선점 경쟁",Economic
[르포] 젠슨 황 특수는 없었다…침울했던 홍대 상권,Economic
"젠슨 황, 이번엔 삼계탕 맛집 찾았다…서촌 토속촌 깜짝 방문",Economic
"[단독] 박정원, 젠슨 황에 '두산일두' 선물…AI 동맹에 창업 상징 담는다",Economic
8100선까지 떨어진 코스피… 금리인상 기조에 변동성 더 커진다,Economic
"CJ제일제당, 美서 햇반 1억개 팔았다",Economic
쏠리고 쏠리는 증시… ‘투기 심리’에 삼전닉스·액티브 ETF 몰리는 돈,Economic
"""집값, 이제 금리가 아니라 고용과 소득이 결정"" [주末머니]",Economic
"""한국 오면 1일 1닭""…재벌들과 치킨 뜯던 젠슨 황, 가족과는 삼계탕 비웠다",Economic
기준금리 올리기도 전에...반년 새 1%p 오른 주담대 금리,Economic
분양시장 주인공 된 2030… 청약 당첨자 절반 넘어,Economic
ETF 500조 시대…개인 순매수 1위 ‘SOL AI반도체TOP2 플러스’ [코주부],Economic
[마켓 ING]9000선 넘보다 8100선까지 밀린 코스피,Economic
"""한옥 너무 멋지다""…젠슨 황, 아내와 깜짝 방문한 종로 맛집",Economic
노란봉투법 후폭풍에 노동위 사건 폭증…올해 첫 3만건 넘나,Economic
韓 1분기 성장률 OECD 2위…반도체 호황에 IB 연 3% 전망도 잇따라,Economic
"“배송 경쟁 끝” 다음 승부수는 AI…이커머스, 내재화 전쟁 '불' 붙었다",Economic
“삼전·하닉보다 더 올랐다며?”…개미들 검색 1위 오른 또 하나의 ‘삼전’,Economic
연금액 늘고 문턱 낮아진 주택연금…4월 신규 가입 ‘역대 최다’,Economic
"中전기차, 미국 진출 현실화 힘 얻는다",Economic
출시 닷새 만에 완판된 국민참여성장펀드…9월께 2차 출시 전망,Economic
“양도세 중과 전 막차 매도” 다주택 비율 4년 4개월 만에 최저치 찍었다 [부동산360],Economic
"지방 미분양發 PF 부실, 저축은행·보험·신탁사까지 번졌다",Economic
"OK저축은행, 유가증권 투자로 웃었지만 본업은 '빨간불'",Economic
짠한 우리 아버지 같던 대우 올드카···‘빛바랜 추억’ 아닌 미래 생존 열쇠 돼야,Economic
오세훈 테마주 단골손님 '진양화학'[급등주 지금은],Economic
"29년 전 ‘도로 위 풍경’이던 올드카, 백발의 주인과 고향서 다시 빛나다",Economic
일정·동선 직접 챙겼다…젠슨 황 장녀의 '그림자 의전' 눈길,Economic
체코 원전 ‘역외보조금’ 리스크 털고 ‘순항’…EU ‘심층조사 미개시’ 통보,Economic
블랙먼데이 공포 엄습…글로벌 펀드들 韓 증시 하락 방어 시작했다,Economic
"'K치킨 마니아' 젠슨 황, 종로 삼계탕집 깜짝 방문",Economic
"젠슨 황, NC 김택진·크래프톤 장병규 PC방 회동",Economic
조선·車업계 덮친 반도체發 ‘N% 성과급’ 후폭풍,Economic
고환율에 달러선물 ETF 강세…환노출형 美 ETF도 앞섰다,Economic
“CJ ENM 주주 울린 티빙” 개인정보 유출로 기업가치 훼손,Economic
"[인터뷰]타카하시 토모야 토요타 가주 레이싱 사장 ""현대차와 수소 협력 열려 있어""",Economic
"다음주 '5월 CPI' 발표, 美 금리인상 가를 최대 변수…젠슨황 효과는 선반영 [증시레이더]",Economic
매매 이어 청약도 30대가 주도…당첨자 10명 중 6명 ‘30대 이하’,Economic
"""치킨도 좋아하는데 삼계탕도 최고"" …젠슨 황, 서촌 토속촌 깜짝 방문",Economic
시총 10위 내 삼성그룹 대거 편입…반년 새 바뀐 코스피 지형도,Economic
젠슨 황 방한 뒤엔 장녀 ‘지원사격’ 있었다…페이커 미팅·삼겹살 회동 동행,Economic
서울 호텔값이 이렇게 비싸졌어?…외국인 관광객 몰리자 함박웃음 짓는 이 기업 [주末머니],Economic
압구정은 ‘현대’·반포는 ‘삼성’…다음 격전지는 ‘대치’,Economic
집값은 오르는데 매수자는 주춤…정책 변수에 부동산 '숨고르기',Economic
"올해만 2600명 떠났다…홈플러스, 임금 체불에 대량 실직 위기",Economic
"젠슨황, 강남 PC방 찍고 야구 시구…깐부치킨 또 찾는다",Economic
‘IMF급 널뛰기’ 홀짝 도박판 된 코스피,Economic
"방한 3일차 젠슨 황, 오늘도 PC방 간다…이번엔 강남서 크래프톤·엔씨 대표와 잇달아 회동",Economic
"블룸버그 ""젠슨 황 방한, K팝 아이돌 팬미팅과 흡사""",Economic
"젠슨 황, PC방서 엔씨·크래프톤 수장 만난다",Economic
"코스피, 내일 ‘검은 월요일’ 오나···“당분간 변동성 커질 듯”",Economic
"'AI 역풍' 의식했나, 트럼프 ""AI기업 지분인수 검토…국민 혜택""",Economic
"삼겹살에 치맥·뚱바, 삼계탕까지…젠슨황 덕분에 웃은 ‘K-푸드’",Economic
[스테이블코인: 유통 공룡의 탄생]④ 푸빌라로 시작된 신세계의 코인사업,Economic
2분기에도 사상 최대 실적 경신한다…삼성·하이닉스 영업익 150조 전망,Economic
삼전닉스·KB금융 말고 다 바뀌었대…코스피 상위 10위 격변,Economic
"파라택시스이더리움 ""기관급 거버넌스로 국내 최대 DAT 플랫폼 도약""",Economic
야구장서 만나는 젠슨 황·박정원… 두산-엔비디아 '피지컬 AI 동맹' 굳힌다,Economic
"“이번 월요일엔 계좌 못 볼 것 같네요”…美 반도체 폭락, 코스피에도 ‘전운’",Economic
"젠슨 황, PC방서 엔씨 김택진·크래프톤 장병규 만난다",Economic
"중소기업 퇴사 브이로그 뜯어보니…""절반은 입사 1년 내 퇴사""",Economic
"두산·엔비디아 '피지컬 AI 동맹' 굳힌다...젠슨 황·박정원, 잠실서 '투타 호흡'",Economic
"""요즘 애들, 연봉 때문에 관둔다며""…청년 퇴사 브이로그 뜯어보니 '반전'",Economic
“상사 괴롭힘으로 퇴사”…유튜브 퇴사 경험 영상 분석,Economic
"테슬라 모델Y, 쏘렌토 왕좌도 뺏었다…전기차 질주",Economic
"젠슨 황, 오늘 PC방서 김택진 엔씨 대표 회동 뒤 잠실서 시구",Economic
"'K치킨 사랑' 젠슨황, 종로 삼계탕집 깜짝 방문…""너무 맛있다""",Economic
‘야당이 서울 선거 승리한 이유?’…서울 동남권 전셋값 상승률 작년의 3배 ‘급등’,Economic
엔비디아도 팔고 떠났다…서학개미 3개월째 ‘미국 주식 탈출’,Economic
코스피는 사상 최고치인데…오른 종목은 줄고 내린 종목은 늘었다,Economic
10년간 최대 2000만원…'미성년자' 증여재산 공제란 합법적 稅테크 [재테크 Lab],Economic
"OLED TV 시장서 삼성, 1위 LG 턱 밑 추격…격차 6%P까지 좁혔다",Economic
"“PB? 이제 헛돈 쓰는 느낌이”…돈 좀 있는 사람들, 80%는 마음 정했다",Economic
[글로벌 바이오워치]릴리의 '바이오 쇼핑' 멈추지 않는다,Economic
"""내 자식 면접 옷 챙겨주는 마음으로 일해요""...정장 빌려입고 '취업날개' 다는 청년들 [단내나는 짠테크]",Economic
"'중국차' 편견 뚫은 BYD, 아우디·볼보·렉서스 제쳤다",Economic
체감 물가 상승에 오마카세 발길 ‘뚝’…중저가 뷔페는 신바람,Economic
준비는 끝났는데 법이 없다…가상자산 시장의 남은 숙제[가상자산 대전환③],Economic
대출금리 치솟는데 마통은 펑펑…‘빚투족’ 시한폭탄 째깍째깍,Economic
2년래 최악의 한주…물가지표에 초긴장[이정훈의 코인 위클리뷰],Economic
주택연금 역대 최대...더 주고 덜 따지니 4월 가입자 2322명 폭증,Economic
올해만 2600명 떠난 홈플러스… 37개 폐점에 대량 실직 위기 커져,Economic
빗썸 직원실수 25억·업비트 해킹 8억…코인 거래소 ‘고무줄 보상’,Economic
"삼성·하이닉스, 2분기 또 ‘돈방석’…영업이익 150조 예상된다는데",Economic
2분기 환율 외환위기 이후 최고…공항에서는 1천620원대,Economic
젠슨 황 방한서 장녀 큰 역할…총수 회동·유퀴즈 동행,Economic
올 들어 코스피 시총 순위 판도 변동…삼성그룹 계열 약진,Economic
삼성전자·SK하이닉스 2분기 실적 또 신기록 전망,Economic
액티브 ETF 순자산 한 달 새 15% 급증…반도체 담은 상품 수익률 두각,Economic
"""삼전·하닉 주가처럼 상승""…5개월 새 3억 뛴 동탄 집값",Economic
"‘연예인급 인기’ 젠슨 황, 오늘은 두산 시구자 등판…택진이 형도 만난다",Economic
“코스피 1만 짤 고민 중입니다”…취준생도 홀린 여의도 밈 장인의 정체 [여의도란도란],Economic
반년 만에 '톱10' 절반 이상 교체…시총 순위 대격변,Economic
"젠슨 황, '두산 93번 유니폼' 입고 오늘 시구...PC방서 김택진도 만난다",Economic
"“금값 좀 덜 올랐으면 좋겠다”…전세계 채굴 1위 기업, 인상 찌푸리는 이유는",Economic
“월급 벌어 몽땅 월세 내는 데 써요”…서울 ‘월세 300만’ 아파트 10곳 중 1곳,Economic
“회식 중 숨졌으니 보험금은 회사 몫?”…유족에 지급 거부한 보험사 [어쩌다 세상이],Economic
'수술실 촬영 경험'은 10명 중 2명···무용지물 된 '수술실 CCTV',Economic
"[단독] 젠슨 황, 종로 식당 깜짝 방문…삼계탕 즐긴 뒤 “또 오겠다”",Economic
'470만원 재킷' 품절 임박…젠슨 황 패션도 화제,Economic
"셀트리온, 책임 경영 실현…1000억 규모 자사주 소각 최종 반영",Economic
"""유동성 악화 경고 신호 울렸다…비트코인 4만달러 가야 바닥""",Economic
"코스피 변동성 '경고등'…이달 하루 변동폭, 이란 전쟁 때보다 커졌다",Economic
"'하츄핑2' 온다…바닥 찍은 SAMG엔터, 반등 신호탄 되나",Economic
소금빵 하나에 ‘1190원’…한국 최고 핫플서 이 가격으로 장사되는 이유는,Economic
가격 인상 러시 속에도 '아아'는 못 올린다[사(Buy)는 게 뭔지],Economic
AI·로봇주 달군 '젠슨 황 효과'…관련 ETF 수익률 상위권[펀드와치],Economic
"젠슨 황, 오늘 잠실 마운드 오른다…두산 유니폼 입고 시구",Economic
올해만 이미 2600명 퇴직…실직 늘어나는 홈플러스,Economic
심상치 않은 코스피 변동성…중동 전쟁 때보다 커,Economic
젠슨 황이 시민 입에 넣어준 '반도체 과자'…HBM을 먹어봤다[먹어보고서],Economic
또 신기록…‘삼전닉스’ 2분기 영업익 150조,Economic
'물갈이'된 코스피 시총 톱10은 무엇…AI 훈풍에 반도체·삼성주 약진,Economic
삼성그룹주 무섭네…코스피 시총 10위권 대거 싹쓸이 [투자360],Economic
"‘매대 텅 빈’ 홈플러스, 떠난 직원 올해만 2600명",Economic
"올해 코스피 '시총 순위' 지각변동…삼성그룹 웃고, 조선株 울고",Economic
“삼전닉스 없는 내 주식만 떨어져” 사실이었다…코스피 ‘불장’ 하락종목 더 많아,Economic
“전쟁 때보다 더 독하다” 하루에만 무려 ‘3.9%’… 널뛰는 코스피 [투자360],Economic
지방 ‘악성 미분양’에 금융권 ‘2차 충격파’ 오나,Economic
"삼성 올레드 TV, LG 턱 밑 추격…매출 격차 한 자릿수",Economic
"李 ""집값 너무 비싸"", 강남·과천·분당 표심 ""…""",Economic
"삼성과 SK의 성과급, 무엇이 달랐나? [김문경의 리더십테크] (15)",Economic
8000선 위에서 출렁이는 코스피…개인 매수·외국인 이탈,Economic
반도체 랠리의 역설…삼전·하이닉스 급등이 ‘원·달러 환율’ 끌어올렸다,Economic
美 반도체주 폭락에 '삼전닉스 쏠림' 코스피도 변동성 불가피[주간증시전망],Economic
소득 상위 10% 진입선만 6.4% 껑충…평균 증가율의 3배[세쓸통],Economic
'고철까지 싹쓸이'…中 텅스텐 사재기에 美 공급망 '비상',Economic
"“더 간다” VS “조정장 온다”…“코스피 만이천피 간다” 파격 전망도, 변수는",Economic
"삼전닉스 상승률, IT버블도 넘었다…주의할 점은 [주末머니]",Economic
[주末머니]상장 앞둔 스페이스X…어떤 ETF 담을까,Economic
수입차에 안방 내준 국산차…가격 인하 공세에 ‘비상’,Economic
"‘잠실벌 난리나겠네’…젠슨 황, ‘93번’ 투수로 마운드 오른다",Economic
"""유재석 어깨 감싸고 케데헌 '골든' 춤추고""…'젠슨 황, '유퀴즈'서 포착된 모습",Economic
"냉면 한 그릇 2만원 시대…'집냉' 뜬다 [이 집! 지금, 이 맛]",Economic
수급자 절반 “기초연금 40만 원은 돼야”…34만 원 적정 응답 20%뿐,Economic
"삼전닉스 쏠림 가중…반도체까지 흔들리면, 코스피는 어쩌나",Economic
"""젠슨황 왔지만, 월요일 무섭다""…'3고·반도체 조정'에 떠는 개미",Economic
"""내 주식은 왜 이래?""…삼전·LG 폭등 뒤 개미들 한숨 이유",Economic
‘한국 불장되니’ 돌아오는 서학개미?…6월들어 美주식 1.2조 내다팔아,Economic
[단독] 경동나비엔 ‘열교환기 특허’ 유효성 인정…귀뚜라미 청구 기각에 법정 공방 2라운드,Economic
"""왜 내 주식만 안 오르지?""…8천피 질주에도 되레 '뒷걸음'",Economic
"20대 청년, ‘1억 7000만원’ 억울한 체납세금 털어낸 사연[세금GO]",Economic
지방 미분양의 늪…건설사 하루 12곳 문 닫았다 [건설사 줄도산 공포]①,Economic
"""스페이스X 블랙홀 되나""…코스피 흔들 변수에 쏠리는 시선 [주간전망]",Economic
신현송 언급 빈도 급증…낯선 단어 ‘GDI’는 왜 지금 한국에 중요한가,Economic
‘국평 57.8억’ BTS 제이홉 사는 성수 최고급 아파트는 어디[누구집],Economic
[공모주달력]피스피스스튜디오 상장...수요예측도 줄줄이,Economic
"강남 전셋값 상승률, 작년의 3배…월세화·공급부족 여파",Economic
"'작년 1733억弗' 반도체 수출, 올해 3500억弗 찍나…자동차는 흐림",Economic
증시 출렁일 때 배당매력 돋보이는 이 종목[주末머니],Economic
'코인 사고파는 시대' 끝…투자판이 달라진다[가상자산 대전환②],Economic
보험사 M&A 예상 밖 흥행…원매자별 각기 다른 셈법은,Economic
"젠슨 황, 오늘 마운드 오른다…위기 속에 지켜낸 '허슬 두'의 가치",Economic
"한국 1분기 성장률, OECD 34위→2위…반도체 특수에 올해 3% 전망도",Economic
"‘굳건한’ 삼전·닉스, ‘쫓겨난’ 이차전지·조선…시총 순위 지각변동",Economic
"지수는 사상 최고치인데 내 주식은 왜…코스피, 대형주만 웃었다",Economic
[속보] ‘나만 삼전 닉스 없어’고민 진짜였다… 코스피 오를때 하락종목 더 많아,Economic
"""돈 벌려면 국장?""…서학개미 '유턴' 속 최애 종목 보니",Economic
"기상이변이 난방비 폭탄 막는다?…""LNG값 붙잡은 엘니뇨""[주末머니]",Economic
올해만 2천600명 떠났다…임금 체불에 대량 실직 위기 홈플러스,Economic
고환율·고금리·고유가 '3고' 장벽 넘을 대안주는?,Economic
"BBQ 1년만 소원 성취...젠슨 황, 삼겹살에 소맥·뚱바까지 'K푸드 쇼케이스'",Economic
"""지수형 만족 못해"" 액티브 ETF 몰리는 돈…순자산 한달새 15%↑",Economic
"삼성전자, OLED TV 시장서 LG전자와 격차 6%포인트로 좁혀",Economic
올해 코스피 '시총 순위' 지각변동…'톱10' 중 7개 바뀌어,Economic
올해 개인이 가장 많이 산 '최애' ETF는…SOL AI반도체TOP2+,Economic
"코스피 변동성 주의보…이달 변동률, 이란전 발발 때보다 커",Economic
‘야후 vs 구글’ 경쟁 닮은 오픈AI와 앤트로픽의 AI 각축전,Economic
고환율·스페이스X 암초 만났다…시험대 오른 반도체 랠리 [선데이 머니카페],Economic
"석유화학 기업들, 2분기까진 ‘어쨌든 흑자’ 전망…문제는 하반기 [비즈360]",Economic
현대차 공부하는 포르쉐?…전기차 ‘가상 변속’에 꽂힌 車업계 [여車저車],Economic
"20대 사회초년생 ""월급 270만원 중 200만원을 투자하는 데 괜찮을까요"" [재테크 Q&A]",Economic
진화하는 전세사기 막는 똑똑한 대처 방안,Economic
"[르포] “삼전닉스만 집 사나요?” LG직원들 몰리자, 마곡도 국평 20억 찍었다 [부동산360]",Economic
"로또 1227회 당첨번호 26억, '서울·대구·대전 동일하네'",Economic
"[150조 머니무브] 에이티넘, '1조 펀드' 도전…관건은 하드캡",Economic
싼 약값에 창고형 약국 인기…동네약국 붕괴 우려도,Economic
"높아진 재취업 문턱, 정치인 '낙하산'?...공직자 '못 간 자리' 누가 채우나",Economic
미국 301조·EU 철강 고율 관세…한국 통상전략 또 시험대,Economic
젠슨 황 방한 뒤엔 장녀 있었다…총수 회동도 직접 챙겨,Economic
"젠슨 황, 오늘 93번 유니폼 입고 잠실 마운드 오른다…국내 AI·로봇 스타트업계도 만날 듯",Economic
"[단독] HD현대로보틱스, 6년만에 협동로봇 신제품 출시…두산과 정면 승부",Economic
"재취업 문마저 닫힌다...""기회 될 때 돈 더 주는 민간 회사로"" MZ '대탈출'",Economic
"구두개입도 속수무책, 1560원 뚫은 환율 쇼크…""당국 카드 제한적""",Economic
"""'여기 우리가 쭉 가는 곳', 이젠 없다"" 꽉막힌 재취업…공직사회, 멘붕",Economic
"AI 패권 전쟁의 최전선, SK하이닉스 곽노정의 ‘조용한 승부사’ 리더십 [박영실의 이미지 브랜딩]",Economic
한 달 미만으로 나눠 쓴 육아휴직…“기간 합산해 급여 신청 가능” [이인혁의 판례 읽기],Economic
선주사 눈독 들이는 ‘바다 위 데이터센터’… 삼성重이 먼저 깃발 꽂았다,Economic
[주간증시전망] ‘AI 인프라’ 주도 계속될까… 스페이스X 상장 ‘빅이벤트’,Economic
"“IMA 승기 잡아라”… NH투자증권, 4000억 장전하고 IMA 돌격",Economic
"""젠슨 황 '삼쏘' 뉴스 떴을때, 팔아야했나"" 동맹주 개미들 '희망고문'에 갇힌 주말 [개미의 세계]",Economic
8800까지 치솟다 8160로 식은 코스피…백화점·금융주만 웃었다,Economic
"""차세대 증권은 토큰화""…돈·인재 뉴욕으로 몰린다[월가 뒤흔든 토큰혁명]①",Economic
이틀간 7% 빠진 코스피…이번 주 물가지표·스페이스X '고비',Economic
빚투·공매도 모두 역대 최대…변동성 올라타 한몫 챙기려는 '투심',Economic
"""자본이 곧 경쟁력""…증권사들 '실탄 확보' 속도전",Economic
'방어→공격' 전환한 파킹형 ETF…자금 회수해 '불타기' 나섰다,Economic
회생 열쇠는 자금수혈…MBK·메리츠 평행선[벼랑 끝 홈플러스②],Economic
조선·자동차 업계 하투 본격화…'이익 N%' 성과급 쟁점,Economic
한국 잠재성장률 뒷걸음질…주요 47개국 중 28→31→32위,Economic
"외국인 매도에 2분기 환율 외환위기 후 최고…공항선 1,620원대",Economic
한국 1분기 성장률 OECD 2위…반도체 특수에 연 3%도 바라본다,Economic
금리인상 아직인데…저소득층은 이자에·2030은 월세에 허덕인다,Economic
"[단독] 서학개미, 미국 주식 버렸다…10개월 만에 ‘마이너스’ 전환",Economic
일본은 18홀에 5만원?…한국 골프장만 ‘배짱 가격’ 안 꺾이는 이유 [권준영의 머니볼],Economic
"낮엔 1539원, 밤엔 1559원…환율 왜 야간에 더 튀나",Economic
'강제노동 트집' 韓 12.5% 관세…'15% 상한' 절대사수 과제,Economic
코스피 두배 뛸때 코스닥은 제자리…'2천스닥' 가능할까,Economic
"젠슨 황, 오늘 두산 박정원과 투타 호흡…내일 현대차 정의선·LG 구광모 단독 회동 ""K로봇과 동맹""",Economic
"""스페이스X IPO, 역사상 가장 정교하게 설계된 개미지옥""",Economic
"유조선사들, 호르무즈 해협 재개방 앞두고 시장 붕괴 우려",Economic
[비즈토크<하>] 태풍인 줄 알았는데 미풍이었네…은행권 ELS 과징금 대폭 '뚝',Economic
“집 사려면 대기업 가야 하나” 말 나올만도…직장인들 ‘사내대출’에 몰린다,Economic
[비즈토크<상>] 젠슨 황 '쇼맨십' 활활…현장 안전은 '아슬아슬',Economic
"젠슨 황, K피지컬 AI 낙점한 이유…“서버 이어 로봇 시장도 독점”",Economic
“20명 대기 중”… 젠슨 황 ‘삼소회동‘ 후 고깃집 ’문전성시’ [오승혁의 '현장'],Economic
"“엄마, 사과가 제일 싸요”…가격 폭등에 ‘갓성비’로 거듭난 맥북",Economic
젠슨 황 'K-회식'하며 'AI 동맹' 다졌다‥2차는 역시 치맥,Economic
홍대 '불금' 보낸 젠슨 황…'소맥·깻잎 쌈' 한국식 회식 즐겨,Economic
[돈이 보이는 경제] 맥 못 추는 원전·전력설비 주가…이유는?,Economic
"젠슨황, '삼소 회동'에 2차는 치킨…구광모가 고기 굽고, 이해진이 결제",Economic
"젠슨 황 ""서울에 AI 기술센터 세운다""…8일 현대차·LG '로보틱스 주도' 韓기업 릴레이 회동",Economic
"통곡물이 나쁜 콜레스테롤과 중성지방, 심장질환 위험 낮추는데 왜 안먹지? [수민이가 궁금해요]",Economic
'비트코인' 공격 투자 즐기던 40대 의사…'이렇게 바꿨다',Economic
“다음주 코스피 걱정된다” 나스닥 4% 급락…금리 인상 공포에 AI 랠리 흔들 [투자360],Economic
"[자막뉴스] ""월급 몽땅 아파트 월세 낸다""..서울 9.5%는 '3백만 원 월세'",Economic
반도체 급락에 개미들 '당황'…연기금·외국인은 '이것' 샀다 [종목+],Economic
"“재개발 빨라진대” 선거 끝나자 북아현3구역, 갑자기 2억 올렸다 [부동산360]",Economic
美 국채보다 金…전 세계 중앙은행 쓸어 담는다,Economic
"與정민철 ""정원오 이겼으면 유혈사태, 재선거 하자"" vs 野박은식 ""현실적으로 힘들다""",Politics
김재섭 “민주당 20~30대 탓 말고 자신들 잘못부터 진단해야” [정치 시그널],Politics
"국힘 원대 출사표 김도읍 ""장동혁 거취 표명이 상식…'윤어게인' 탈피 역할할 것""",Politics
"李대통령 지지도 55.2%…민주 41.8%·국힘 41.1%, 1월후 첫 오차내(종합)",Politics
"윤준병, 송영길 직격 ""김관영 구하기 나섰던 해당행위자""",Politics
"성일종 ""이 대통령 공소취소?...어떻게 자기 죄를 자기가, 부끄러워, 문명국가 사람 맞나""[여의도 진검승부]",Politics
"[속보] 이언주, 최고위원직 사퇴…정청래 지도부 흔들리나",Politics
"친여 최욱 ""일베, 탱크로 밀어야""…한양대 교수도 ""합법적 몽둥이 꼭 필요""",Politics
"이준석, '재선거' 요구 장동혁에 ""오세훈 자리 내려놓으라는 거냐"" 비판",Politics
"이준석 ""서울 재선거=오세훈 사퇴 종용?""…장동혁 직격",Politics
[속보]“이런 게 주가 조작” 李가 저격한 코스닥 종목은?,Politics
"'부산 돌려차기남' 배상은 안 하고…""매달 15만 원 쓰게 해달라""",Politics
"與 당권경쟁 과열에 박지원 ""다 죽는다"" 박선원 ""난 돌쇠, 휘말리고 싶지 않아""",Politics
"최욱, '탱크' 발언 논란…이준석 ""李대통령, 양심 있다면 못 넘어가""",Politics
서울시장 패배 후폭풍… 김민석·송영길 공세에 정청래 책임론 부상,Politics
[정치뷰] 도마 위 오른 '선관위'…정치권 개혁 논의 본격화,Politics
"“신뢰 잃은 선관위는 존재 이유 없다”…이 대통령, 국조·합수본 동시 가동",Politics
"[통일전망대] 떠오르는 북한 권력실세, 내각총리 박태성",Politics
"장동혁 ""李, 하나 마나 한 소리뿐… 재선거가 대체불가 요구""",Politics
"강훈식·정성호서 총리 막판 한성숙 낙점 배경은? / 김민석 ""강력한 민주당"" 당대표 출마 시사",Politics
"장동혁 ""전면 재선거""→ 이준석 ""오세훈 사퇴 종용? 참 나쁜 정치""",Politics
韓 상륙함에 日헬기가 내려앉았다...제주 바다에서 9년 만에 수색구조 합동훈련,Politics
전대 앞두고 與 당권 샅바싸움…김민석 “강력하고 유능한 민주당 만들 것”,Politics
"새 총리 후보 한성숙…李대통령, ‘CEO 출신’ 여성 총리 택했다",Politics
오세훈 대역전극 일등 공신?…'정원오 저격수' 자처한 김재섭 [인터뷰],Politics
"[단독] 해·공군 병과장 보직, 해·공사 출신 10명 중 9명 이상 ‘독점’[이현호의 밀리터리!톡]",Politics
"""3030표 대 1440표, 소름 돋는 '쌍둥이 득표수'""…송도 사전투표 결과 '시끌'",Politics
"[오세훈의 100시간] '안전·시민·청년'…오세훈, 대권가도에 '정략'이 없는 이유는? 등 [6/8(월) 데일리안 출근길 뉴스]",Politics
“전국 재선거” 꺼낸 장동혁... 이준석 “그럼 오세훈도 다시 뽑나”,Politics
"""다음 임무는 유능한 민주당""…불붙는 당권 경쟁",Politics
"조수빈 전 KBS 아나 “선관위, 해체 아니라 분쇄”",Politics
“전국적으로 큰 승리”라는 정청래…민주당이 크게 이긴 게 맞을까,Politics
여성 기초단체장 3.9%뿐…이번에도 여성 정치는 실종됐다,Politics
주애는 정말 후계자일까…‘4대 세습’ 논의로 북한이 얻은 것,Politics
온종일 일하지만 선거철만 되면 ‘투명인간’…300만표가 사라졌다,Politics
"[한동훈의 100시간] ""보수재건"" ""李대통령으론 안돼""…'존재감 각인' 한동훈",Politics
"""재밍·레이저론 부족…군집드론 막을 저가드론·전자기파 무기 확보해야""",Politics
송파구 전체로는 용지 남았는데…투표소에선 왜 부족했나,Politics
"오세훈, 사선 넘어 5선 '벼랑 끝 승부사'…野 대권 잠룡으로 부상",Politics
'AI 총리' 임명 대도약 드라이브…후속 개각 주목,Politics
미리 보는 이 대통령 취임 1주년 '대체불가 대한민국' 기자회견,Politics
"'사퇴 압박' 받는 장동혁, 선관위 총공세…전면 재선거·국조·특검까지",Politics
"민주, 완승 꿈꾸다 ‘절반만 승리’...민심 경고 전당대회서 답할까",Politics
장동혁호 유지? 한동훈 복당?… 원내대표 선거에 국힘 노선 갈린다,Politics
시진핑 방북 앞둔 北 “핵보유국 절대 불퇴”,Politics
선관위 사태로 버티는 장동혁…'재선거' 외치다 불신 자초,Politics
AI 대전환 이끈다…한성숙 총리 지명,Politics
"李대통령, 한성숙 전격 발탁…'2년차 성과관리'에 방점",Politics
"시진핑 오늘 7년 만에 방북, 북중관계 이번엔 속도 내나",Politics
"“재벌회사 사람이 왜 여깄나” MB 때린 盧, 권양숙은 달랐다",Politics
"트럼프와 정면승부, 핵잠 깜짝 성과…남북관계는 공전 [李 정부 1년]",Politics
"“J-20이 스텔스라고? 中, 후회할 것” 美공군 소령의 지적 [밀리터리 브리핑]",Politics
빨라지는 與 당권 경쟁 시계…김민석·정청래·송영길 '기지개',Politics
"‘4주택’ 한성숙, 올 2월 3채 처분 의사 밝혀",Politics
"非정치인 ‘실무형’ 총리카드… “李, 2년차 국정 주도권 직접 쥘듯”",Politics
"北, 시진핑 방북 전날 “핵보유국 지위 불퇴… 누구와도 논의 안해”",Politics
"“특정후보 밀기” 논란에, 국힘 원내대표 선거 10일로 하루 연기",Politics
"'총리 사의' 김민석, 당권 도전 공식화... '李 측근' 김용도 최고위원 출마 유력",Politics
"이번에도 오픈카 퍼레이드?... 北, 시진핑에 최고 예우 의전 보여줄 듯",Politics
"보수텃밭서 녹색당 첫 '의원님'... 허승규 ""풀뿌리 정치는 바뀌고 있다""",Politics
김민석 “다음 임무 유능한 與” 당권 출사표… 정청래측 “공천과정 문제없다”,Politics
"경찰 조사 또 거부한 尹, ‘계엄 정당화 메시지 지시’ 부인",Politics
"특정 진영 아닌 ‘기성 정치권’에 폭발… 여야, 전선 불분명 당황",Politics
잠실 투표소 봉쇄 시위 나흘째로…새벽에도 수천 명,Politics
"선거 결과 지켜본 李, 정치색 적은 인물로 ‘깜짝 총리’ 카드 선택",Politics
"김도읍·성일종 반발에, 국힘 원내대표 선거 하루 연기",Politics
"시진핑 오늘 방북… 北 “핵보유 지위, 누가 인정하든 말든 절대 불퇴”",Politics
차기 총리에 한성숙 지명,Politics
70조원 규모 강릉 ‘AI데이터센터’ 옥계·안인 유력,Politics
국힘 모레 원대선거… 장동혁 거취·한동훈 복당 가늠자,Politics
강원의 힘 통했다…출향인 정치권 약진,Politics
서울 패배·호남 균열·합종연횡… 민주당 전대 승부 가른다,Politics
탈원전서 유턴…AI 중심으로 산업정책 대전환,Politics
“일베는 탱크로”…“몽둥이 들어야”… 민심 불지르는 與 장외 스피커들,Politics
시진핑 7년 만의 평양행…'김정은 초대'에 응한 까닭,Politics
"오늘 평양 가는 시진핑…북핵 묵인하고, 김주애 만날까",Politics
"""여기는 광화문 아니다""…잠실 개표소 시위에서 성조기 내려놓은 이유",Politics
"최욱 ""일베 탱크로 밀어버려야"" 논란…이준석 ""일관성 있다면 못 넘어가""",Politics
"李의 총리 지명에…국힘 ""투표지 사태 진상 규명은? 시선 분산 아닌가""",Politics
‘윤 어게인’ 손현보 목사 만난 미 국무부 차관보...한-미 관계 파장은?,Politics
"한성숙 총리 후보자 ‘파격 발탁’…“이 대통령, 정치색 확 빼려 한 듯”",Politics
"북, 시진핑 방북 앞두고 “핵보유국 지위는 절대 불퇴”",Politics
김민석·송영길 ‘반청공세’…정청래 책임론 부각,Politics
국민의힘 원내대표 3파전…당내 ‘주도권 싸움’ 시작,Politics
李대통령·金총리 “국민 신뢰 잃은 독립기관 존재 의미 없어”⋯선관위 투표 용지 부족 사태 비판,Politics
"'사퇴론' 뭉개며 '재선거' 꺼내 든 장동혁‥민주 ""정치쇼 그만""",Politics
[속보]대검 “‘투표지 부족사태’ 합수본 신속 구성…의혹 엄정 규명”,Politics
후임 총리에 3인 두고 고심…한성숙 후보자 낙점 배경,Politics
"김 총리 ""다음 임무는 유능한 민주당""…불붙는 당권 경쟁",Politics
"이준석, '재선거 주장' 장동혁에 ""오세훈 사퇴 종용하나""",Politics
"'4년 전 경고' 무시한 선관위…""왜 우리가?"" 불똥에 부글",Politics
"金총리 “투표용지 부족, 선관위 고위직 다 물러날 사안… 특검도 괜찮다”",Politics
"구청장·광역의원 뺏긴 김도읍(강서 당협), 지킨 서지영(동래 당협)…국힘 현역 희비",Politics
네이버 CEO 출신…20년 만의 여성 총리 ‘촉각’(종합),Politics
"이준석, ‘재선거 요구’ 장동혁에 “오세훈 사퇴 종용하나”",Politics
PK 민주 세대교체 숙제…국힘은 무한 생존경쟁,Politics
친명계 “서울시장·평택 패배는 정청래 대표 탓”,Politics
친한계 “장동혁 나가라”…국힘 당권파와 힘겨루기,Politics
‘한국 상륙함에 日자위대 헬기 이착’…文정부서 멈춘 합동 구난훈련 9년 만 재개,Politics
"이준석, '재선거 요구' 장동혁에 ""오세훈 자리 내놓으라는 거냐""",Politics
"이준석 ""멀쩡한 경찰을 중국인 만들어""…잠실 집회 음모론 직격",Politics
‘재선거’ 연막 치는 장동혁…“패배 책임 물으니 ‘선관위 잘못’ 동문서답”,Politics
이준석 “내 모친이 중국인? 인터넷은 허위정보 산실” 비판,Politics
"이 대통령 ""참정권 훼손 선관위, 합수본 꾸려 수사 지시""... 장동혁엔 '무응답'",Politics
7년 만에 북한 찾는 시진핑…‘핵 보유 용인’ 요구에 어떤 ‘거래’ 할까,Politics
"""말투가 왜""...잠실개표소 시위에 중국인 경찰? 알고보니 '치안 영웅'",Politics
"이준석, '재선거' 주장 장동혁에 ""오세훈 자리 내놓으라는 거냐""",Politics
[뉴스추적] 총리 후보 한성숙 지명 이유는,Politics
"이준석, '재선거 요구' 장동혁에 ""오세훈 사퇴 종용하나""",Politics
"돈선거 의혹 조병길, 낙선 후 두문불출…구정 인수인계 차질",Politics
"'3人 압축' 후에도 고심 거듭, 경제 총리로 반전…지명 막전막후",Politics
"北·中 관계, 상호 필요 따른 전략적 대등한 위치로 재편될 듯",Politics
"""부정선거 아닌 부실선거""…잠실로 몰린 2030, 극우 정치 집회와 선 긋다",Politics
[뉴스더] 송파 개표소 집회 둘러싼 여야의 '아전인수',Politics
북·중 정상회담 주목할 대목은… ①시진핑 북핵 입장 ②중국 동해 진출 ③북·미 가교 역할,Politics
후반기 법사위장 놓고 정면충돌 예고 [6·3 지방선거 이후],Politics
장동혁 사퇴론 분출… 野도 당권 경쟁 본격화 [6·3 지방선거 이후],Politics
정청래 비토론 분출… 與 당권 경쟁 본격화 [6·3 지방선거 이후],Politics
"국민의힘, 장동혁 거취 이어 '원내대표 선출 속도전' 두고 물밑 신경전",Politics
"북한의 양다리 외교, 시진핑에겐 먹힐까 [주성하의 ‘北토크’]",Politics
'당정 일체' 앞세운 김민석의 귀환…정청래 지도부 책임론 정조준,Politics
"장동혁, ‘재선거’ 공식 요구…“국민의힘 공식 입장 아냐”",Politics
김민석 “당에 돌아가 시대정신 뒷받침”… 당권도전 공식화,Politics
"부산·서울 2030, 정당 대신 ‘인물’에 표 몰아줬다",Politics
"""장동혁, 얼마나 버틸까""…국힘 새 원내대표에 달렸다",Politics
"美, 에너지 패권 앞세워 이란 체제 전환 압박…러·우 종전 시계추도 가속 [이종윤의 밀리터리 월드]",Politics
"초경량 유도탄 8발 탑재, 제트 추진 요격 드론 '버드 오브 프레이' [이종윤의 밀리터리 월드]",Politics
"민주, 전대 준비 논의 착수…차기 당권 경쟁 체제 급속 전환",Politics
"후임 발표되자 김민석 ""민주당 복귀""…본격 '전대 준비' 시동",Politics
서울시장 패배 뒤엔 ‘스윙보터’ 2030에 외면당한 민주당…교차투표 성향도 뚜렷,Politics
새 국무총리 한성숙 '깜짝 인선'…야당선 '타이밍' 놓고 비판,Politics
"北, 시진핑 방북 전날 혈맹 띄우고 비핵화 선그었다",Politics
당으로 돌아오는 김민석…與 당권 레이스 '폭풍 전야',Politics
장동혁 “재선거는 더 이상 피할 수 없는 문제” 논란,Politics
“기업 출신 실용 총리”… 성장·민생 아우를 적임자 평가,Politics
"국힘 당권파·친한계 싸움 본격화하나... 친한계,장동혁 대표 사퇴 종용",Politics
與 당권경쟁 본격화… 정청래 흔드는 김민석·송영길,Politics
"김정은 공항 영접, 예포, 거리 환영인파…시진핑 의전 극진 대접할 듯",Politics
선거 끝낸 여·야…'책임론' 공방 속 당권 싸움 수면 위,Politics
'시진핑 방북' 대대적 환영행사 개최 전망…북중 회담 예상 의제는?,Politics
정치 이력없는 기업인 출신 발탁… 실무형 ‘2기 내각’ 드라이브 [새 총리 후보 한성숙 지명],Politics
"이준석 “장동혁 ‘서울 재선거’? 오세훈 자리 내놓고 보궐하란 요구냐, 분명히 하라”",Politics
정성호도 강훈식도 아니었다…李대통령의 실용주의 카드 '한성숙 총리',Politics
"[데일리안 오늘뉴스 종합] 李대통령, 국무총리에 한성숙 지명, 장동혁 ""재선거 불가피""…민주 ""정치쇼 관둬야"", 잠실 개표소 봉쇄 시위 사흘째, 또 깐부치킨 찾는 젠슨 황…오늘 저녁 최태원과 회동 등",Politics
개각 속도내는 이재명 정부 … 부처 4~5곳 장관 바뀔 듯,Politics
李 실용주의 뒷받침할 기업인 출신…靑 “모두의 성장 책임질 것”,Politics
벤처정책 앞장선 IT전문가 … 이번엔 'AI 3대강국' 특명,Politics
1년 만에 두 번째 청문회…200억대 재산·성남FC 후원금 등 쟁점,Politics
"차기 총리 후보 한성숙 장관...김민석 ""유능한 민주당 만들 것""",Politics
"당권 도전나선 김민석 ""민주 황금시대 열겠다""",Politics
경북도의회도 '국민의힘 독주'…견제 실종 우려 속 민주당 존재감 미미,Politics
"美 국무부 차관보, 손현보 목사 면담…한·미 관계 뇌관 되나",Politics
"이광재 ""총리후보 한성숙 지명, 실용주의 이재명 정부가 좌표 확실히 찍은 것""",Politics
새 국무총리 한성숙…첫 여성기업인 출신,Politics
"송도 1·2동, 똑같은 사전투표 득표수…유정복 인천시장 “나오기 힘든 결과”",Politics
李 “일 잘한다”던 한성숙 파격 발탁…일각선 “靑 그립 세질 것”,Politics
"與 당권파 이성윤 ""송영길 '김관영 옹호', 중대한 해당행위""",Politics
장동혁 “조속히 재선거해야” 이준석 “오세훈 자리 내놓으라는 거냐”,Politics
"이준석 ""장동혁, 판사 아닌가? '재선거'는 당선된 오세훈 사퇴 종용""",Politics
“韓 상륙함에 日 해상작전헬기 이착륙”…韓日 해군 수색·구조훈련 9년만에 재개,Politics
"김 총리 ""용지부족, 선관위 일정 이상 고위직 다 물러날 사안""",Politics
[속보] 金총리 “선관위 고위직 모두 물러나야…국정조사·특검도 할 수 있다”,Politics
"이제 선거결과 해석전쟁…민주, 백서발간 평가위 구성 착수(종합)",Politics
비핵화부터 김주애까지…시진핑 7년만의 방북 관전 포인트는,Politics
"與, 금주 전대 준비 논의 착수…차기 당권 경쟁 모드 급속이동(종합)",Politics
실용주의·모두의성장 염두 ‘한성숙 총리’ 깜짝 발탁…‘일 잘하는 정부’ 표방,Politics
"李, 한성숙 깜짝 발탁…20년 만에 여성 총리",Politics
시진핑 방북 앞둔 北 “핵보유 절대불퇴”… 비핵화 논의 원천 차단,Politics
국힘 변화 키 쥔 원내대표 선거...4선 김도읍에 ‘보수 재건’ 기대 집중,Politics
‘거취’ 응답 대신 “재선거” 올라탄 장동혁…혼돈의 국힘,Politics
"송영길, 당권 도전설에 ""정청래 거취와 호남 민심 보고 판단할 것""",Politics
'한성숙 총리' 꺼내든 李대통령…'실용주의 국정' 속도전 예고,Politics
신임 국무총리 후보에 한성숙 장관…대기업 CEO출신 '실무 경제통',Politics
"'李정부 2인자' 족쇄 풀리는 김민석, 차기 당권 도전 가속도",Politics
"김민석, 사실상 당권도전 선언… “당원 바다서 민주 황금시대”",Politics
한성숙 총리 후보자 발탁…강훈식·정성호서 막판 선회 배경은,Politics
나경원 “'탱크로 밀어버려야 한다?' ‘박멸해야 한다?’ 이재명 정권 기준대로라면 즉시 구속수사·법정 최고형 처벌해야 마땅”,Politics
"‘친명 vs 친청’ 전당대회 대전 개막…김민석·송영길 광주 동행, 지도부 선거 책임론 부각",Politics
"李대통령, 2기 체제 전환 시동…내각·靑 인적 쇄신 본격화",Politics
"재보선 당선자들 의원실 배정...이재명 쓰던 818호는 송영길,한동훈은 친한계 포진 1022호",Politics
"유영하, '부의장' 조경태 찍은 의원들에게 ""그냥 당을 떠나라""",Politics
"李, '여성 기업인' 총리 파격 발탁… ""AI 대전환·국민 성장 적임자"" 판단",Politics
"김민석 ""당원의 바다서 황금시대"" 당권도전 시사…與 당권레이스 점화",Politics
"인천 연수구, ‘바람’보다 ‘인물’ 택했다…이재호 연수구청장, 3선 고지 올라",Politics
"매불쇼 최욱 ""일베는 탱크로 밀어야"" ⋯이준석 ""이 대통령, 일관성 보여야""",Politics
"총리직 사표 내자마자 당권 도전 선언...""각성과 혁신 요구"",정청래 겨냥해 작심 선언",Politics
'재투표' 현실적으로 어렵다는데 올림픽 공원 집회에 힘 싣는 張…왜?,Politics
"국민의힘 원내대표 경선, 샅바싸움 치열…하루 늦춰 10일 선출키로",Politics
'여성 기업인 총리' 낙점한 李대통령…경제대전환·분위기쇄신 포석,Politics
"민주당 ""국정조사 돌입, 특검도 고려... 장동혁, 부정선거론 손 들어주나""",Politics
신임 총리에 한성숙 지명…네이버 이끈 여성 IT전문가,Politics
"‘정청래에 도전장?’…방금 사표낸 김민석, 선거 결과두고 “민주당 각성과 혁신 요구”",Politics
"신임 국무총리 후보자에 한성숙 지명…""AI 대전환·모두의 성장 적임""(종합2보)",Politics
"광주 찾은 송영길 ""당대표 출마, 호남 민심 보고 결정""",Politics
"한 총리 후보자 인준절차, 인사청문회·본회의 거쳐야…내달초 취임 전망",Politics
"김정은 공항영접·카퍼레이드…北, 시진핑에 '초특급 의전' 예상",Politics
총선 공천권 걸렸다… 민주당 ‘당권 레이스’ 돌입,Politics
변화냐 내홍 격화냐…張버티기에 주목받는 국힘 원내대표 선거(종합),Politics
"달라진 ‘한미동맹’, 중·일과는 협력 확대…‘핵잠’ 박차[이재명정부 1년]",Politics
"국힘 원내대표 선거, ‘특정 후보 밀기’ 논란에 하루 연기(종합)",Politics
“재선거하라” 잠실 개표소 봉쇄 시위 사흘째⋯갇혔던 직원들 탈출 여부에 선관위 “확인 거부”,Politics
李대통령 취임 1주년 회견·유럽 순방…시진핑 방북...이번주(8~14일) 주요일정,Politics
"[속보] 김민석 ""이 대통령에 총리직 사임 전달…당원의 바다서 황금시대 열 것""",Politics
윤석열 ‘평양 무인기 의혹’ 이번 주 선고…8개 재판 어디까지 왔나,Politics
"北, 美무기 한국 판매 승인에 ""무책임한 무기 거래…군사적 긴장 예고""",Politics
국힘 새 원내대표 10일 선출…김도읍·정점식·성일종 '3파전',Politics
"이 대통령, 차기 국무총리에 한성숙 지명…기업인 출신 역대 두번째 여성 총리",Politics
“일정 촉박” 반발에… 국힘 원내대표 선거 10일로 하루 연기,Politics
"김민석 ""다음 임무는 강한 민주당""…당권 도전 시사",Politics
'한성숙 지명' 이 대통령 안정에 무게…후속 개각도 靑 인사도 '속도',Politics
"국회, 법사위 두고 원구성 난타전 벌어질까...與 상임위 독식 가능성은",Politics
"장동혁·한동훈, 존재감 과시하며 기싸움..당권경쟁으로 비화될까",Politics
"李대통령 배출 ‘명당’ 818호, 송영길이 물려받았다…한동훈은?",Politics
"송영길 “정청래 거취 볼 것…당대표 출마, 호남 민심 보고 정할 것”",Politics
"재선거론 다시 꺼낸 장동혁, 임기유지용인가…“다시 부정선거론 빠질 수 있다” 당내 비판 나와",Politics
김민석 “선거 결과는 민주당에 혁신 요구…실용 연합 민주당 돼야”,Politics
"장동혁 간 곳, 강남 빼고 다 떨어졌다…보수, 중도·절윤 중심으로 재편되나",Politics
"김 총리 ""당원의 바다에서 민주 황금시대 열겠다"" 당권도전 시사",Politics
"李대통령, AI·소상공인에 강점인 한성숙 ‘깜짝 발탁’",Politics
방북 시진핑의 '북핵 중재론'에 찬물...김정은·김여정 '핵무장' 연일 과시,Politics
“투표용지 문제된 지역만 재선거하자”…민주 일부 의원들 ‘역공’ 나서?,Politics
김민석 총리 “다음 임무는 강력하고 유능한 민주당”…당대표 출사표,Politics
김민석 “당원 바다서 민주 황금시대”…사실상 당권도전 선언,Politics
"이준석, 매불쇼 ‘탱크’ 발언 저격…“대통령이 불매·퇴출 선동할 사안”",Politics
20년 만 女 총리 후보 한성숙…청문회 쟁점은,Politics
"“스벅 미쳤다”던 친여 매불쇼, 2030보수남에 “박멸, 탱크로 밀어” “권력 몽둥이로 제압”",Politics
"與 노종면 ""문조털래유·뉴이재명 대립구도 극복하는 당권 리더십 필요""",Politics
차기 총리 후보로 한성숙 장관 지명,Politics
'투표 용지 부족' 국정조사 물살…지선 후폭풍도,Politics
"시진핑 방북 하루 전...북 ""핵보유국 지위 절대 불퇴""",Politics
'변화' 강훈식 아닌 '안정' 한성숙 지명에…與 '추가 차출' 부담 덜었다,Politics
책임론 봉착한 정청래·조국...여권 지형 변화 가속화,Politics
당권투쟁 시작됐다… 정청래 흔드는 김민석·송영길,Politics
"전한길 ""부정선거 결정적 증거 나왔다…李대통령 하야해야""",Politics
"이 대통령, 차기 총리에 한성숙 지명… ‘역대 두 번째 여성 총리’ 탄생 임박",Politics
"아무도 예상 못한 '파격인사'…차기 총리에 한성숙 지명, 이유는[프로필]",Politics
시진핑 방북 앞 '김정은·김여정 남매'의 잇따른 핵 행보…핵보유국 굳히기 시도,Politics
강훈식·정성호 아닌 한성숙 이유는…짧은 임기 맡길 관리형 총리 적임,Politics
[연합뉴스 이 시각 헤드라인] - 15:00,Politics
"張은 버티고, 黨은 끓는다… 원내대표 선거로 번진 국힘 내홍",Politics
"이 대통령, 신임 국무총리 후보자에 한성숙 지명…역대 2번째 여성 총리(종합)",Politics
‘핵심 승부처 패배’ 후폭풍…與 당권 주자들 ‘정청래 책임론’ 직격,Politics
"신임 총리 후보자에 한성숙…靑 ""AI대전환·모두의 성장 적임자""(종합)",Politics
"떠나는 김민석에 靑 극찬…""당신의 성과가 우리의 성과""",Politics
"음모론에 불 지른 극우 유튜버들...""6.3 부정선거"" 주장으로 슈퍼챗 하루새 1900만원 수익",Politics
"신임 총리에 한성숙 지명한 李대통령, 'AI 대전환·모두의 성장' 전면에",Politics
"李대통령, 총리 후보자에 한성숙 지명…靑 ""모두의 성장 이끌 적임자""(종합)",Politics
"한성숙 중기부 장관, 총리 후보 지명…20년 만의 여성 총리 탄생하나",Politics
"이준석 ""일베 '탱크'로 밀겠다는 최욱… 이재명, 이건 지나칠 건가""",Politics
"잠실 개표소 시위, 극우 대신 2030이 주도…일요일도 3000명 모여",Politics
"2030 청년들 주말에도 잠실 집결... ""재선거 불가피"" vs ""정치쇼 관둬라"" 여야 격돌",Politics
"李 대통령, 차기 총리 후보에 한성숙 장관 지명…20년 만의 여성 후보",Politics
"'거취 표명' 요구 뭉개는 장동혁 ""국민이 원하는 건 재선거""",Politics
"네이버 최고경영자 출신 한성숙, 20년 만에 두 번째 여성 총리... 이재명 대통령의 '파격' 총리 지명",Politics
"최욱 ""일베 범죄만큼은 탱크로 밀어야""…이준석 ""이 대통령, 퇴출 선동해야""",Politics
“일베는 탱크로” “몽둥이 들어야” 성난 민심 불 지르는 與 장외 스피커,Politics
"[2보] 李대통령, 신임총리 후보자 한성숙 지명…역대 두번째 여성총리",Politics
"李대통령, 새 총리에 한성숙 지명…임명 땐 두 번째 여성 총리",Politics
이 대통령 국무총리 후보에 한성숙 장관 지명…후속 개각도 관심,Politics
"장동혁 ""재선거 불가피""…민주 ""정치쇼 관둬야""",Politics
"이재명 대통령, 신임 국무총리 후보자에 한성숙 지명",Politics
"이 대통령, 새 국무총리 후보자에 한성숙 중소벤처기업부 장관 지명",Politics
"""이겼지만 웃을 수 없는 민주당, 이번 선거가 남긴 묘한 결과""",Politics
“현장에선 알았다”…오세훈 서울시장 당선의 신호들 [이미지 번역기],Politics
"주애 띄우기, 후계 포석? 정치 연출?…‘4대 세습’ 북한의 속내는 뭘까",Politics
6·3 지선 통해 출향 강원인 수도권 지방의회 곳곳에 포진,Politics
"'투표지' 셈법 온도 차...야 ""재선거 필요""·여 ""본질 흐리기""",Politics
與 박선원·최민희 “문제 지역만 재선거”…50곳 중 33곳이 서울,Politics
"국힘 원대 선거, 장동혁 체제 분수령…노선 경쟁 전초전",Politics
"이진숙, 국회 첫 인사에서 ""국회에 안좋은 기억 있지만""",Politics
첫 유럽 순방 나서는 李대통령…G7서 트럼프와 회담 성사 주목,Politics
"이준석, 최욱 '일베 탱크로 밀어야' 발언에 ""李·與가 퇴출 선동해야""",Politics
‘20년만에 또 여성 총리?’…姜·鄭 ‘대체인물난’...청와대 오늘 차기 총리 발표,Politics
"“北, 안보리가 정한 정제유 상한을 7배나 초과해 밀반입”",Politics
관행 탈피한 민선 9기 지방정부 인수위…실무형·미니 조직 구성(종합),Politics
"손훈모 당선인 “잘한 건 공무원 탓, 잘못한 건 시장 책임”···“소통 시장 되겠다”",Politics
‘물 만난 물고기’ 된 극우 스피커들···‘음모론’ 부추겨 하루새 1900만원 수익,Politics
장동혁 “어물쩍 넘기지 말고 재선거 해야”…이 대통령에 회담 요구,Politics
시진핑 7년 만의 방북… 김정은과 무슨 얘기 나누나,Politics
강훈식·한성숙·정성호…이재명 대통령의 선택은,Politics
"시진핑, 7년만에 방북… 북·러 밀착 속 中영향력 확인",Politics
"장동혁 “재선거, 정당 유불리 따질 문제 아냐”…李대통령에 회담 제안",Politics
"李대통령, 김민석 총리 후임 지명 전망",Politics
[일요와이드] '개표소 시위' 사흘째…여야 지도부 책임론 직면,Politics
"최욱 ""전두환식 탱크로 밀어야돼""…이준석 ""李대통령, 퇴출 선동해야""",Politics
"장동혁, 재선거 더해 사전투표 폐지 주장… 거취 묻자 ""올림픽공원 나가보라""",Politics
"김여정 ""미중 비핵화 합의는 날조""…시진핑 방북 D-1 '사전 차단'",Politics
장동혁 “선관위 직원 몇 명 교체로 끝내려 한다면 국민 분노 잠재울 수 없어…재선거해야” 李대통령에 즉각 회담 제안,Politics
"李 대통령, 이르면 오늘 오후 차기 국무총리 지명…취임 2년 차 총리는 누구?",Politics
국힘 소장파 “재선거가 당 지도부 입장인지 분명히 밝혀야”,Politics
"與 ""선관위 개혁기구 검토""…'재선거' 주장에는 ""논의한 적 없다""(종합)",Politics
"장동혁 긴급회견 ""전국 재선거, 사전투표 없애자""... 민주당 ""정치쇼 멈춰라""",Politics
이재명 대통령 차기 총리로 한성숙 중소벤처기업부 장관 지명…한명숙 이후 20여년 만의 여성 총리,Politics
"장동혁, 전면 재선거 요구…""사전투표도 없애야""",Politics
"북, 시진핑 방북 직전 “비핵화 불가”…중국에 ‘핵보유국 인정’ 압박",Politics
"'李대통령 회담 요구' 장동혁, 거취 결단엔 ""이 문제와 관련시키는건 적절치 않아""",Politics
"김 총리, 호남 방문·송영길 연대·지선 평가…당권 도전 임박",Politics
최욱·김어준 잇단 일베 비판 발언…이준석 “대통령도 입장 내야”,Politics
"“재선거” 요구한 장동혁 국힘 대표, 거취 논란엔 “올림픽공원 가보라”",Politics
"최욱 “일베, 탱크로 밀어야”…이준석 “李대통령, 퇴출 선동해야”",Politics
"[속보]국무총리 누가 될까, 이 대통령 7일 지명가능성 커",Politics
"北, 시진핑 방북 하루 전 ""비핵화 없다"" 못박아…中 입장 주목",Politics
"이대통령, 오늘 국무총리 지명할 듯…강훈식·정성호 거론에 한성숙도 급부상",Politics
"장동혁, ‘투표용지 부족’ 사실상 재선거 요구…“이 대통령, 즉각 회담 열자”",Politics
"장동혁 ""국민 원하는 재선거해야…李대통령 회담 요구""",Politics
제주 지방선거 끝났지만 고발전 남았다… 선거사범 54명 수사,Politics
"장동혁 ""올림픽공원 청년들에 답하라""… 이 대통령에 즉각 회담 요구",Politics
"장동혁 ""재선거, 정당 유불리 따질 문제 아냐…李 대통령에 회담 요구""",Politics
"장동혁 ""국민 원하는 재선거해야""…李대통령에 즉각 회담 제안",Politics
"김영진 ""한동훈, 내 복당 '절윤' 완성?...尹·김건희 태생, 업어 키워, 과오 반성 성찰부터""[여의도 진검승부]",Politics
"北 김여정, 시진핑 방북 앞두고 ""핵보유국 지위는 절대 불퇴""(종합)",Politics
‘전국 재선거’ 주장 나선 장동혁…“사전투표 폐지 해야”,Politics
총리 오늘 발표…姜·鄭 '대체인물난'에 한성숙 파격카드 부상,Politics
"장동혁 ""시민들 구호는 단 하나, 재선거… 李대통령 즉각 회담 요구""",Politics
고유가 대응 위해 기후동행카드 '월 3만원 환급' 시작…최대 9만원 환급,Politics
"장동혁 ""재선거 피할 수 없는 문제…李 대통령 즉각적 회담 요구""",Politics
대구 시민의 애달픈 사부곡은 당분간 계속될 것이다,Politics
"시진핑 방북 코앞 北 '비핵화 불가' 선언…""핵보유국 인정하라는 對中 압박""",Politics
"장동혁 “李 대통령, 당장 만나자…정치가 납득할 답 내놔야”",Politics
"북한, 중국·러시아산 '정제유' 수입…UN안보리 상한선 7배 넘었다",Politics
"한겨레, '잠실 시위대 해산' 계엄군 비유한 SNS 사과",Politics
[여의도풍향계] 희비 엇갈린 잠룡 성적표…대권가도 명암 교차,Politics
"""탄핵 집회 땐 커피 줬잖아""…아이유 SNS에 쏟아진 댓글 읽어보니",Politics
"시진핑 방북 앞둔 북한, '비핵화 불가' 쐐기",Politics
"장동혁, ‘투표지 사태’에 “전국에서 재선거 구호... 李대통령 회담 요구”",Politics
거취 압박 장동혁 “이 대통령과 회담 요구…국민과 함께 싸울 때”,Politics
"조수빈 전 아나운서 ""용지값이 없나… 선관위, 해체 아니라 분쇄""",Politics
"장동혁 ""재선거, 피할 수 없어…시민 함성 외면하면 쓸려갈 것""",Politics
"지선 끝나자마자…민주당, 전당대회 앞 당권 경쟁 급속 가열",Politics
"김여정 “비핵화는 거짓”…北, 시진핑 방북 앞두고 핵보유 정당성 주장",Politics
[연합뉴스 이 시각 헤드라인] - 10:30,Politics
"서울시장 승패 가른 2030 여성 유권자들 ""딱히 민주당이..."" [지금이뉴스]",Politics
"친여 유튜버 “일베, 탱크로 밀어버려야” 이준석 “李대통령, 퇴출 선동해야 할 사안”",Politics
"한동훈 ""리더는 결과 책임지는 것""…장동혁 거취 격돌 국민의힘?",Politics
"北, 제재 뚫고 정제유 7배 반입…석탄도 밀수출",Politics
"친여 유튜버 “일베, 탱크로 밀어버려야” 논란",Politics
"김여정 ""미중 정상의 '북한 비핵화' 동의? 완전한 날조 거짓정보""",Politics
"추미애, 유리천장 깼다지만…여성 기초단체장은 3.9%뿐",Politics
"북한, UN 안보리 규제 7배 넘는 정제유 몰래 들여와…중·러 수입 추정",Politics
김여정 “비핵화는 거짓”…시진핑 방북 앞두고 핵보유국 주장,Politics
"北, 시진핑 방북목전 '비핵화 불가' 공언…핵능력 확대의지 발신",Politics
"김여정 ""핵보유국 지위는 절대불퇴 한계선…어떤 위협도 용납안해""",Politics
"李대통령 부부, 아이스커피 들고 떡볶이 맛 봐…상인들 ""일 잘해주셔 감사""",Politics
[뉴스초점] '투표지 사태' 후폭풍 계속…'책임 공방'은 가열,Politics
"[일요와이드] 투표용지 부족 사태 후폭풍…시위대, 사흘째 개표소 봉쇄",Politics
"침묵 그리고 ""끝까지 싸우겠다""…장동혁은 왜 72시간 만에 달라졌나",Politics
“北석탄 불법수출 작년 150만t·정제유 반입상한 7배초과…李정부 대북제재는 0건”,Politics
"北김여정 ""미중, 비핵화 동의한 적 없어…핵보유국 지위 절대불퇴""",Politics
"유영하, 조경태 '28표'에 ""초딩보다 못한 짓…그냥 당 떠나라""",Politics
김여정 “핵보유는 절대불퇴…어떤 위협도 용납안해”,Politics
“일베 대리인이냐”…선관위 홍보 영상·KBS 개표방송에 ‘홍어’ 등장,Politics
"김여정, 시진핑 방북 하루 앞두고 “핵보유국 지위 절대 불퇴”",Politics
"김대중·노무현을 보라…낙선자, 더 큰 정치인 될 수 있다",Politics
군함 못 만드는 미국…한국 조선소 문 두드렸다 [박수찬의 軍],Politics
지자체 과장·국장 승진 빨라졌지만…5급은 적체 심화,Politics
전한길 “부정선거 결정적 증거 나왔다…이 대통령 하야해야”,Politics
"""이재명이가 잘하긴 허는디""…호남 민심의 진짜 속내",Politics
"""송도 1·2동 사전투표 득표수가 똑같네?""…개표 결과에 온라인 '술렁'",Politics
"美 육군, 대형 무인정찰기에 고출력 ‘레이저 무기’ 단다[이현호의 밀리터리!톡]",Politics
"법망 바깥의 '조롱·혐오'… 대통령이 꺼낸 '일베 폐쇄' 카드, 이번엔 통할까",Politics
"7년 전엔 새 숙소도 지어 준 북한…시진핑 맞이, 푸틴보다 성대할까",Politics
"北김여정 ""핵보유 지위 절대불퇴…어떤 위협도 용납안해""",Politics
"“실패한 선거” 쏟아진 비판…정청래, 고비 넘겼지만 연임 ‘가시밭길’",Politics
"北 김여정 ""핵보유국 지위는 절대불퇴의 한계선…어떤 위협도 용납안해""",Politics
"김여정 ""핵보유국 지위 절대불퇴…어떤 위협도 용납안해""",Politics
'입법 전선' 앞에 선 민주당…앙금 털고 범여권 협력 기류 고개,Politics
"北김여정, 미국 겨냥해 “핵보유 지위 절대불퇴…어떤 위협도 용납안해”",Politics
"""선거일 미뤄야"" 주장에 송언석 면담…野 원내대표 선거 신경전 가열",Politics
北매체서 자취 감춘 독도…'적대적 두 국가' 선언 여파인 듯,Politics
보수는 '오세훈·한동훈' 굳히기…진보는 '포스트' 안 보인다,Politics
"與, 금주 전대 준비 논의 착수…차기 당권 경쟁 모드 급속이동",Politics
변화냐 내홍 격화냐…張버티기에 주목받는 국힘 원내대표 선거,Politics
"원 구성 협상, 이번엔 언제쯤 마무리…최장 125일 걸린 적도",Politics
시진핑이 주애 만나면 '후계자' 등극?…中의 '4대 세습 인정' 관전포인트,Politics
"[나사 빠진 선관위]③공염불 그친 개혁 약속…""선관위원 비상임 체제, 소수 상임체제로 바꿔 책임지게 해야""",Politics
"거세지는 국힘 내 '장동혁 책임론'…張, 거취 선택 주목",Politics
'8말9초' 민주당 전대 개최…대권까지 바라보는 당권 경쟁 시동,Politics
원구성 협상 본격화…상임위 배분 놓고 '강 대 강' 대치 예고,Politics
미국도 주목하기 시작한 ‘李 대통령 공소 취소’,Politics
역대급 '강한 여당' 계속...당·청 관계에 쏠린 시선,Politics
"돌아온 한동훈, 버티는 장동혁…국힘 당권투쟁 급가속",Politics
"""뽑을 이유 없던데요""…2030 서울 여성은 왜 정원오를 외면했나",Politics
‘민주당 이변’ DJ 고향을 잃었다…신안군수 5선 실패 뒤 ‘진짜 민심’,Politics
홍준표 “공소취소 특검 때문에 與 압승 못해”,Politics
장동혁 사수보다 한동훈 견제?…국힘 새 원내대표 선거 셈법,Politics
지선 '반쪽 승리'에 與 내부 '일촉즉발'…전대서 폭발 조짐,Politics
북구 민심 흔든 한동훈의 '새 선거 문법'…그 뒤엔 '올라운더 조력자' 있었다,Politics
與 당권경쟁 서막…정청래와 각 세우는 송영길 향해 김민석 손짓,Politics
"[르포] ""인생 첫 투표, 참정권 뺏겼다""…올림픽공원에 울려퍼진 '재선거'",Politics
"“16번 이사, 아들 둘 군인의 길”…정춘복 중령 아내 김정아 씨 “다시 태어나도 군인의 아내 될 것” 감동",Politics
"‘훈훈’ 없었으면 어쩔 뻔…오세훈 한동훈, 벌써 야권서 차기 대선주자 거론?",Politics
[르포] 김부겸의 라스트 댄스… 대구시장 출마 67일의 기록,Politics
국민의힘 새 '원내 사령탑'은?...장동혁·한동훈 쟁점,Politics
"돌아온 한동훈, 버티는 장동혁… 보수 재건 어디로",Politics
"尹, 특검서 경찰이 조사하자 진술거부…“검사가 와야”",Politics
"“떡볶이 먹고 콩가루 구매”…李대통령 부부, 전통시장 ‘깜짝’ 방문",Politics
"강수진 후임 인선 논란에…문체부장관 ""허황된 뜬소문""",Politics
친한계 “한동훈 등장에 ‘친윤 주도권’ 계산”…국힘 원대 선거 속도전에 반발 확산,Politics
"'黨복귀 임박' 金총리, 광주서 지선 평가 언급하며 ""혁신해야""(종합)",Politics
"조갑제 ""장동혁, 민주당의 전략자산·비밀 선거운동원"" 직격탄",Politics
[단독] 국민의힘 의총서 '박덕흠 국회부의장 후보' 뽑았는데…본회의 '조경태 28표',Politics
[통일전망대] 떠오르는 북한 권력 실세 내각총리 박태성,Politics
사퇴하면 끝?…'투톱' 사라진 선관위 '마비',Politics
“시의회 국힘 과반 깨졌다”…보수 텃밭 대통령 고향 ‘안동’에 민주당 바람,Politics
"한 손엔 유모차, 한 손엔 태극기…2만 명 모였다",Politics
"장동혁, 서울시장 승리 뒤 '재선거' 침묵‥측근들의 외침",Politics
"정희용 ""잠실 모인 청년·시민 목소리 외면 않아…국힘, 끝까지 싸운다""",Politics
“당대표가 책임져야” vs “네 탓 말고 내 탓”…민주당 지방선거 책임론 충남서도 충돌 [6·3의 선택],Politics
"李대통령 측근 김용, 정청래 저격… “승리 자축할 때 아냐”",Politics
"'투표용지 사태'…與 ""원구성해 국조·특검"" 野 ""귀 막으면 정권 종말""",Politics
송영길 '이 대통령 방' 물려받고 당권 레이스 시동…한동훈도 친한계와 '같은 층' 배정,Politics
"""한국 주가 부밍!"" 건배사 외친 젠슨 황…'형님 회동' 분위기 후끈",Politics
"‘黨복귀 임박’ 金총리, 지방선거 결과에 “다시 긴장해야”",Politics
"""민주당 와도 마이크 주겠다"" 초당적 집회 강조했지만... '윤 어게인' 배지 곳곳에",Politics
"내가 '수괴'라고? 의대에서 제적당한 뒤에 벌어진 일 [김종성의 '히, 스토리']",Politics
"이 대통령, 강동구 전통시장 '깜짝 방문'…상인들 ""내일도 오시라""",Politics
[뉴스더] 선관위 '투표참사' 왜 반복되나?,Politics
"최강욱 ""영남 유권자, 강도와 가까워진 인질""…잇따른 '선거 불복성 발언' 논란",Politics
"[단독] '계엄 정당화 메시지' 추궁…윤 ""경찰 조사 거부"" 실랑이",Politics
여야 ‘당권 경쟁’ 본격화,Politics
장동혁 “목숨 걸고 싸울 것”…선거 평가엔 침묵,Politics
비례대표 ‘당락 번복’ 네 탓 타령…선거인 명부 노출 논란도,Politics
5000t도 불안한데 1만t 구축함…김정은의 진짜 노림수 [박수찬의 軍],Politics
"콩가루 산 뒤 냉면 ‘맛점’…李대통령 부부, 강동 전통시장 깜짝 방문",Politics
"송언석 사퇴 하루 만에 9일 선거 강행... ""밀실 야합"", ""한동훈 막으려 친윤이 판 짠 것"" 내부 반발",Politics
"정청래, 선거 뒤 '숨 고르기'...'물밑 경쟁'은 이미 시작?",Politics
"""12대4에 취해 자축할 때 아니다""...정청래 향한 민주당 내 책임론 분출",Politics
"[데일리안 오늘뉴스 종합] ""배신 단죄할 때 정의로운 통합"", 지선 이후 첫 주말 '시끌', '검은 월요일' 우려↑, 젠슨 황 한 끼, 스페이스X 상장 임박 등",Politics
"TK 밖에선 안 통했다…‘선거의 여왕’ 박근혜, 재평가론도 멈출까",Politics
"“일 잘해 주셔서 감사하다”…이재명 대통령, ‘깜짝방문’ 전통시장서 환대받아",Politics
‘3선 성동구청장’ 내세운 정원오…정작 성동구는 ‘몰표’ 안 줬다,Politics
"'검찰 선배' 양부남 ""한동훈이가 '이재명 공소취소 저지' 깃발?...300분의 1, 쫄기는 뭘 쪼나""[여의도 진검승부]",Politics
월남전 노병 “전쟁나면 최전방 보내달라”…李 “안 나게 하겠다”,Politics
방진회 상근부회장에 이남우 전 보훈처 차장 내정[이현호의 방산!톡],Politics
"[속보] 종합특검, 윤석열 첫 피의자 조사 6시간 반만에 종료",Politics
"""이유는 뻔해"" 사퇴 하루 만에 9일 원내대표 선거…국민의힘 당내 반발 '부글부글'",Politics
"尹 종합특검 첫 피의자 조사, 6시간30분 만에 구치소로",Politics
"이준우 ""한동훈, 불리하면 '제가요?'...유리하면 '제가!', 이걸로 다 설명, 진짜 자기중심""[여의도 진검승부]",Politics
김용 “서울시장 탈환 실패 정청래 책임…한동훈 선서에 분노”,Politics
"대통령 권한 밖 일인데 ""대통령이 책임지라""는 막무가내 국힘",Politics
"“민주당 숨은 병기였다”… 조갑제 직격탄, 장동혁 책임론 넘어 보수 내전",Politics
[뉴스1번지] 투표용지 사태 파장…'국조'에 '특검' 주장까지,Politics
"[현장] 투표용지 부족사태에 거리로 나온 2030… ""어른들 어디에?""",Politics
"개혁신당 ""부정선거 음모론자들, '코인팔이' 나서지 말고 조용히 빠져라""",Politics
"김민석 ""모르는 사이 '좋아요' 다수 눌렸다…페이스북 활동 중단""",Politics
"李대통령 부부, 강동구 재래시장 '깜짝방문'…시민들 ""일 잘해줘 감사""",Politics
"李대통령, 강동구 전통시장 '깜짝방문'…상인들 ""내일도 오시라""",Politics
"김민석 ""페이스북에 내가 안한 '좋아요' 잇따라 눌려""…정청래 비판 '좋아요' 논란도",Politics
"국힘, 9일 차기 원내대표 선거에…'특정인 선출 위한 속도전' 비판",Politics
"이성배 ""노태악 사퇴는 책임의 시작…투표지 사태 철저히 규명해야""",Politics
"안철수 ""환율 정말 큰일인데…돈 퍼붓고 쏟아서 무작정 코스피만 올리면 되냐""",Politics
"""이재명은 지지, 민주당은 불신""…2030 여성 표심이 보낸 냉혹한 심판",Politics
"성일종 ""'위드후니' 한동훈 부대 부러워, 우린 못 해...복당, 정권탈환 차원서 결정""[여의도 진검승부]",Politics
"서울 놓친 민주당, 지켜낸 국민의힘… 이제는 당권 전쟁",Politics
"국힘, 9일 원내대표 선거 공고…일각 ""특정인 위한 속도전"" 반발",Politics
"김민석 ""페북에 저도 모르는 '좋아요' 눌려…엑스로 소통""",Politics
"정청래 비판글 '좋아요'…김민석 ""원인 불명 '좋아요'에 페북 활동 중단""",Politics
국가유공자 만난 李대통령 “희생에 감사...전쟁 안 나도록 하겠다”,Politics
"보훈 환자 만난 李, ‘최전방 또 가겠다’ 말에 “전쟁 안 나게 하겠다”",Politics
"'투표지 부족 없었다' 주장하더니…인천시선관위, 뒤늦게 입장 번복",Politics
"장동혁 사퇴론 번지는 국민의힘.. 돌아온 한동훈 ""리더는 결과 책임져야""",Politics
오세훈 5선 확정되자 서울시 1급 간부 전원 사표…대규모 물갈이 예고,Politics
"한 고문피해자에겐 사형을, 또 다른 피해자에겐 무죄를, 김헌무의 이중 잣대",Politics
"""내가 누른 것 아냐"" 총리 페북 해프닝..김민석 총리, 페이스북 전격 중단",Politics
"김영진 ""오세훈, '명픽' 꺾고 대권행?...화장발 정치, 실력 의문, 실체 똑바로 잘 봐야""[여의도 진검승부]",Politics
"지선 패배 후 첫 최고위, 장동혁 '내려놓겠다'는 말 없었다",Politics
"김민석 총리, 결국 페이스북 활동 중단… ""나도 모르는 '좋아요' 다수 눌려""",Politics
"“엑스·인스타그램 쓰겠다”…‘페북 중단’ 김민석 총리, 이유는?",Politics
"‘좋아요’는 정치가 아니었다…김민석 국무총리, 보안 뚫린 SNS 결국 활동 중단",Politics
국방부 ‘국민의 군대’ 표방…KF21 성과·전작권전환 과제[이재명정부 1년],Politics
돌아오는 '한국의 트럼프'…X 정치의 두 얼굴,Politics
"김민석 ""저도 모르는 '좋아요' 다수 눌려…페북 활동 중단""",Politics
"고성국 ""오세훈, 재선거 요구하라""…국힘은 '눈치 좀 챙기지…?'",Politics
"6.3 지방선거 안산, 시장만 국민의힘 승리한 이유는",Politics
"박지원 ""정청래·김민석·송영길, 정권재창출 실패 文 정권 반면교사...분열, 지면 다 죽어""[여의도초대석]",Politics
'李 대통령 방'에 송영길 입성…한동훈은 친한계 의원 옆 둥지,Politics
김현정 “조국당과 합당? 당장 현실화 어렵다”,Politics
"국힘 ""'사퇴 책임론' 장동혁, 많은 의원 목소리 폭넓게 경청 중""",Politics
김어준 5일간 1400만원 벌었지만…예전만 못한 '선거특수' [신현보의 딥데이터],Politics
[토요와이드] '투표지 사태' 일파만파…'국조'에 '특검' 주장까지,Politics
2030 우경화때문에 정원오 졌다? 대구를 보십시오,Politics
박지원 “대통령 일 잘한다고 까불지 말라는 경고 받은 것”,Politics
“대통령 덕분에 이겼다”는 정청래…민주당이 이긴 게 맞을까,Politics
"조갑제 “장동혁, 민주당의 전략자산이자 숨은 병기”",Politics
"장동혁 ""이재명·민주당, 투표지 사태 귀 막고 버틴다면 정권 종말""",Politics
"한동훈·오세훈 승리에도 보수 재편 어려운 이유? 민주당, 서울시장 패인 3가지![인터뷰]",Politics
역대 정부별 '집권 1년차' 부동산 비교[김유성의 통캐스트],Politics
"김정은, '강건호' 항해시험 참관…""해군무력으로 핵전쟁 억제""(종합)",Politics
"김정은, 좌초됐던 '강건호'서 해군력 과시...""시진핑 방북 앞서 비핵화 차단선 설정 의도""",Politics
지방선거 결과가 민주당에 던진 진짜 위기 [취재파일],Politics
"초라한 지선 성적에 ""당이 대표 발목 잡고 있다""는 개혁신당 이기인",Politics
"오세훈 ""선관위 해체 후 재구성 필요…李대통령, 큰 책임감 느껴야""",Politics
"김정은, 신형 구축함 '강건'호 항해 시험 참관…'이지스함급 건조'(종합)",Politics
"오세훈의 대역전극, 그리고 홀로 웃지 못한 한 사람",Politics
[김순덕의 도발]李대통령의 ‘면’이 깎였다,Politics
[靑비서관열전]④정을호 정무비서관…당직자·의원 거친 ‘정무통’ 비서관,Politics
“여긴 선거운동 안 와” 선거철 투명도시…300만표가 사라졌다,Politics
[나사 빠진 선관위]②'소쿠리 투표' 등 선거 때마다 사고…부실 관리로 선거 불신 자초,Politics
"與김한규 “정원오, 너무 점잖아...서울시민들에게 확신 못 줘”",Politics
서울 놓친 민주·4곳 건진 국힘…정청래·장동혁 동시 책임론,Politics
"尹, '계엄 정당화 지시' 혐의로 오늘 종합특검 첫 출석",Politics
"‘보수 분열’ 야 PK의원, 2년 뒤 총선 장담 못한다",Politics
"'승부처' 죄다 틀렸다…'진보 편향' 출구조사 결과, 오류 원인은[금주의 정치舌전]",Politics
"與 김한규 ""나도 정원오 잘 몰라…소극적·점잖은 선거 캠페인이 패착""",Politics
"윤석열, 오늘 종합특검 첫 출석···‘계엄 정당화 메시지 전파’ 의혹",Politics
벽 못 넘었지만…'지역주의 해소' 씨앗 남겼다,Politics
"'윤석열의 유산' TBS 폐국, 민주당 '1호 조례'로 돌려 놓아야[박세열 칼럼]",Politics
"""이 결과 바꿀 수만 있다면‥"" 무급 버티다 '망연자실'",Politics
"‘정청래 책임론’ 공방 가열, ‘장동혁-한동훈 대전’ 폭발 전조 [논썰]",Politics
국힘 재편 분수령 될 원내대표 선거...김도읍·정점식·성일종 3파전으로,Politics
[취재파일] 북한의 핵보유 '인정투쟁'은 어떻게 진화해 왔나,Politics
"희비 엇갈린 ‘대권 잠룡’, 한동훈과 조국의 운명은…",Politics
"서정욱 ""한동훈 당선되더니 전화 안 받고 요란한 국회 등원…복당 어려워""",Politics
"시진핑, 7년 만의 북한 방문…김정은과 한반도 문제 논의하나",Politics
李 취임 1주년…여야 정치권과 역학 관계 어떻게 변했나[이재명정부 1년],Politics
'대통령 고향' 안동서 민주당 49% 득표…1천599표 차 접전,Politics
"""군인과 우는 여성 기억나요""…9살때 벨기에 입양된 김중선씨",Politics
[이슈&한반도] 새 우라늄 농축시설 공개…“비핵화 불가 메시지” 외,Politics
"친한계, 장동혁 지방선거 자평에 ""희망의 불씨? 안 물러날 희망?""",Politics
서울 졌는데 정청래 비판 멈춘 ‘반청’ 최고위원…입꾹닫 이유는?,Politics
"최강욱 ""영남 유권자는 강도와 가까워진 인질... 스톡홀름증후군 걸려""",Politics
"[르포]강엔 고속단정, 하늘엔 드론…12㎞ 한강하구 철통경계[이현호의 밀리터리!톡]",Politics
"[6·3이 남긴 것들] 신뢰 잃은 민주주의 파수꾼…선관위, 존폐 걸린 '쇄신론' 직면",Politics
양이원영 한수원 이사 선임? 보신탕집 사장이 애견협회 회장 되는 꼴,Politics
李정부 2년차 이끌 총리 후보에 강훈식 급부상…이르면 7일 지명,Politics
원내대표 ‘사퇴’·장동혁 ‘정면 돌파’?…국민의힘 쇄신 어디로,Politics
“요즘 지하철 막차 텅텅 비었네”…사라진건 사람 아닌 회식이었다,Politics
송파 '미개표' 추가 발견…서울시의원 비례 결과 뒤집혀,Politics
집권 2년 차 '개각' 촉각...청와대 참모진 개편도 주목,Politics
[여기는 논설실] 강남의 확장…아파트가 다시 쓴 서울 표심 지도,Politics
[주간政談<하>] 승리 속 무거운 분위기…정청래에 쏠리는 시선,Politics
"반환점 돈 22대 국회…여야, 원 구성 협상 돌입",Politics
"'절반 승리' 정청래, '선거 패배' 장동혁…책임론 커지며 '암운'",Politics
[6·3이 남긴 것들] 정책은 사라지고 의혹만 남았다…네거티브에 잠식된 선거,Politics
‘열성 지지층’ 아닌 ‘심판자’였다…서울시장 선거에서 ‘민주당 불신’ 드러낸 20·30 여성들,Politics
“영남 선거 안 할라카나”…김부겸 분패 부른 내부의 복병,Politics
4년 전 소쿠리 이어 또…선관위원장·총장 동반 불명예 사퇴,Politics
집토끼도 못 잡은 정원오…민주당이 본 서울 내준 이유는,Politics
"숨 고르기 들어간 조국…""전쟁 포기 없다"" 했지만 복귀 경로 안갯속",Politics
고발 4개 먹고도 다 터트렸다…‘오세훈 역전’ 숨은 공신 그 [스팟인터뷰],Politics
3.3㎡당 2000만원 이 기준따라…투표율·지지후보 확 갈렸다,Politics
"與, 서울 패배에 '정청래 책임론' 파열음…당권 경쟁 본격 점화",Politics
전·현직 대통령 '총출동'...선거판 손익계산서는?,Politics
'연임 먹구름' 정청래·'사퇴요구' 장동혁...여야 대표 운명은?,Politics
"오세훈에 표 몰아준 2030 ""민주당이 우릴 놓친 것은…""",Politics
상처만 남은 평택을은 전초전…진짜 '명청대전'은 여름에 열린다,Politics
"""어이 동생, 트럼프가 뭐랬냐면…"" 北가는 시진핑에 쏠리는 시선",Politics
"국힘, 8곳 지켜낸 비결 따로 있었다… 구청장은 당보다 '일잘러'",Politics
"서울·경남 다 틀렸다… 빗나간 출구조사, 보수가 입 다문 이유는",Politics
"""대통령 이름만 팔았다""… 지선 이기고도 흔들리는 민주당 지도부",Politics
"'북핵 묵인' 시진핑의 7년 만의 방북... 北, 핵보유국 지위 더 굳어진다",Politics
[단독] 배현진이 이 시국에 일본을 갔다고? 진짜로?,Politics
해군작전사령관에 곽광섭…육군 3군단장에 ‘비육사’ 김종묵,Politics
친명 “광역비례도 부진 뼈아파”… 친청 “당대표 사퇴가 최선인가”,Politics
"여야, 조작기소 특검법-檢 보완수사권 폐지 놓고 벌써부터 전운",Politics
송언석 “새 출발 필요” 조기사퇴… 장동혁 체제 유지 최대 분수령,Politics
4년 만에 또…선관위원장·총장 동반 사퇴,Politics
"아파트값 3.3㎡당 2000만원 기준, 투표율·지지 양상 달라졌다",Politics
"“민주, 계엄 빌미 맘대로 하던 시간 끝나…국힘, 여권 실책에 겨우 버텨와”",Politics
커지는 사퇴론…국회대신 ‘개표소’ 간 장동혁,Politics
"서울 2030, 이념보다 이슈... 절반 넘게 오세훈 찍었다",Politics
"시·도지사는 이당 찍고, 구청장은 저당 찍고… 서울·부산 교차투표 뚜렷",Politics
"“선관위를 무풍지대로 둬선 안돼”… 與野, 구조개혁 논의 나서",Politics
“장동혁은 선거 저승사자”... 유세 간 곳은 기초단체장까지 떨어졌다,Politics
송영길은 李 쓰던 방… 한동훈은 친한계와 같은 층 사무실 배정,Politics
장동혁 거취 놓고… 野 원내대표 후보들 격돌 예고,Politics
차기 대표로 김민석 미는 친명계 “정청래 연임 막아야”,Politics
"""질적 패배"" 정청래 책임론‥당권 경쟁 '불씨'",Politics
"경찰 투입, 몸싸움 대치‥서울 개표 겨우 완료",Politics
'조국 사퇴'에도 연대론 꺼낸 정청래…범진보 재편 방향은?,Politics
"[주간政談<상>] ""한동훈, 선거에 미쳐 있었다""…측근이 본 당선 비결",Politics
[6·3이 남긴 것들] 갈라치기·격전지 방문·투표지 노출…李대통령 논란의 장면들,Politics
"“투표용지 부족” 송파구 공무원 질문 쏟아졌지만, 선관위 답변은 없었다",Politics
"박지원 “MB·박근혜, 꼴뚜기·망둥이 같은 자들 때문에…”",Politics
국회 李 쓰던 방에 송영길 들어갔다…한동훈은?,Politics
"진중권 ""호랑이굴에 들어간 한동훈, 선거운동의 교과서 썼다""",Politics
"‘정청래도, 장동혁도 흔들’…여야 대표 선거 책임론 직면",Politics
"국힘, 새 원내대표에 김도읍·성일종·정점식 도전장…선거일 연기 요청(종합)",Politics
[인터뷰 전문] 오세훈 서울시장,Politics
[따져보니] 헌재 심판대 오른 투표용지 부족사태,Politics
"[데일리안 오늘뉴스 종합] '전략가' 배현진·'공격수' 김재섭…오세훈 극적 승리 견인한 '투톱', 박지원 ""국민, 민주당 향해 '李 일 잘한다고 까불지 마' 경고"" 등",Politics
"한동훈 ""장동혁, 정치 리더는 결과에 책임지는 것…복당, 급할 것 없어""",Politics
"선관위, 설득 대신 물리력 선택…경찰 1000명 동원 투표함 반출",Politics
KBS 개표방송 ‘홍어’ 논란… 선관위 “걸러내지 못해 국민께 깊이 사과”,Politics
"""특정 후보 유리하게?""…성일종 ""원대 선출 일정 연기해달라""",Politics
"""내가 진짜 유일 후보""…결국 무효표만 108만 표",Politics
"[비하인드 뉴스] 한동훈 ""그날, 이곳에 있었다""…옆자리 잘못앉고 '두리번'",Politics
'장동혁 사퇴' 압박 가열…'무능·역주행' 비판,Politics
"한동훈 ""시민 힘으로 복귀""…송영길은 '818호'",Politics
"시위대가 차량 막고 ""신분증이요""…유리창 깨지기도",Politics
중장 3명·소장 11명 진급…김종묵 육군 3군단장 ‘비육사 출신’,Politics
"“35매 남았다” “투표 중단됐다”... 현장 아우성, 선관위 묵묵부답",Politics
"[단독] ""우라늄 국내 농축, 미국에 공식 요청""‥미국도 ""들어보겠다""",Politics
"20시간 갇혀 탈진…""모자란 집단과 일 못해"" 분통",Politics
육군 3군단장에 ‘비육사’ 김종묵…軍 소장 3명·준장 11명 진급,Politics
"돌아온 한동훈 ""형극의 길서 복귀…보수 이미 재건 시작""(종합2보)",Politics
[뉴스프라임] 노태악 선관위원장 사퇴…'투표지 사태' 파장 계속,Politics
육군 3군단장에 ‘비육사’ 김종묵…해군작전사령관 곽광섭,Politics
"쫓겨날 때 넥타이 다시 매고 복귀한 한동훈 ""같은 길 걷겠다""",Politics
"軍, 중장 3명·소장 11명 전반기 장성 인사…3군단장엔 '비육사' 출신",Politics
"서정욱 ""한동훈 복당? 장동혁 체제에선 영원히 못해...韓, 당선되니 내 전화 안 받아""",Politics
"국방부, 전반기 장성 인사 단행…육군 윤한일·해군 조충호·공군 박흥재 중장 진급",Politics
송파 '미개표' 추가 발견…시의원 비례 결과 뒤집혀,Politics
시위대 강제 해산…35시간 만에 꺼낸 '잠실 투표함',Politics
"사퇴 요구 받는 장동혁‥""선거 저승사자냐"" 쓴소리",Politics
"국힘 송언석 원내대표직 사퇴…""국민 뜻 받들어 새 출발 해야""(종합)",Politics
"장동혁, 개표소 찾아 ""목숨 걸고 투쟁""‥김민수 ""재선거해야""",Politics
불 붙는 '민주 전대'...'정청래 책임론' 속 김민석 등판·송영길 변수[여의뷰],Politics
"쓰레기통 뒤집고 욕설하더니‥""개표소 출입구 틀어막아""",Politics
"올림픽공원 개표소 봉쇄한 시위대, '재선거' 요구하며 시민 감금까지[르포]",Politics
"""장동혁 스벅 전략, 2030에 통했다"" 당권파 황당 해석",Politics
"김도읍·성일종·정점식, 국민의힘 원내대표 도전장…‘분열 극복’ 한 목소리",Politics
"[아는기자]오세훈-한동훈, 보수 구심점 경쟁 시작?",Politics
"""용지 동났다"" 곳곳 비명‥그날 단톡방 들여다보니",Politics
체급 낮춘 손혜원부터 첫 중국 동포 출신까지…이색 당선인들,Politics
육군 3군단장에 '비육사' 김종묵…해군작전사령관 곽광섭,Politics
"""저승사자 장동혁"" 안 나가면…국힘서 터진 '강제 퇴진론'",Politics
"선거 때 무더기 휴직하는 선관위…""표 차이 적으면 구의원 재선거 가능""",Politics
"[단독] 밤새 갇힌 '국힘쪽' 참관인…""중국이랑 짰지"" 온갖 협박",Politics
“조국만도 못하다”…거세지는 장동혁 퇴진론,Politics
"[뉴스추적] 흔들리는 장동혁? 국회 입성 한동훈과 대역전극 오세훈…서울 놓친 정청래, 김민석·송영길이 연임 제동?",Politics
"[인터뷰]한동훈 “복당, 급할 것 없다…쟁점화하면 당권파 도와주는 결과”",Politics
"국힘 당내선 '장동혁 책임론' 분출…""독선적 당대표 쓸모없어""",Politics
국힘 원내대표 9일 뽑는다... 당내 “무리한 일정” 비판,Politics
“장동혁은 ‘선거의 저승사자’…지도부 물러나야” 국힘 친한계,Politics
"""함께 싸우자"" 확성기 들고 나타난 장동혁 '아이러니'",Politics
법사위에 김남국·김의겸·한동훈?…‘최대 화약고’ 되나,Politics
"돌아온 방통위 ‘투톱’…이진숙·김태규, 과방위 저격수로?",Politics
"주류 정점식, 쇄신 김도읍, 중립 성일종…국힘 원내대표 3파전",Politics
"한동훈, 금배지 달고 돌아와 “권력 폭주 막겠다”",Politics
[민심 X-ray] '60%대 전광판' 李의 1년…입법·행정에 '지방권력'까지 얻었다,Politics
2030 여성은 왜 정원오를 선택하지 않았나… ‘집토끼’ 취급에 돌아선 표심,Politics
"송파 주민 정보 털어간 시위대…황교안 ""나 변호사야, 어딜!""",Politics
"""이딴 게 나라냐"" 반출 막던 부정선거 시위대 '오열'",Politics
"개표소 에워싸고 기자 위협…""당신 선관위지?"" 무법천지",Politics
잠실7동 봉쇄 35시간의 후폭풍… 투표함은 열렸지만 '재선거' 요구 계속,Politics
[강원 지선]② 강원 지방 권력 ‘민주당’ 우위 ‘지각변동’,Politics
"'투표지 사태' 질타 쏟아진 선관위, 끝내 수장 사퇴…쇄신 수순(종합)",Politics
연평도 해상 함정서 부사관 사망…머리 출혈 상태 발견,Politics
"""용지 없다"" 단톡방 아우성인데…선관위 관계자 '충격' 답변",Politics
"투표지 부족, 숨은 문제는 '인쇄'보다는 '이송'이었다[박지환의 뉴스톡]",Politics
"사퇴론 직면한 장동혁, 나홀로 장외투쟁… ""선관위와 싸우겠다""",Politics
선관위 때리며 버티는 장동혁…당 일각 “끌어내려야”,Politics
"한동훈, 무소속 등원 첫 일성 ""보수 재건해야…지금 상태론 미래 없다""",Politics
"""포기하지 않는다""며 떠난 한동훈, 국회로 돌아왔다",Politics
"국회 첫 등원 한동훈 ""시민의 힘으로 돌아와…보수 재건""(종합)",Politics
[현장] 한동훈·김남준·이진숙 등 첫 등원…계엄·면직 언급에 '술렁',Politics
국회 입성 이진숙 “다수당에 안 좋은 기억”…민주 “그럼 하지 말라”,Politics
"한동훈 ""장동혁 거취, 시민들이 이미 결정해준 것""",Politics
"'등원' 한동훈 ""보수재건 위해 국힘 돌아갈 것, 구체적 단계는 아직""",Politics
'당권 재편·한동훈 복당' 달렸다...국민의힘 원내대표 레이스 총성,Politics
"국힘 책임론 분출속…송언석·정점식 사의, 장동혁 버티기, 한동훈 등원",Politics
"국회 입성 한동훈 ""권력 폭주 막겠다""",Politics
[현장]'돌아온 형님' 송영길·이광재에 쏟아진 박수…출렁이는 당권 구도,Politics
“백서발간”한다지만 커지는 정청래 책임론…8월 전대 국면 본격화,Politics
"의총은 불참하고 개표장·선관위만 오가는 張…친한계 ""선거 참패 지우개 아냐""",Politics
민주당 송영길·이광재·김남준·전은수 의원…국회 첫 등원,Politics
위태로운 국힘 지도부 … 張 사퇴 압박 확산,Politics
"돌아온 한동훈 ""형극의 길 걷다 시민 힘으로 복귀…보수재건""(종합)",Politics
"조갑제 ""상식파 유권자가 이겼다…극우·극좌 둘 다 약해져""",Politics
한동훈·송영길 '귀환'...커지는 여야 지도부 책임론,Politics
"의총 대신 잠실 개표장·선관위 오간 張…""맨 앞서 싸우겠다""(종합)",Politics
"'부산 초선' 한동훈 의원, 첫 출근날 지지자 연호 속 ""보수 재건하겠다""",Politics
"""영향 없다""했지만 바뀐 결과…""고위직 전원 사퇴급 사태""",Politics
"""장동혁, 당권 놓치면 그 순간 끝...'비장의 무기' 당원 주권론 활용”[박영환의 시사1번지]",Politics
한동훈·이진숙 ‘국회 동기’로 입성…국민의힘 새 의원 4명 중 2명이 강경파,Politics
"송영길·한동훈 등 '당선인들' 국회 첫 등원, 어떤 모습? [짤e몽땅]",Politics
"김도읍, 국힘 원내대표 출마 선언…""분열된 당 화합해 보수 재건""",Politics
"송영길, 이재명 대통령 쓰던 국회 818호로…김민석 총리 ""큰 인물 귀환""",Politics
MB 뉴타운부터 오세훈 신통기획까지…서울 승리 공식은 결국 ‘부동산 개발’?,Politics
"""이긴 건지 진 건지""…광역 12곳 수성에도 '정청래 리더십' 타격 불가피",Politics
"“북구갑 국회의원 한동훈입니다”… 제명됐던 한동훈, 금배지 달고 국회로",Politics
"국회 데뷔 이진숙 ""다수당에 안 좋은 기억""…민주 ""그럼 하지 마세요""",Politics
"김민석 ""송영길 복귀, 내 일처럼 축하""...전당대회 연합 파란불?",Politics
"얇게 이긴 정원오, 두껍게 이긴 오세훈? 427개 동네가 남긴 답 [사실은]",Politics
'새 핵시설' 공개 직후 시진핑 방북 발표…'핵보유국' 인정 효과 노린 北,Politics
'보수의 심장' 대구보다 많았다…서울 2030 여성 표심 변화 [취재파일],Politics
"장동혁, 선관위 항의 방문…""참관인 없이 옮긴 투표함은 휴지통""",Politics
"6·3 서울 지방선거, 30대女·성동구서 민주당 지지 약한게 패인이었나",Politics
[6.3 지방선거] 무투표·나번 돌풍·재검표 역전… 시흥 지방선거 '이변 속출',Politics
"사리 분별 못하고 나댄 '여왕', 왕관은 쓰레기통에 들어갔다",Politics
국회엔 나타나지 않고 송파 달려간 장동혁…한동훈은 첫 등원,Politics
[여의도1번지] 여야 지도부 '책임론'…선관위 대국민 사과,Politics
민주당은 선거 때 대체 뭘 한 건가... 수상한 전조 현상,Politics
"이재명 대통령 ""6.25 영웅 끝까지 기억…유해 유전자 감식 멈추지 않을 것""",Politics
조국 빠진 혁신당 해단식…합당 이슈 던졌지만 민주당 '글쎄',Politics
"""정청래 대표 연임 가도에 빨간불?...일단 선거 결과가 그렇지 않아?""[박영환의 시사1번지]",Politics
美 넘어 러·日까지 견제한다…시진핑 7년만의 방북 속셈,Politics
송언석·정점식 전격 사퇴…장동혁 거취 압박 심화될 듯[종합],Politics
"금배지 달고 돌아온 한동훈 ""복당? 아직 고민할 단계 아니야""",Politics
"거세지는 장동혁 책임론…일각 ""결단 안하면 끌려내려올 것""(종합)",Politics
불붙은 민주당 '당권 삼국지'…전리품은 2028년 총선 공천권,Politics
"장동혁, 선거 이틀 후 ""개표 중지시켰어야""…돌연 강경투쟁 나선 배경은?",Politics
"투표용지 사태 총공세...김 총리 ""필요하면 특검""",Politics
"홍준표 ""민주당, 6·3 지선 압승 실패는 '공소취소 특검' 때문""",Politics
"김은혜 “네? 소요요?”…배현진, 국힘 ‘투표소 봉쇄’ 설전 공개",Politics
"갈라진 국민의힘…""그나마 선전"" vs ""지도부, 도움 안 돼""",Politics
"김민석 당권 도전 기다리는 송영길, 그의 복귀 축하한 김민석",Politics
"임기 10일 남기고 송언석 사퇴…""투표용지 부족사태 대처 차원, 빨리 물러나야""",Politics
"“국힘 예고된 패배, 수도권 붕괴·중도 이탈 위기”…보수에 쏟아진 쓴소리 [이런정치]",Politics
한동훈 “시민의 힘으로 돌아와” 송영길 “20·30 민심 얻어야”,Politics
지방 선거 여당 압승·국회의원 재보선 야당 선전...여야 대표 '책임론' 분출,Politics
"송언석 국민의힘 원내대표 전격 사퇴…""당 새출발 필요""",Politics
"[영상] 서병수, ‘사퇴 일축’ 국힘 장동혁 체제에 “오래 못 가”",Politics
"""李 이름만 팔았다"" 쓴소리에도…전대 앞두고 또 '명심 경쟁'",Politics
"울컥한 송언석, 전격 사퇴…국힘 차기 원내대표에 '한동훈 복당' 달렸다",Politics
'中뒷배' 바라는 北…7년만의 시진핑 방북에 최고예우 준비,Politics
"투표용지 부족 사태, '고의 아니냐' 음모론 제기한 조선일보",Politics
"""대통령 지지율이 60% 넘는데""…與 지방선거 '패배 책임론' 부글",Politics
장동혁 “군사 작전하듯 투표함 들고 나와…참관인 한 명 없이 옮겨”,Politics
"송언석, 국힘 원내대표직 사퇴...'퇴진 압박' 장동혁 이틀 연속 의총 불참",Politics
"국회 입성한 한동훈 ""다시 그날로 가도 같은 길""…복당은 '속도 조절'",Politics
"""결국 공권력 투입해 투표함 빼내..."" 납득 어려운 선관위 변명들 [이슈톺]",Politics
선거 결과에 웃고 울고…희비 갈린 靑 참모들,Politics
‘李대통령 방’ 818호에 송영길 입성…친한계 의원방 옆에 둥지 튼 한동훈,Politics
"한동훈 의원사무실, 친한계와 같은 층에 배정됐다",Politics
"“비굴함이 가슴에 맺혀”…눈물 보인 송언석, 원내대표 사퇴",Politics
"잠실 개표소까지 달려간 장동혁…""선관위원 전원 거부 시 즉각 탄핵""",Politics
선거 참패에 고개숙인 조국혁신당 “방심과 분열이 원인…민주당도 성찰해달라”,Politics
"""2030 여성, 서울서 與 등져""...전문가가 지적한 선거 전략 [Y녹취록]",Politics
"장동혁, 선관위 항의방문...김 총리 ""필요하면 특검·국조""",Politics
"국힘의 모장무싸? '12대 4' 참패에도 장동혁 ""희망의 불씨""…당내에선 사퇴 요구 분출",Politics
'李 사무실' 자리잡은 송영길..당권가도 달린다,Politics
이제는 '해석 전쟁'…9월 전대 앞두고 '명청 대전' 시즌2 열리나,Politics
"[단독] '당심만만' 장동혁, 재신임투표 하나",Politics
‘李대통령 방’ 받은 송영길…친한계와 한층서 둥지 튼 한동훈,Politics
"지선 끝 '장동혁 사퇴론' 분출…張, 투표소 시위대 찾아 ""함께 싸우겠다""",Politics
일진과도 맞짱 뜬 ‘고1 한동훈’…금목걸이 장발로 서울대 뒤집다,Politics
송파 개표소 진입 막힌 장동혁 “싸우겠다”...배현진은 “선거 패배 책임 방기 시도”,Politics
"""농부는 밭 탓하지 않아"" 대구서 5전 4패, 김부겸이 남긴 말들",Politics
"장동혁, ‘잠실 투표함 이송’에…“군사작전 하듯 몰래 빼내 개표, 국민 신뢰 더 잃어”",Politics
"친한계 ""장동혁 지도부 총사퇴해야""…책임론 확산",Politics
'이 대통령 방' 받은 송영길…친한계와 한 층서 둥지 튼 한동훈,Politics
선거 끝나자 다시 시작된 내홍…장동혁 거취 놓고 국힘 ‘사분오열’,Politics
"김재연 “조국 평택을 출마, 민주진보 선거연대 적신호”",Politics
"""정청래, 지선 책임져야"" VS ""네탓 아닌 내탓해야""...與 책임공방",Politics
'李대통령 방' 받은 송영길…친한계와 한층서 둥지 튼 한동훈,Politics
"""매우 큰 유감"" 표명에 ""대통령 책임""…""천년만년 무소속?"" [정오블핑]",Politics
지방선거 끝나자 당권 갈등 재점화…'정청래·장동혁' 시험대,Politics
"[진중권의 시선] ""국민은 민주당 폭주도, 장동혁 체제도 원치 않았다""",Politics
보수쇄신 3색 행보… 오세훈 ‘큰그림’ 한동훈 ‘구심점’ 이준석 ‘디딤돌’ 모색,Politics
"민주당 ""서울은 지방선거 바로미터…부동산·인지도 등 패인""",Politics
“국·영·수 망치고 시험 잘 봤다고 할 수 있나”···커지는 정청래 책임론,Politics
잠실 투표함 개표로 오세훈 ‘당선 퍼즐’ 완성,Politics
"조선 ""차기 총리 정성호 장관 유력"" 靑 ""결정된 사항 없어""",Politics
"이기고도 진 與, 지고도 이긴 野…모두 당대표 책임론",Politics
"개표소 달려간 장동혁...""투표용지 사태 특검 추진""",Politics
吳·韓 부상에 흔들리는 국힘…장동혁 책임론 vs 유임론 '팽팽',Politics
"‘어부지리’ 국힘에 평택을 내준 민주·혁신…사퇴한 조국, 양당 통합은?",Politics
"'관리형' 정성호냐, '젊은피' 강훈식이냐…차기 총리, 李대통령 결정만 남았다",Politics
“실패한 선거” 민주당 내 자성론 분출…“대통령 이름만 팔아” “외연확장 있었나” [6·3의 선택],Politics
"거세지는 장동혁 책임론…일각 ""결단 안 하면 끌려내려올 것""",Politics
"송파 개표소 온 장동혁 “싸우겠다”…김은혜, 투표함 반출 보며 눈시울",Politics
"""안 되면 행동 들어간다""...국민의힘 장동혁 향한 거센 '압박' [지금이뉴스]",Politics
"거세지는 장동혁 책임론…일각 ""결단 안하면 끌려내려올 것""",Politics
"이기고도 진 與, 지고도 이긴 野 모두 당대표 책임론",Politics
‘오세훈 당선 확정’ 언제쯤?…잠실 투표함 개표로 ‘마지막 퍼즐’ 맞췄다,Politics
‘애매한 승리’에 민주당 내홍 예고…정청래 연임 vs 김민석·송영길,Politics
"차기 총리는 정성호 혹은 강훈식? 청와대 ""아무 사항도 결정된 바 없다""",Politics
"경남 무소속 당선 시장군수 4명, 국민의힘 복당 여부 '관심'",Politics
장동혁 거취 ‘장고’…차기 野 원내대표 당권 향방 가늠자,Politics
"조국·이준석, 6·3 선거 사실상 빈손…제3지대 한계 확인",Politics
'우클릭'하는 2030여성 표심?... 절망 속 돌리는 '희망 회로',Politics
"""무식한 국민이 뭘 알겠나""…투표지 부족 사태에 '야인시대' 재조명",Politics
"친한계, 장동혁 압박 최고조…""張 지도부 물러나야 신임투표 하면 진다""",Politics
"박정훈 ""신임 국힘 원내대표, 한동훈 복당 공개 반대할 사람 없어""",Politics
국힘 우재준 “장동혁 버티면 수습 안 돼” 박정훈 “장동혁으로 총선 못 치러”,Politics
"""오후 1시40분 국회 본관 정문 계단""…한동훈 오늘 여의도 입성",Politics
"""압승에도 웃지 못했다""⋯외신이 지목한 민주당 '패착'은?",Politics
차기 총리로 강훈식?… '시기상조' 기류에 '정성호설' 여전,Politics
"친한계 ""장동혁은 '선거의 저승사자'‥분열의 씨앗된 '한동훈 제명' 책임져야""",Politics
"한동훈·오세훈의 부상, 김부겸·조국의 명암…요동치는 차기 권력지도",Politics
"[단독] 李, 차기 총리 강훈식·정성호 고심…선거 전후 각각 독대",Politics
"한동훈 ""오늘 서울 국회 간다""…장동혁과 만날까",Politics
"""공무원 향해 고압적 태도 일관""...선관위 직원 태도 질타도 [Y녹취록]",Politics
"국힘 친한계 ""장동혁 지도부 물러나야…신임투표 하면 질 것""",Politics
김민석 국무총리 후임 누구? 정성호 장관·강훈식 실장 '압축',Politics
무인기 시대라지만… 전쟁 판도 바꾼 건 미사일과 활공폭탄이었다 [박수찬의 軍],Politics
전주혜가 가문을 지키는 법 [최훈민의 심연],Politics
"박지원 ""박근혜·이명박, 이 꼴뚜기 망둥이 같은 자들이...수치도 모르고, 김부겸·김경수 아까워""[여의도초대석]",Politics
"장윤선 “선거로 이재명 정부 뒷받침 못한 민주당, 책임져야” [김은지의 뉴스IN]",Politics
AI는 선거와 민주주의를 어떻게 흔들고 있나 [스프],Politics
투표함 반출되자 울부짖었다…봉쇄 사흘 만에 전격 진입,Politics
결국 끌려 나오는 시위대...경찰에 강력 저항 [현장영상+],Politics
"김상욱 ""광역단체장 후보 중 선거비 제일 적게 쓰고 당선""[한판승부]",Politics
"""무식한 국민들이 뭘 알겠나, 투표용지 안 줘도 모른다""…용지 부족 사태에 소환된 드라마 장면",Politics
"경찰, 시위대 강제해산 후 송파구 잠실7동 투표함 2개 반출…시위대 봉쇄 35시간만에 개표소로",Politics
"김남국 ""새 미래 설정하고 통합할 분이 차기 당 대표돼야""[한판승부]",Politics
'보수의 미래' 두고 권력지형 지각변동…이젠 한동훈·오세훈의 시간,Politics
"“제발 좀 나가 주세요”…투표소 봉쇄 사흘째 참다못한 주민들, 결국 ‘퇴거 요청’",Politics
'금배지' 달고 돌아온 한동훈…격렬한 승부 끝 승리,Politics
자고 일어나니 당선자 바뀌어‥출구조사 왜 틀렸나,Politics
"선거 끝났는데…투표소 봉쇄 사흘째, 주민들도 뿔났다",Politics
[손병관의 뉴스프레소] '부정선거' 빌미 안 주려다가 '음모론' 불지핀 선관위,Politics
조국 낙선에 혁신당 ‘비상’…리더십 공백 속 합당론 안갯속,Politics
‘철옹성’ 대구도 디비질 뻔했다…김부겸의 ‘도전’[점선면],Politics
여의도서 만나는 장동혁-한동훈…보수 주도권 다툼 본격화?,Politics
"환멸스러웠던 평택을 아귀다툼, 서울 우경화...그나마 희망적인 건",Politics
서울 잠실 투표소 투표함 사흘째 발 묶여...소송전 번질 듯,Politics
"""오세훈 당선되자 재선거 얘기 쏙 들어갔다""…'부정선거론자'들, 이번엔 국힘 향한 음모론",Politics
[이충재 칼럼] 조국·김용남 '동반 패배'의 교훈,Politics
'전략가' 배현진·'공격수' 김재섭…오세훈 극적 승리 견인한 '투톱',Politics
"서울 '젊은 보수', 대구보다 셌다…30대 60% 국힘, 30대 여성 53% 吳 선택",Politics
"""결국 투표 못 했어요""‥초유의 투표권 침해 사태",Politics
38년된 지휘헬기 타는 공군참모총장…회전익 헬기 100% 도입시기 25년 지나[이현호의 밀리터리!톡],Politics
"[삶-특집] ""한국군, 우방국 도움 없이 국민생명 지킬 수 있나""",Politics
與 '뼈아픈 12승' 野 '최악 면한 성적표'…민심이 던진 경고장,Politics
韓이 림팩 지휘봉 잡는 이유…美의 '전략적 유연성'의 그림자[한반도 GPS],Politics
'지선 승리' 정청래 '보폭 확대' 김민석 '저격 나선' 송영길…與 당권 전쟁,Politics
1987년의 유령이 2026년 평택을에 출몰했다,Politics
'무소속 당선' 한동훈 귀환…국민의힘 복당·당권 갈등 뇌관,Politics
“정청래 끌어내리겠다”…투표함 닫히자 ‘복수의 칼’가는 김관영·김영록,Politics
"원 구성 협상 ‘강 대 강’ 될 듯… 이진숙·김태규 입성, 과방위 기싸움 예고",Politics
장동혁 “당원과 새 길” 사퇴 일축… 당내 “주말까지 거취 정하라”,Politics
12대 4가 만든 ‘쓴웃음’ 속 ‘오세훈 드라마’,Politics
"정청래·장동혁, 승패 떠나 책임론 부상…당권 재편 요동",Politics
오세훈·한동훈 뜨고 조국·이준석 흔들…대권주자 손익은,Politics
'사실상 패배했다' 평가에 정청래 책임론…'당권 도전' 金총리 등판 언제?,Politics
"“한·일전 진 꼴”…李대통령, 후임 총리 강훈식·정성호·한성숙 고심",Politics
"여권엔 절제, 야권엔 혁신…6·3 민심이 날린 경고 [view]",Politics
서울 지자 여당 쪼개졌다…“지도부 미숙” 친명의 반격,Politics
"장동혁, 사퇴론 제기에 ""새길 찾겠다"" 버티기…국힘, 내부 투쟁 이어질 듯",Politics
오세훈·한동훈·유의동…생환 자체가 ‘장동혁 사퇴’ 독촉장 됐다,Politics
"한동훈, 장동혁 지도부 때리며 “반드시 돌아간다”",Politics
"정청래 “전국 승리, 서울 탈환 못해 아프다” 송영길 “책임져야”… 당권 신경전",Politics
"與, 재보선 14곳중 PK거점 등 4곳 내줘… 靑출신 3명 원내 입성",Politics
"與, 경기 특례시 4곳중 3곳 석권… 국힘, 신규 토허구역 과반 차지",Politics
"한동훈 ""제명되던 날 돌아오겠다 약속""… 복당 시사하며 보수 재건 시동",Politics
[단독] 후보 몰라 버려진 표만 100만… 27% 득표율로 교육감 쥔다,Politics
"""격전지 다 넘어갔는데 압승?""… 정청래, 서울 뺏기자 사방서 책임론",Politics
오세훈 밀어 올린 '성난 부동산 민심'... 15개 자치구 내주고도 역전승,Politics
"'국힘 제로' 내세우다 3위 엔딩…조국, 우군도 잃고 민심도 잃었다",Politics
'침묵' 장동혁...최악은 면했지만 '패배 책임론' 불가피,Politics
"與, 경합지 5곳 모두 '고배'… 9곳 지키고도 씁쓸한 뒷맛",Politics
보수 심장 뒤흔든 합리적 진보… 정청래號엔 없던 김부겸의 힘,Politics
아끼던 ‘명픽’ 줄낙마… 설욕전 펼치고도 웃지 못하는 靑,Politics
"지방선거 끝, 정쟁 시작…국민의힘, 與 공소취소 야욕 저지할 단일대오 가능할까",Politics
국힘서 터져나온 장동혁 사퇴론… 張은 “희망 불씨 지켜냈다”,Politics
차기 국무총리에 정성호 유력,Politics
새 핵시설 공개한 김정은 “5년간 핵물질 2배 생산”,Politics
"부동산에 화난 한강벨트, 공소취소에 뿔난 2030… 吳 역전극 이끌어",Politics
"패배 승복 정원오 “내가 부족한 탓, 시민 선택 겸허히 인정”",Politics
"서울·부산서 ‘명픽’ 꺾은 오세훈·한동훈, 보수 재건의 투톱으로",Politics
"치명상 입은 조국혁신당, 실속 챙긴 진보당, 성과 없는 개혁신당",Politics
"친명 “서울, 정청래 책임” 친청 “누구 때문에 졌는데…”",Politics
"""어쩌면 좋아"" 김어준, 오세훈 기사회생에 '탄식'",Politics
"정청래, 압승에도 심판론?…'반쪽 승리' 책임론에 연임 적신호",Politics
자정 넘어 웃은 한동훈‥끝내 고개 숙인 조국,Politics
"조갑제, 한동훈 생환에 ""국힘 양아치 시대 끝내야""",Politics
"9%P차라더니 뒤집혀…출구조사, 샤이보수 놓쳤다",Politics
한동훈 당선 확정된 새벽 2시… ‘보수 재편’은 이미 시작됐다,Politics
국회 입성 앞둔 한동훈…보수 권력구도 재편될까,Politics
'서울 사수'에도 스텝 꼬인 장동혁…사퇴 일축 속 '책임론' 봇물,Politics
'최대 승부처' 서울 놓쳤다… 與 정청래 연임 가도 먹구름,Politics
"오세훈·한동훈 뜨고, 정원오·조국 꺾였다…여야 잠룡 희비 '극명'",Politics
"시진핑 방북 전 보란 듯…김정은, 핵물질 생산공장 갔다",Politics
"'국민의힘 제로' 외치던 조국, 낙선에 대표직 사퇴까지…혁신당 간판 상실 위기",Politics
"""추해 보여"" vs ""원내대표 선거 봐야""…장동혁 책임론, 국민의힘 내부 갈렸다",Politics
투표함 2개 못 나가고 사람은 쓰러졌다…잠실 투표소 이틀째 대치,Politics
지선 4곳·재보궐 5곳 내준 민주당…'아쉬운 성적표' 원인은,Politics
24시간째 갇힌 투표함…선거사무원은 들것에 실려 나왔다,Politics
"[투나잇이슈] 오세훈 막판 대역전승…여야, 선관위 질타 한목소리",Politics
"김어준 ""어쩌면 좋아""…오세훈 역전에 ""보수 대선후보 2명 살아 돌아와""",Politics
[김종석의 오프닝]한동훈 복당 예고…급할 건 없다?,Politics
"희비 갈린 '명픽'…정원오·하정우 울고, 김남국·김남준 웃었다",Politics
"무효표가 살려낸 '단 1표 차' 승리…""피 말린 초접전의 밤""",Politics
"'2등도 못하다니'…조국, 당 대표서도 사퇴, 차기 대권 경쟁 탈락",Politics
"“희망의 불씨 지켜냈다”…장동혁, 대표직 유지 뜻",Politics
다수의 ‘국정 지지’ 확인…오·한·유로 응집한 ‘반윤·샤이 보수’,Politics
'보수재건' 내세운 한동훈…'사퇴 압박' 몰린 장동혁,Politics
3파전서 살아돌아온 한동훈…보수 재편 '태풍의 눈',Politics
한동훈 “보수 재건” 일성…향후 야권 재편 과정 핵심축 부상,Politics
"평택을 낙선한 조국, 대표직 사퇴…혁신당은 독자생존의 길로",Politics
"대구시장 ‘졌잘싸’ 김부겸, ‘보수의 심장’서 이례적 접전…지역 구도에 균열 냈다",Politics
보수 궤멸 막은 '오세훈 대역전극'…오전 7시 16분에 뒤집혔다,Politics
"""오빠 해봐"" ""뽀뽀 한번""…유세 중 돌발 발언에 흔들?",Politics
與 거물급 이광재·송영길 ‘화려한 귀환’… 정치적 내상 조국 “당대표서 물러난다” [6·3 지방선거 이후],Politics
"서울 패배한 민주, 참패한 국힘…선거 이후 정국은",Politics
"오세훈 ""이번 선거 결과, 李 대통령 겸손하라는 국민의 응답""",Politics
"“TK 빼면 장동혁 안 간 곳만 승리” 눈총에도…張, 사퇴론 일축",Politics
"장동혁 겨냥 ""품격 없다""…한동훈에 '국힘 복당' 묻자",Politics
"정의당 권영국 ""진보정치, 서민의 삶 속에서 새로 시작해야""",Politics
"김지호 ""최근 10년간 이런 분열 없었어...샐럽·유튜버들, 뒤에서 분열 조장한 측면도""",Politics
이틀째 갇힌 잠실7동 투표함…전한길·황교안 “목숨 걸고 지켜야”,Politics
"이광재 ""정청래 책임론? 그건 아니라고 봐...크게 보면 승리, 잘된 부분 더 확장해야""",Politics
"[비하인드 뉴스] ""민주당 박살"" 법사위 노리는 한동훈에…""농해수위 어떠냐""",Politics
[비하인드 뉴스] '선거의 여왕'이라더니…TK 밖에선 안 통했다,Politics
'방통위 2인방' 웃고…'윤 호위무사' 울고,Politics
“서울 졌으면 진 것”…정청래 책임론 속 당권 경쟁 서막,Politics
與 선거 초반에는 '15대 1' 예상했는데‥상처뿐인 승리? 사실상 패배?,Politics
평택을 '대혼전'…초반 '2강' 뚫고 유의동 역전승,Politics
“서울시민 눈엔 대선주자 현직과 구청장 대결구도”,Politics
"""투표하고 싶어도 못 해""…'투표지 대란' 당선무효 줄소송 번지나",Politics
“오세훈 당선인 확정 못할 판” vs “진영 상관없이 재선거하라”,Politics
"오세훈 어떻게 이겼나 … 25곳 중 강남3구 등 10곳 승리 ""정원오 캠페인 최악""",Politics
[이슈]여의도 입성 한동훈…이준석 당선과 비슷,Politics
조국 없는 조국혁신당…또다시 수장 공백 사태,Politics
내란과 선 그으면 '구제'…야권 관통하는 '절묘한 표심',Politics
‘정청래 책임론’ 꿈틀…송영길 “실용노선 대신 내란종식만 외쳐”,Politics
한 번도 1위 못했는데…'평택 토박이' 유의동 극적 당선,Politics
"""불씨 지켰다"" 정신 승리하더니…장동혁, 의원총회 '노쇼'",Politics
"""난 반드시 돌아간다"" 굳센 한동훈…'보수 재편' 급가속",Politics
'1392표 차' 승부 갈렸다…한동훈 '무소속'으로 첫 금배지,Politics
"""야, 이 XXX야"" 난입에 생방송 중단까지…극우 세력 '폭주'",Politics
'3인 선거구'도 뚫지 못했다… 고양시 지선 덮친 '양당 블랙홀',Politics
"""국힘 제로"" 외치던 조국 3위로 낙선‥당 대표 사퇴",Politics
구·군 선거 열세 속 ‘개인기’로 승리…與 대권주자 반열 성큼,Politics
"""선거철마다 직원들 대거 휴직""…꿈쩍도 않는 선관위, 대체 왜?",Politics
평택을 '조국 낙선' 후폭풍…대표 공백 재연 속 혁신당 '가시밭길',Politics
"“민주 이겼는데 진 것 같고, 국힘 졌는데 이긴 것 같은 선거” [황현희의 불편한 여의도]",Politics
[아는기자]‘6·3 지방선거’ 민주당 압승 맞나?,Politics
부정선거론자 몰려 '들불'…스스로 갇혀버린 선관위,Politics
"'당선보다 낙선자들 먼저' 전재수, 선대위 해단식서 비로소 웃다",Politics
지역주의 벽 못 넘은 김부겸 김경수… 날개 단 박찬대 우상호 박수현,Politics
투표함 강제로 꺼냈다간 충돌…'온몸 봉쇄' 잠실 상황,Politics
[뉴스추적] '전북 사수' 정청래·'텃밭' 지킨 장동혁…지선 책임론은?,Politics
"한동훈, 하정우 꺾고 금배지…“반드시 돌아간다”",Politics
오세훈 “장동혁 노선 도움될지 당내 논의 기대” [인터뷰 전문],Politics
"‘화려한 귀환’ 한동훈, 당권파 직격…보수 개편 주도하나(종합)",Politics
애매한 힘의 균형…여야 모두 불거진 지도부 책임론,Politics
"지방선거 결과 분석, 눈여겨 볼 대목은?",Politics
"“절반의 승리” 성적표 받아든 정청래, 연임 가도 빨간불…당대표 선거 ‘친명 대 친청’ 일전 예상",Politics
‘당권 사수’ 장동혁에…한동훈 “품격·실력 없다” 직격,Politics
"지선 판 뒤집은 역전의 아침… 오세훈, 보수의 중심에 섰다",Politics
[화제의 당선인] 쪼개진 보수표·범여풍도 이긴 '신인왕' 김길수,Politics
"평택을 낙선한 조국, 당대표직 사퇴…동력 잃은 합당, 독자생존 모색할까",Politics
의심은 어떻게 집단행동이 됐나...잠실 투표소의 긴 밤,Politics
"""당선이든 낙선이든 무효"" 시위 격화… 용지 부족 사태에 또 '부정선거 음모론'",Politics
"""자폭 드론 공포 깬다"" K방산, 첨단 '안티드론' 기술 본격 강화",Politics
수백기 원심분리기 보란듯 보여준 김정은… 핵 대놓고 고도화,Politics
"못 웃는 민주, 서울 내준 ‘찜찜한 승리’ 긴장한 국힘, 당권 놓고 갈등 격화할 듯",Politics
"한동훈, 금배지 첫날 장동혁 때렸다… “보수 품격에 안 맞아”",Politics
"與, 12곳 가져오며 4년 만에 설욕… 野, TK 수성 ‘재기 발판’ 남겨 [6·3 지방선거 이후]",Politics
‘4곳 사수’ 최악 피했지만… 장동혁 책임론 부상 [6·3 지방선거 이후],Politics
"[더in터뷰] '송영길 평가' 듣곤 박수현 ""담대한 승리 깎아내리나"" 반문",Politics
‘尹 어게인’ 극우엔 선 긋고… 李정부·與 독주 우려엔 견제구 [6·3 지방선거 이후],Politics
"사퇴 요구 공개 분출…장동혁 ""희망 불씨"" 일축",Politics
민주 '낙동강벨트 탈환'·국힘 '원도심 사수'… 지방 권력 ‘양분’,Politics
"[영상] 서울 놓친 민주당, 전국 잃은 국힘… 6·3 지선, 진짜 승자는?",Politics
"시진핑 방북설 와중에…김정은, 새 핵시설 공개 행보",Politics
대권가도 열린 한동훈… 조국은 당 대표 사퇴 [대권 잠룡들 희비],Politics
존재감 드러낸 ‘샤이 보수’…유의동·한동훈·오세훈으로 결집,Politics
"국민의힘 꾸짖은 민심…민주당 견제, ‘명픽’ 떨어뜨린 까닭은",Politics
새민주 전병헌 “친문 잠룡들 ‘자연사’시킨 선거…친명 권력집중이 민심 지지는 아냐”,Politics
"박지원 ""오세훈 5선, '명픽' 이 대통령 책임?...그건 아냐, 민주당이 진 것, 뼈아파""[여의도초대석]",Politics
정원오 12시간 리드 끝 역전패…서울 민심은 왜 막판에 움직였나[여의뷰],Politics
오세훈 당선에 TBS 충격과 혼란…정상화 가능할까,Politics
김어준 “보수 대선후보 2명 살아 돌아왔다” 탄식,Politics
서울시장·경남지사·평택을... 접전지 너무 틀린 출구조사,Politics
장동혁과 선 그은 인물만 생환…'극우 노선' 지도부 교체론 분출,Politics
"지선 승리에도 웃지 못한 與 … 정청래 ""서울 탈환 못해 아프다""",Politics
"""한표가 소중"" 단 1표 차 승리…'차이 100표 미만' 초접전 이어져",Politics
일진과 맞짱 뜬 ‘고1 한동훈’…이유 알면 ‘의원 한동훈’ 보인다,Politics
"한동훈, 제명 140일 만에 재기… 대권 가도 ‘청신호’ [6·3 지방선거 이후]",Politics
부동산 민심이 갈랐다 … 서울 집값상승 톱10 중 8곳서 '吳 승리',Politics
의원배지 다는 靑출신 3인방 김성범·윤용근도 원내 입성,Politics
"새 고농축우라늄 공장 시찰한 김정은 ""생산능력 2배 능가""",Politics
민주당 찜찜한 승리…결선투표제 도입하나[박지환의 뉴스톡],Politics
차기총리 '정성호·한성숙·강훈식' 3인 압축,Politics
[연합뉴스 이 시각 헤드라인] - 18:00,Politics
"""압승이라더니"" 서울도, 대구·전북도 틀렸다…출구조사 빗나간 이유는",Politics
4년전과 정반대 서울구청장 … 민주 vs 국힘 '8대 17'서 '17대 8'로,Politics
‘투표용지 부족’ 혼란 계속되는 잠실7동 제2투표소…전날 밤 ‘우왕좌왕’ 현장의 재구성,Politics
"국회 입성 한동훈·이광재, '포스트 지선' 정국 역할론 주목",Politics
들끓는 한동훈發 보수 재편론…野 원내대표 선출이 첫 분수령,Politics
"투표 용지 부족 사태에 소환된 야인시대 “국민들 뭘 알겠나, 안 나왔구나 하겠지”",Politics
"국힘, 지선 후폭풍…당내선 ""장동혁 거취 정하라"" 張 ""당원들과 새길 찾겠다""(종합)",Politics
이기고도 못 웃는 정청래…전대 앞두고 책임론 직면,Politics
"조갑제 ""한동훈 살아 돌아와…국힘 양아치 시대 청산해야""",Politics
“여론조사 무덤으로 기록될 선거”…출구·여론조사 또 틀렸다,Politics
"견고한 보수의 심장, 꿰뚫진 못했어도 균열은 냈다···졌지만 빛난 김부겸의 5번째 도전",Politics
[뉴스워치] 대역전 드라마 쓴 오세훈…투표지 사태 후폭풍 확산,Politics
완벽한 승리 없었다… 與 '서울 탈환' 실패,Politics
[2026 지선] 4석 그친 국힘…'사퇴론 재 점화' 장동혁 미래는?,Politics
"선거 끝, 개각의 시간…이재명 정부 2대 총리는 누가 되나",Politics
음모론 부추기는 보궐선거 3위 김현태…“부정선거·윤 어게인”,Politics
[6·3 지선] '샤이 보수' 벽에 막힌 여론조사…격전지 예측 빗나가,Politics
한동훈·유의동 격전지 당선…野 ‘합리적 보수’ 목소리 커질까,Politics
선거 참패 책임론 비등한데…당 대표직 유지 의지 밝힌 장동혁,Politics
"""호떡집서도 일어날 수 없는 후진국 참사...선관위원장 즉각 물러나야""[박영환의 시사1번지]",Politics
오세훈·한동훈 '반등'..김부겸·조국 '숨고르기',Politics
"""여기가 메인 전쟁터""…부정선거 시위대에 갇힌 잠실7동 투표소",Politics
'돌아온' 송영길·이광재...민주당 대표 두고 정청래·김민석과 경쟁 예고,Politics
12대 4 압승인데…정원오·김경수·김부겸 왜 졌나,Politics
이기지 못한 선거...지방권력 교체에도 여야에 '찜찜한 숙제' 안겼다,Politics
지역주의·양당 구도 흔든 한동훈...보수 진영 대권주자 ‘급부상’,Politics
박지현 “압승할 수 있었는데 놓쳐…정청래 책임 지고 사퇴해야”,Politics
초유의 투표 중단 사태에 항의 지속...밤샘 시위,Politics
靑출신 7명 출마해 5명 생환…하정우·김병욱은 낙선,Politics
"""극우 난리로 치부할까 우려""…투표용지 부족 사태 논란 확산, ""잠실 와달라"" 호소도",Politics
"""2018 악몽 재현 막았다"" 장동혁, 사퇴 압박에도 '정면 돌파'",Politics
춘천 연고 한동훈 '역대급 0.5선' 등장에 강원 현역 의원 '역할론' 급부상,Politics
"경기 기초 19곳 차지하고도 못 웃는 민주당... ""패배 안 믿겨""",Politics
"“윤어게인” “독재타도” 등장한 잠실7동제2투표소···주민들 “너무 시끄러워, 그냥 갔으면”",Politics
"SNS 샤라웃부터 악수털기, 선거의 여왕까지…판세 흔든 결정적 순간 넷",Politics
"張 사퇴요구 거세지나…""당권파 언행, 품격이나 실력에 맞지 않아…지도부는 거취 정해야""",Politics
살아 돌아온 한동훈·주저앉은 조국…잠룡의 희비,Politics
"차기 총리 '정성호·한성숙·강훈식' 압축…靑 ""정해진 바 없어""(종합)",Politics
"""어쩌면 좋아""…오세훈·한동훈 살아돌아오자 탄식한 김어준",Politics
"[자막뉴스]""장동혁 사퇴하라"" 친한계 넘어 중진까지…""새 길 찾겠다"" 보수 재편 신호탄?",Politics
"민주, 지방권력 교체…오세훈, 서울 대역전극",Politics
"'5선 서울시장' 오세훈, '강한 0.5선' 한동훈…보수 차기 대권구도 요동",Politics
“장동혁 나가라” “한동훈 복당 불가능”…두쪽 난 국민의힘,Politics
"6.3지선, 민주 광역 12곳 '승리'...오세훈 대역전승·한동훈 원내로",Politics
'벼랑끝' 보수 위기에 응답한 MB·박근혜…구원투수로 역투,Politics
‘16곳 중 4곳 승리’ 선방이라 본 장동혁호 “일단 계속 간다”···의총서 지도부 거취 거론 안 해,Politics
"與, '절반의 승리'에 내전 기류…비당권파 '책임' 거론에 당권파 반박",Politics
국힘서 빗발치는 장동혁 사퇴요구…“거취 속히 정하라”,Politics
최다선 송영길· 수도권 4선 유의동 귀환…이진숙 김태규 김의겸 등 강경파도 입성,Politics
이겼지만 흔들린 국힘 심장부… 더 이상 ‘텃밭’은 없다,Politics
"""김어준 방송 전락""…오세훈 'TBS 어쩔건가' 질문에 한 말",Politics
"민주당 바람도 꺾지 못한 반도체·부동산 역풍, 생환한 野 시장들",Politics
사전투표 민심 못 읽은 출구조사…수십억 붓고도 서울·경남 ‘헛다리’,Politics
"‘李의 정치고향’에 빨간 깃발…신상진, 역전 릴레이 끝에 성남 수성 [6·3의 선택]",Politics
"조갑제 ""국힘, 양아치 시대 끝내야… 오세훈·한동훈·유의동 극우와 싸워 당선""",Politics
지방권력은 밀어주고 국회는 견제… 민주당 ‘반쪽 승리’,Politics
오세훈·한동훈 부활하자…김어준 “어쩌면 좋아” 탄식,Politics
친한계는 '장동혁 흔들기'…한동훈도 '복당 시도' 예고[영상],Politics
국힘서 張 사퇴요구 공개 분출…정작 의총에선 언급 없어(종합),Politics
"국힘 ""최소한의 견제하게 해준 국민께 감사""…장동혁은 의총 불참(종합)",Politics
조국·김용남 ‘동귀어진’에 유의동 ‘어부지리’… 조국 정치생명 위기,Politics
"[단독] ""교육감 아무나 찍었다""…무효표 100만개 '대혼란'",Politics
"절묘한 민심, 與엔 ""오만 금지"" 野엔 '보수 재건' 씨앗 남겼다 [선택 6·3]",Politics
"[여의도1번지] 오세훈, 막판 역전승…투표지 부족 사태 파장",Politics
개인기로 역전홈런 친 한동훈…보수 진영 구도 대격변 맞을까,Politics
[기획] 지옥 찍고 돌아온 오세훈·한동훈… 낡은 보수 ‘재개발’ 돌입,Politics
"'尹 방통위' 이진숙·김태규, 나란히 국회 입성..野에 미칠 영향은",Politics
‘방통위 듀오 파이터’ 이진숙·김태규 국회 입성…과방위 격돌 예고,Politics
'12대4' 성적표에도..정청래 연임 '빨간불'·장동혁 당권 유지 전망,Politics
"투표용지 덜 찍으라고 한 중앙선관위, 배분에 실패한 송파구선관위",Politics
단일화 이룬 진보당이 울산 동구청장 선거에 패한 이유,Politics
“투표용지 사태 터져도 선관위 직원 한 명도 안 나와”,Politics
"'반쪽 승리' 민주, '불씨 지킨' 국힘...양당 모두 거센 후폭풍",Politics
장동혁 ‘사퇴 거부’ VS 한동훈 ‘복당 요구’... 당권 투쟁 본격화,Politics
돌아온 '개혁보수' 오세훈·한동훈·유의동의 반격…국민의힘 흔들까,Politics
"장성민 “‘이재명픽’ 정원오·하정우 패배, 레임덕 시작…청명전쟁 전당대회 온다”",Politics
선거 끝나자마자 '장동혁 책임론' 분출…당권파는 보호막,Politics
"서울 내준 鄭, 부산·울산 뺏긴 張…'책임론'에 리더십 흔들",Politics
"서울·평택을·부산북갑 놓친 정청래, 연임 가도 '빨간불'",Politics
"화려한 재기 한동훈, 보수 재편 중심에 서나",Politics
'12대 4' 성적표에 여야 쓴웃음...오세훈·한동훈만 활짝,Politics
“결코 일어나선 안 되는 선거 부실 관리”… 초유의 서울 투표용지 부족 사태,Politics
"친한계·비당권파, “장동혁 지도부, 지선 패배 책임지고 총사퇴하라” 공개 요구",Politics
"‘평택 토박이’ 유의동, 김용남·조국에 일격 가하고 4선 성공",Politics
"與, 중원·영남 공략 성과 속 서울선 '뼈아픈 역전패'…野는 마지노선 수성",Politics
“모자란 집단과 일 못해” 선관위 맹비판한 송파구 공무원,Politics
선거 끝나자 차기 총리 관심…정성호·강훈식 물망,Politics
"""6·3 지방선거, 국민의힘은 희망 있는 패배, 민주당은 희망 없는 승리""[박영환의 시사1번지]",Politics
"“민심은 천심, 거취 속히 정하라”…국힘서 ‘장동혁 사퇴론’ 분출",Politics
"오세훈·한동훈·유의동 중도 보수 3인 깜짝 선전, 장동혁은 흔들",Politics
'접전·경합'이라던 평택·부산 등 재보선 5곳 모두 내줬다,Politics
한동훈 복당 의지…“천년만년 무소속이면 이렇게 모이셨겠나”,Politics
"조국·진보·개혁신당, 아쉬운 지선 성적표…거대양당 벽에 막혀",Politics
"국힘 내부서 장동혁 사퇴요구…""거취 결정해야""",Politics
"버티는 장동혁, 복당하겠다는 한동훈... 국힘 내전, 이제 시작?",Politics
"로봇팔 매출 반토막…두산로보틱스, 기댈 곳은 '젠슨 황'",Politics
"평년보다 4만톤 더 쏟아진 양파…정부, 비축 82% 늘려 가격 방어",Politics
"중동전쟁에 소비자물가 3.1%…정부, 석유 최고가격제·비축 농산물 등 방출",Politics
"원·달러, 야간 거래서 1540원 육박…금융위기 후 처음",Politics
"'5 18 민주화운동 폄훼 논란' 스타벅스, 5월 카드 결제액 131억원 급감",Politics
"코인원, 한투·OKX·컴투스와 4자 연합… 글로벌 종합 금융사 출사표",Politics
美 현대차그룹 공장서 기아 스포티지 첫 생산,Politics
NXT ‘기술 탈취’ 의혹 무혐의…조각투자거래소 사업 본궤도 오른다,Politics
"7개월 만에 다시 방한한 젠슨 황, 국내 기업이 챙길 실속은",Politics
스페이스X “몸값 1조7500억 달러 목표” 사상 최대 IPO 초읽기,Politics
노조 권한 확대에 초점…'성과급 사태' 등 리스크 키웠다 [이재명정부 1년],Politics
반도체주 고공행진…'녹아웃' 없는 삼전닉스 ELD 등장,Politics
메모리 편향에 조합원 뿔났다... 삼성전자 최대노조 1.8만 명 탈퇴,Politics
"'OLED 초격차 승부' LGD, 대만서 게이밍 모니터 판 키운다",Politics
초프리미엄·AI 기술 탑재... 삼성전자TV '적수가 없다',Politics
동탄 국평 20억대 신고가…‘셔세권’ 수지·영통도 꿈틀,Politics
"LG이노텍·삼성전기, 베트남 반도체 기판 증설 투자 속도",Politics
"[단독] 스페이스X 공모주, 국내 ETF·공모펀드에 담긴다",Politics
생산·충전·모빌리티 연계…수소 생태계 승부수 띄웠다,Politics
"젠슨황, 내일 온다…'삼쏘 회동' 광폭 행보",Politics
"칼라일, 청호나이스 및 관계사 1조원에 인수한다...본계약 체결",Politics
최성안號 삼성重 '바다 위 테슬라' 잡았다… 20억 전략 투자,Politics
코스피 8600까지 후퇴…중동 리스크에 외국인 순매도,Politics
"'젠슨황株' 급락한 날, 코스닥은 날았다",Politics
신영證 주주환원 속도 … 1조 자사주 소각 결정,Politics
"[단독] LG, 엔비디아 블랙월 GPU 1만장 도입",Politics
메모리만 챙겼다… 직원들 불만에 삼성전자 최대 노조 과반노조 지위 상실,Politics
"‘2조원대’ SK 울산 AI 데이터센터 지분 매각, 이달 말 본계약",Politics
"김정수 삼양식품 회장, 장남 전병우에 17.1만주 증여 “경영권 승계 포석”",Politics
"""AI로 3배 먹는다""…SOXL 잇는 전투개미 픽 될까 [한경 프리미엄9 TODAY]",Politics
"스페이스X IPO 앞두고, 외환당국 집중 감시",Politics
[단독] 피지컬 AI 속도내는 LG…엔비디아와 전방위 협력,Politics
美 다음은 K-우주산업…우주 ETF 경쟁 치열,Politics
사막에 SMR…공사 석달만에 35m 시설 뚝딱,Politics
"에너지 위기설·美 추가관세 우려에 환율 급등…""쏠림 과해""",Politics
관세·유가 '겹악재'…환율 1540원대로 치솟아,Politics
"박현주 “운용사 성패, 킬러 프로덕트에 달려”",Politics
성과급 갈등에 1만8천여명 ‘우르르’…과반 무너진 삼성 초기업노조,Politics
“도대체 누굴 뽑으려고?” 기약없는 차기 수장 선임…NH證 ‘깜깜이 임추위’ 논란,Politics
[단독] 금융당국 ‘제재 불복’ 줄소송… 과징금 환급액 눈덩이,Politics
[글로벌 핫스톡]AIDC 핵심 광연결반도체 공급하는 마벨,Politics
加 잠수함 수주 비밀병기 된 ‘수소 트럭’,Politics
은행 연합군에 미래·한투까지…가상자산 거래소 품기 경쟁 ‘4파전’,Politics
"압구정 휩쓴 현대건설, 정비사업 '최대실적' 또 쓰나",Politics
“연내 나스닥 토큰화증권 거래…韓 가만히 있는 게 최대 리스크” [비트코인 서울 2026],Politics
"삼성이 따라잡는다? ""꿈 깨""...TSMC 회장 내비친 자신감, 근거는",Politics
"“외인 또 7조 던졌다” 삼전닉스, 지금 사도 될까요?…‘4가지 방법’ 추천",Politics
"집값 더 뛰고, 자산 격차 커졌다...""보유세 올릴 것"" [이재명 정부 1년]",Politics
"'자사주 부자' 신영증권, 1조원어치 소각하고 나눠준다",Politics
“삼전닉스 놓쳤다면 이 종목” … 1년새 180% 뛴 ‘반도체 설거지’ 기업 [반도체플러스],Politics
[건설사 자금조달 진단] 단기·고금리 조달 몰리는 SK디앤디,Politics
"7달 만에 2번째 깐부 회동, 한국과 AI 동맹 노리나? [이브닝 브리핑]",Politics
삼성·닉스 쉬어가자 소외주 볕 들었다…非AI·코스닥주 반등,Politics
“스트래티지의 비트코인 매도는 성장통…장기적으로 회복할 것” [비트코인 서울 2026],Politics
"‘삼전닉스’ 쉼없이 팔더니, ‘뉴 깐부’ 종목 폭풍 매수…외국인 투자 종목 살펴보니 [투자360]",Politics
"SK TNS 매각, 복수 우협 선정...팬택C&I·KCA캐피탈",Politics
"[단독] 중국 1위 양쯔메모리, 4년 만에 한국 재진출",Politics
'국민차 쏘렌토 꺾었다'…1위 등극한 수입차 정체,Politics
일반주주 동의 없는 주식교환 괜찮나…신세계푸드 사례가 던진 질문,Politics
"체급 달라진 韓증시…""상법개정이 일등공신""",Politics
[코인뉴스] 비트코인 6만 달러 방어전…시장 촉각,Politics
"'국민연금 vs 이재용 회장' 손배소 1심…法 ""청구 원인 정리해야""",Politics
AI 열풍의 역설...역대급 스마트폰 시장 '혹한기' 온다,Politics
"""이번엔 어떤 '소맥' 마실까""…젠슨 황 방한에 주류업계 들썩",Politics
홈플러스 37개 점포 결국 폐점…희망퇴직금도 남의나라 얘기,Politics
'칩' 대신 '공' 잡고… 젠슨황 잠실 뜬다,Politics
“주식으로 좀 벌어서 하나 샀어”…명품 매장 불티나자 백화점주 ‘신고가’,Politics
"""더존·리멤버, AI發 산업재편 승자될 것""",Politics
"""韓과 할 일 정말 많다""..젠슨 황과 K제조업, '우정'이 '동맹'으로",Politics
[질문에 답하다] 오세훈 연임에 정비조합 반색… 재건축 속도 더 붙을까,Politics
"[퇴근길머니] 관세·중동 악재에 코스피 '숨고르기'…환율 1,530원 돌파",Politics
"삼성전자 초기업노조, 과반 지위 상실…1.8만명 '썰물'",Politics
총수 회동부터 예능까지…젠슨 황 3박4일 '광폭행보',Politics
"'브로드컴 충격·금리인상 공포'에 흔들…닛케이, 1.36%↓[Asia마감]",Politics
"코레이트, 쿠팡 품은 '서오산 물류센터' 매물로…실수요자 '눈독'",Politics
"김정수 삼양식품 회장, 아들 전병우 전무에 주식 17만주 증여",Politics
"국민연금 '삼성 합병 손배소' 2차 변론…""청구 원인 정리해야"" 지적",Politics
삼성전자 초기업노조서 1만8천명 이탈…과반노조 지위 상실,Politics
"LG이노텍, '알짜' 반도체기판 2배 키운다",Politics
외국인 지분 51% 넘은 KT&G…美 퍼스트이글도 5% 주주로,Politics
"""떨어질 재료가 없다""…악재 겹치며 환율 1530원 재돌파",Politics
"""젠슨 황 믿고 들어갔는데""⋯방한 기대주 줄줄이 급락, 개미들 '패닉'",Politics
"특고·플랫폼노동 최저임금 적용 노사 공방…""불가피"" vs ""불가능""",Politics
"홈플러스, ‘돌연 휴점’ 점포 37곳 결국 폐점",Politics
"브라질, 원유 30% 증산…세계 5위 산유국 도약 예고",Politics
"30년 농약사업 접는다…OCI홀딩스, 베트남 사업 태양광 중심 재편[only 이데일리]",Politics
코스피 유가·금리·환율 ‘삼중고’에 8600선 후퇴,Politics
"[자막뉴스] 결국 '과반 저지선' 뚫린 노조…""DS 들러리 싫다"" 초고속 탈퇴 행렬",Politics
“고물가 못 버텨”…버거·커피까지 줄줄이 가격 오른다,Politics
“반도체 공급 부족 오래 간다”…자신감 넘치는 TSMC,Politics
"'불장' 환호 뒤에 ""곧 떨어진다"" 22조 베팅…공매도 몰린 종목은?",Politics
외국인 19거래일째 ‘삼전·닉스’ 55조 팔아…환율 급등 원인으로,Politics
"'매도 폭탄' 당장은 피했지만...국장 비중 30% 국민연금, 쿨링다운 나설까",Politics
코스피 주춤하자 6거래일만 반등…소외됐던 코스닥에 볕드나(종합),Politics
내일부터 '젠슨 황' 데이…관련주 단기 변동성 주목,Politics
“AI 혈관은 광(光)통신…100년 표준 구리선 한계 왔다”,Politics
"[투자 노하우] 달러·원환율, 13.3원 오른 1529.7원 마감…중동 영향 ",Politics
“월드컵 보는 줄”…초접전 개표에 ‘이것’ 매출 급증,Politics
"""라이더도 최저임금 달라""…성과급 가더니 도급제 '임금 폭탄'",Politics
석유 이어 전력시장도 가격상한제?… 김성환 “발전사 초과이익 막겠다”,Politics
원·달러 1530원···‘3고’ 고통도 자영업자·서민에 쏠린 양극화,Politics
여신협회장 두번째 '민간 출신' 낙점…협회 수장 'KB 출신' 약진(종합),Politics
차기 여신협회장에 '非관료' 이동철…보험 유관기관장 바로미터될까(종합),Politics
"홈플러스, 휴업 37개점 결국 문닫는다",Politics
"삼성전자 교섭 주도한 초기업노조, 1.8만명 탈퇴 러시…과반 지지선 무너졌다",Politics
[民출신 여신협회장 시대]① 낙하산 끊었지만…이동철의 무거운 어깨,Politics
"""페이커!"" 외쳤던 젠슨 황, 방한 중 이상혁도 만난다",Politics
야당 당선에 힘 빠지나…기업은행 대구 이전 향방은,Politics
"최태원, 엔비디아·TSMC·폭스콘 수장과 연쇄 회동…AI 동맹 넓힌다",Politics
"신영증권, 발행주식 32% 자사주 소각…주당 배당금 7500원",Politics
왜 원화만 유독 약할까…유가·외국인 매도세·관세 '삼중 압박',Politics
현대모비스 구조조정 갈등 지속…본사 사무직 반발에 국제 공방까지,Politics
"“그러게, 욕심이 과했어”…메모리 독식 성과급에 삼전 최대 노조 과반지위 상실",Politics
지난해 코스피 상장사 현금배당 52.8조…역대 최대,Politics
"최태원, 대만서 글로벌 IT 거두들과 연쇄 회동…AI 주도권 쥔다",Politics
"한달새 40% 오른 삼성그룹 ETF, 자금은 덜 오른 '여기' 몰렸다",Politics
코스피 쉬어가자 소부장에 돈 몰려…코스닥 2%대 상승 마감,Politics
삼성전자 최대노조서 1만 8천 명 이탈…과반노조 지위 상실,Politics
"젠슨 황, 내일 오후 방한 ""서울 종횡무진""…'2차 깐부회동' 성수·홍대·힙지로 어디?",Politics
"외인이 내다판 '100조'...""개미가 다 떠안아"" 우려 커진다",Politics
"2770.84→'8639.41'…이재명 대통령 취임 1년, 코스피 '212%' 뛰었다",Politics
"""진짜 1만피 가나요?""…증시 파격 전망에 개미들 3가지 의문",Politics
"주주환원나선 신영증권, 1조 자사주 소각하고 배당도 확대",Politics
'1500원대 환율' 이어지자 달러보험 인기 시들,Politics
"[애프터마켓 브리핑] 코스닥, 엿새만에 상승…활성화 대책 주목",Politics
"코스피 8,600선 후퇴...환율 장중 1,530원 넘어",Politics
"""HBM 가격 또 오른다""...삼성·하이닉스 '슈퍼호황' 예고",Politics
"'KB맨' 이동철, 여신금융협회장 내정…산적한 과제 속 민간리더십 시험대",Politics
'핵잠 논의 본격화·캐나다 60조 수주전'…K잠수함 위상 커진다,Politics
"현대차 노조 “AI 도입, 노동자 대체 수단 안돼”",Politics
"삼양식품 김정수 회장, 자녀에 대출 800억원·주식 20만주 증여",Politics
젠슨 황 만나는 기업들도 주가 떨어졌다…환율 1530원 직전,Politics
본 사업 보다 주식 투자가 낫네...코스피 랠리에 웃는 중소·중견기업,Politics
'1만피' 장밋빛 전망에도 곱버스 타는 개미들…기관·외국은 순매도,Politics
"신세계푸드 주주들, 대주주 뺀 '소액주주 다수결' 던졌다",Politics
"환율, 두 달여 만에 1,530원대…외국인 매도 속 고공행진(종합)",Politics
"SK온 '그리드온', 美 ESS 승부수…""이상징후 30분 먼저 감지""",Politics
"""단순 실수도 과태료 500만원?""…국토부, '허위·미끼매물' 중개 광고 기준 정비",Politics
DX·비메모리 이탈에…삼성 초기업노조 과반지위 상실,Politics
"한화오션, 정부·군 수뇌부 지원 사격… CPSP 수주 총력전",Politics
"삼성전자 초기업노조, 과반노조 지위 상실…성과급 갈등에 조합원 이탈",Politics
"""반도체 덕에 호황"" 백화점株, 명품 매출 확대 속 '신고가'(종합)",Politics
"거꾸로 가는 코스닥, 1000선 방어 안간힘…코스피 디커플링 '왜'",Politics
[오늘증시] 코스피 외인 매도에 8630선 후퇴…코스닥은 2%대 상승,Politics
외국인 지분 51% 넘은 KT&G… 블랙록 이어 美 퍼스트이글도 5% 주주로,Politics
“스타벅스 불매한다” 이 말 진짜였네…‘탱크데이’ 논란 후 매출 100억 줄었다,Politics
"전기요금, 지역별로 달라지나…김성환 ""차등요금제 곧 공개""",Politics
삼성전자 '과반 노조' 무너졌다…성과급 후폭풍에 '탈주',Politics
“불장에 마통을 왜 갚아요”…가계대출 새 뇌관에 금융당국 고심,Politics
스페이스X  글로벌 자금 '블랙홀'…상장 이후 코스피로 유턴 가능성,Politics
"한투운용, 스페이스X IPO 참여…“우주 ETF·펀드에 즉시 편입”",Politics
"최태원 SK 회장, 젠슨 황 이어 대만 TSMC·폭스콘 수장과 릴레이 회동…'AI 동맹' 광폭 행보",Politics
"고삐 풀린 환율, 1540원 육박…금융위기 이후 최고",Politics
"7개월만에 한국 찾는 젠슨 황, 삼겹살 회동·프로야구 시구 예고",Politics
"""온다 온다 7년째""…지방 혁신도시 마이너스 프리미엄 속출[부동산AtoZ]",Politics
[속보] 삼성전자 최대 노조서 1만8000명 이탈했다…‘과반노조’ 지위 상실,Politics
"AI 반도체 붐에 기판도 공급난…K-기판, 잇달아 증설 나선다",Politics
"캐나다, 넷플릭스 겨냥 OTT 규제 철회…트럼프 압박에 물러섰나",Politics
짙어진 금리 인상 시나리오… 'PF' 정리 남은 2금융권 긴장감↑,Politics
"아이엠티 ""HBM 세정장비 삼성전자에 공급 추진""",Politics
[마켓인]보험사 M&A 깜짝 흥행 예고…원매자별 셈법 보니,Politics
"셀트리온, 1000억원 규모 자사주 소각 완료…연내 주주환원 2조원 추진",Politics
김성환 “전기요금 인상 단계 아냐… SMP·LNG 사후 정산제 검토”,Politics
"""택배·배달기사도 최저임금"" VS ""최임위 권한 밖""…3차 최임위 노사 공방",Politics
‘1만피’ 기대에 빚투 열기도 최고조…신용잔고 40兆 시대 눈앞,Politics
"미지정 회계사 끌어안는 회계법인…전문가들 ""미봉책, 선발 축소 뒤따라야""",Politics
17년 만에 1530원 뚫렸다…'고환율 뉴노멀' 우려 확산,Politics
"홈플러스, ‘영업 중단’ 37개 점포 결국 폐점…3500여명 고용 불안",Politics
'탱크데이' 후폭풍 끝났나?…신세계 주가 불기둥,Politics
"'상장 1년' 달바글로벌, 자사주·배당 카드…20만원선 회복할까",Politics
"​연간 1조 원 조달하는데…오뚜기, 감시기구 없는 이유",Politics
젠슨 황 효과 끝났나…기대감에 뛰었던 LG·SKT·두산株 '와르르'(종합),Politics
"대형마트, 또 일요일에 못 가나...여권 교체 지자체 '긴장'",Politics
코인 거래 넘어 투자상품까지… 한투·OKX 손잡은 코인원,Politics
"삼성중공업, 4조원대 美 FLNG 수주 소식에 주가 '우상향' [주가동향] ",Politics
"'젠슨 황' 방한 D-1, 외국인 '깐부株' 줄줄이 매각 (종합)",Politics
'희귀질환藥' 꼬리표 떼는 RNA치료제…적응증 확장 본격화에 존재감↑,Politics
선거 끝나자 분양 큰장…6월 4만가구 쏟아진다,Politics
"[르포] 아모레·LG생건 짐싸고, 고기 매대엔 도마만…에어컨마저 꺼진 홈플 ‘청산 공포’",Politics
"TSMC 회장, ‘향후 수년간 TSMC 성장 확신’",Politics
기존 호황에 AI 더했다…K-조선 '슈퍼사이클 시즌2' 기대감,Politics
스페이스X 상장 임박…주목받는 韓 태양광,Politics
"엘앤에프플러스, 국민성장펀드서 '2200억' 지원 확정…LFP 양극재 양산 본격화",Politics
삼성전자 최대노조서 1만8천명 이탈…과반노조 지위 상실,Politics
"코스피, '역대 두번째' 외인 순매도에 8,630선 후퇴…코스닥 2%대↑(종합)",Politics
"""정부가 3000억 건 백신""…21가 폐렴구균 백신에 쏠리는 기대감",Politics
"김성환 기후장관 ""지역별 전기요금 곧 공개..산업용 요금 하향해야""",Politics
"상장 후 32% 빠진 케이뱅크, 보호예수 1차 해제 'D-1'",Politics
"KODEX 200, 순자산 30조원 돌파…국내 ETF 최초",Politics
여신금융협회장에 이동철 전 KB금융 부회장 내정,Politics
젠슨 황 5일 방한…'삼겹살 회동' 이어 판교행 전망,Politics
K증시 전 세계 13위에서 6위로…1년새 코스피 앞자리 6번 바뀌었다,Politics
배달라이더 최저임금 본격 심의…노사 정면충돌,Politics
"""겁없는 개미, 다 받아내"" 외인 7조 매도폭탄 '방어'...빚투 눈덩이",Politics
"'첨단 반도체 기판' 삼성전기, 삼전닉스 제치고 검색 1위로 [빅데이터로 본 재테크]",Politics
"오세훈 재선에 정비사업 기대감↑…""집값 변수는 결국 정부 정책""",Politics
"AI 시대 최대 자금 블랙홀…스페이스X, 코스피 자금도 빨아들이나",Politics
"외국인 7조 폭탄에 코스피 털썩…환율 1,530원",Politics
"신영증권, 1兆 자사주 소각 결정…'주주환원' 보폭 넓힌다",Politics
"삼성물산, 신고가 새로 쓰고 10% 급등 마감[핫스탁](종합)",Politics
[마켓뷰] ‘삼전닉스’ 쉬어가자… 차익실현·순환매 나타난 증시,Politics
스페이스X 국내 공모 물건너갔다…사모 방식 유력,Politics
반도체 소부장 강세에 모처럼 웃은 코스닥…코스피는 숨고르기,Politics
코스맥스 신용등급 상향… 공모채 시장 등판 가능성 주목,Politics
"코스피, 외인 7조 순매도에 1.8% 하락…코스닥은↑[마감]",Politics
외인 7조 던졌다…코스피 1.8% 하락에 환율도 1530원 목전,Politics
"김성환 장관 ""국제 경쟁 위해 산업용 전기요금 하향 안정화해야""",Politics
"“무주택자 기회라더니”…42억 반포 아파트, 85억에 팔린 이유",Politics
"코인원 ""종합 금융사로 도약""…한투·OKX와 4각 동맹 출범 [현장+]",Politics
"인터엑스 싱장 예심…기존 투자자 ""공모 분위기 좋아 구주 안판다""",Politics
"[단독]HD현대重 ""4대 보험 미가입 하청 직원, 출입 금지"" 초강수",Politics
'외부출자·해외투자 족쇄' 풀리나…잠잠했던 CVC 설립 다시 꿈틀,Politics
"김성환 기후장관 ""전기차 보조금 추가배정 추진…전기료 인상 상황 아냐""",Politics
"교보생명, 불어난 해약환급금준비금 1.8조…기본자본에 미칠 파장",Politics
김성환 “中과 경쟁하려면 산업용 전기요금 내려야”,Politics
'삼전닉스' 쉬어가자 '드디어 기회왔다'…소부장 20% 날았다,Politics
"코스피, 삼전·SK하닉 숨고르기에 8630선 후퇴…삼성물산 10%↑",Politics
"기후장관 ""산업 전기요금 하향 필요…지역별 요금제 곧 공개""",Politics
"기후장관 ""산업용 전기요금 부담 낮출 것""…LNG 급등엔 '폭리 방지'""",Politics
한투·OKX·컴투스·코인원 ‘4자 동맹’…“제도권+디지털자산 묶는 허브 구축“,Politics
“고유가도 벅찬데 환율 1530원 시대는 또 처음”…금융위기급 악재에 우는 항공업계,Politics
신영증권 자사주 526만주 소각…배당금도 50% 올렸다,Politics
젠슨 황 내일 전세기로 김포공항 입국…삼겹살 회동에 시구까지,Politics
"美 행동주의 펀드 달튼, 슈프리마 주요주주 등극…주주활동 나서나",Politics
外人 '셀코리아' 언제 멈추나…코스피서 19일째 '팔자'에 66조 순매도(종합),Politics
코스피 상장사 지난해 배당금 52.8조원 ‘역대 최대’ [투자360],Politics
“침체 길어지면서 장기 투자자도 팔았다”…앞으로도 계속?,Politics
홈플러스 휴업 37개점 ‘폐점’ 결정…근무 인원만 3500명,Politics
"덴마크, 40년 만에 SMR 도입 추진한다",Politics
외인 매도 폭탄에 주저앉은 코스피…코스닥은 6거래일만 반등,Politics
'5선 성공' 오세훈 테마주 일제히 강세…진양화학 '상한가'(종합),Politics
"""한 푼도 못받고 나가나"" 홈플러스 37곳 폐점 통보..직원 3500명 운명은?",Politics
"엔비디아·TSMC 이어 폭스콘까지…최태원 회장, 대만서 'AI 동맹' 광폭 행보",Politics
찬밥 신세였는데…예별손보·KDB생명 인수전 왜 불 붙었나,Politics
美 석유재고 22년만에 최저…유가 상승 뇌관,Politics
지인 명의로 농지 구입해 수억원 차익…양도소득세 나오자 잠적,Politics
두 달 만에 1530원 뚫은 환율…당국 구두개입에 1529.7원 마감(종합2보),Politics
6.3 지방선거 최대 승부처 ‘서울 시장’ 선거…부동산 민심이 갈랐다,Politics
“스페이스X 상장 전 이것 사라”…6월말 돈 버는 단타 종목,Politics
“적당히들 하입시다”…BTS도 지적한 ‘숙박 갑질’ 손 본다,Politics
6월은 해외자산 신고의 달…5억 초과 해외계좌 신고 필수,Politics
중국 자본 논란에 멈춘 이지스 M&A…칼라일·태광 다시 나오나,Politics
"SK실트론 매각 협상 장기화 왜…""반도체 호황에 달라진 몸값이 변수""",Politics
"브룩필드, 2030년까지 한국 AUM 최대 30조 원까지 늘린다",Politics
압구정·성수 삼킨 현대·GS…상반기 15조 ‘양강 체제’ 굳혔다,Politics
"이동철 전 국민카드 대표, 차기 여신협회장 최종 후보로 낙점",Politics
“전자파 무서워” vs “법 지켜도 막막”…주민 반발에 갈 곳 잃은 데이터센터 [안다솜의 家봄],Politics
최저임금위 3차 전원회의...“플랫폼 노동자 보호해야” vs “법적 근거·현실성 부족”,Politics
오리온 노조 오늘부터 부분파업…업계 최고 연봉에도 갈등 왜?,Politics
"홈플러스, 휴업 37개점 문 닫는다…희망퇴직 실시",Politics
"홈플러스 불똥…LG전자, 베스트샵 빼고 '직접 운영' 총대",Politics
AI까지 동원한 보험사기 횡행 지적에…금융당국 칼 빼들었다,Politics
스벅 '부활'에 셈법 복잡해진 신한카드…제휴카드 출시 '촉각',Politics
"티빙, 합병 공전 속 정보 유출까지 '첩첩산중'…돌파구 찾을까",Politics
젠슨 황 방한에 게임株 수혜…엔씨·크래프톤 주목,Politics
"서울 전세, 빌라마저 올랐다…15년 만에 최대 상승률 [부동산360]",Politics
"국세청 칼 빼들자 슈퍼카 시장 '흔들'…""법인차 수요 급제동""",Politics
원달러 환율 13.3원 오른 1529.7원 마감... 튀르키예 리라보다 더 약세,Politics
"오스코텍, '조기 LO모델' 유지…'항내성·섬유화'로 재편 [현장+]",Politics
"팀코리아, 4조원 규모 美 루이지애나 FLNG 해양플랜트 수주",Politics
"가온전선, 美 데이터센터 전력망에 ‘송전용 케이블’ 첫 공급",Politics
"홈플러스 노조 ""점포 마구잡이 폐점…유암코 개입 약속 이행해야""",Politics
"LG이노텍, 베트남 반도체기판 공장 증설…3조 사업 키운다",Politics
"'탱크데이' 후폭풍 끝?… 스타벅스, '카톡 선물하기' 1위 탈환",Politics
"'황제주' LG이노텍·삼성전기, 베트남 반도체 기판 증설 투자 속도",Politics
"모건스탠리 ""메모리 병목, '칩플레이션' 야기""",Politics
AI 심장부 찾은 최태원…젠슨 황·TSMC·폭스콘 연쇄 회동,Politics
선거 뒤흔든 부동산…매매·전월세난에 집주인도 임차인도 여당 견제,Politics
반도체 동맹 직접 챙기는 최태원…폭스콘 류양웨이 회장과도 회동,Politics
‘젠슨 황 효과’ 이번엔 삼겹살·소주?…유통업계 기대감 고조,Politics
“주담대 막히면 사업자대출로”…집 살 때 이런 말 못한다는데,Politics
BTS특수 악용 '숙박갑질' 차단…요금인상 노린 취소는 2배 배상(종합),Politics
"SK온, 美서 차세대 ESS ‘그리드온 Gen2’ 처음 선봬",Politics
엔비디아 젠슨 황 CEO 오늘 방한... 국내 기업 총수들과 연쇄 회동,Politics
"[단독] 삼성 패키징 개발직 ""강제 전배로 불이익""...조직 복귀 요구",Politics
"환율 장중 1,530원 넘어‥코스피 하락",Politics
"‘성과급 후폭풍’ 삼성전자 초기업 노조, 과반 노조 지위 상실",Politics
"젠슨 황, '로봇 강자' 두산도 찾아...피지컬 AI 협력할 듯",Politics
"공정위 ""넥스트레이드 기술 탈취는 없었다""",Politics
"최태원 SK 회장, 대만서 광폭 행보... 폭스콘 회장까지 만났다",Politics
"넥스트레이드, 기술 탈취 의혹 벗었다…조각투자 거래소 4분기 개설 속도",Politics
"LGD, 게이밍 OLED 초격차 확대…글로벌 고객사에 차세대 기술 공개",Politics
스타벅스 결제금액 더 줄었다…'탱크데이' 논란 후 2주간 107억 감소,Politics
"낡은 것은 죽고, 새것은 오지 않은 ‘괴물들의 시대’…포퓰리즘이 그 틈을 파고들었다”",Politics
"코스피 상장사, 작년 현금배당 52.8조 ‘역대 최대’…배당성향 42% 훌쩍",Politics
"한투운용 ""스페이스X IPO 참여…우주ETF·펀드에 바로 배정""",Politics
"한투·OKX·컴투스 손잡은 코인원…""디지털금융 판도 바꿀 것""",Politics
서울 집값 2주째 0.25% 상승…올해 전세 상승률 지난해 6배,Politics
기업인 출신 'AI 전문가' 하정우·'반도체 전문가' 양향자 나란히 고배,Politics
‘쪼개기 상장’ 주주행동 나선 액트…다산네트웍스·휴온스글로벌 의결권 확보 나서,Politics
"'4자 연합' 코인원 ""종합 금융플랫폼 도약""",Politics
"코인원 품은 한투증권 ""재무적 투자 아닌 전략적 투자 일환…가상자산 허브 될 것""",Politics
"""따라잡겠다고? 꿈 깨라"" TSMC 회장, 삼성 추격 가능성 일축",Politics
"[메자닌 투자파일] 삼미금속, 상장 이후 첫 CB…고부가 시장 정조준",Politics
"HD건설기계, 유럽 군 조달 첫 대규모 수주…폴란드에 불도저 공급",Politics
"""희귀 혈액질환 시장 넓힐 파트너""⋯오스코텍, 아지오스 선택한 이유[현장]",Politics
"외면받던 노원 재건축, 강북 정비사업 최대 격전지 될까",Politics
"LG디스플레이, 최상위 ‘게이밍 모니터’ 대만서 첫선",Politics
대구경북 홈플러스 5개 지점 결국 폐점… 희망퇴직도 단행,Politics
연준 내 늘어나는 매파…친트럼프 인사마저 금리 인상 가능성 시사,Politics
SK하이닉스 선물 40조 쌓였다… 단일종목 ETF 열풍에 커지는 변동성 공포,Politics
"우버, 로보택시 판 다시 뛰어든다…누로에 5억달러 베팅",Politics
"금감원, 홍콩 ELS 과징금 대폭 낮춘다... 1.4조→6000억원으로 감경",Politics
"‘12.5%’ 301조 추가 관세…정부, 미국에 “기존 합의 틀 내에서 협의해야”",Politics
"대한전선, 영국서 650억 규모 초고압 케이블 수주",Politics
"젠슨 황 CEO, 내일 오후 5시20분쯤 전세기로 김포공항 도착",Politics
"[속보]젠슨 황, 내일 방한…‘삼겹살 회동’ 등 한국서 광폭 행보",Politics
"증권사 인수 숙원 안은 OK금융, 예별손보로 종합금융 발판 마련하나",Politics
"렉라자 이을 신약 찾는다…오스코텍, 항내성 항암제 개발 집중",Politics
"젠슨 황 5일 입국, 올해는 ‘삼겹살 회동’",Politics
"젠슨 황, 5일 오후 방한…구광모·이해진과 회동할 듯",Politics
"[단독]젠슨 황, LIG D&A 방문 검토..방산·피지컬AI 협력 논의",Politics
"스페이스X 투자의 모든 것…얼마에, 어떻게 살까 [QnA]",Politics
“실손보험 보장 줄어든다고?”…‘추가 상품 가입 유도’ 마케팅 활발,Politics
"젠슨 황, 내일 오후 한국 입국…재계 총수들과 만찬 예정",Politics
용산·과천·성남 줄줄이 野 단체장…1·29  공급대책 ‘가시밭길’,Politics
홍콩ELS 과징금 8000억 축소 기류…은행권 '즐거운 비명' 지르나,Politics
KB운용 'RISE 현대차고정피지컬AI ETF' 순자산 5000억 넘어,Politics
"젠슨 황, 내일 나흘 일정 방한…촘촘한 일정, 서울대생도 만난다",Politics
"BTS 공연 '숙박 바가지' 막는다…""예약 취소 땐 200% 배상""",Politics
"셀트리온, 1천억 규모 자사주 소각 완료…주주환원 '속도'",Politics
"한층 깊어진 블랙으로 몰입감↑…LGD, 대만서 차세대 기술 대거 공개",Politics
"""국평 20억 시대"" 동탄 신고가, 일산은 4억 '뚝'...집값 엇갈린 이유",Politics
"젠슨 황, 잠실 마운드 오른다…두산과 AI 동맹 강화",Politics
"'20% 지분 규제' 대비했나…코인원, 한투·OKX 끌어들여 지배구조 재편",Politics
"한투, 왜 빗썸 아닌 코인원 택했나…""뚫린적 없는 보안성""",Politics
"젠슨 황, 5일 오후 5시20분 김포공항 입국…재계 총수들과 회동(종합)",Politics
"젠슨 황, 내일 오후 5시 전세기로 김포공항 입국…총수들 만난다",Politics
"""1만피 간다"" vs ""조정장 온다""…지선 끝난 국장, 어디로 갈까",Politics
"한투·OKX, 국내 3위 거래소 코인원 공동 3대 주주 합류",Politics
"효성, 창사 60년만에 첫 ‘사무직 노조’ 초읽기…노사 리스크 급부상 [only 이데일리]",Politics
"금감원, 실손보험 적자 2조원 육박…비급여 보험금 절반 넘어",Politics
소외됐던 코스닥의 반격…6거래일 만에 반등[마켓시그널],Politics
AI·반도체 잭팟에…지난해 백만장자 200만 명 더 쏟아졌다,Politics
"""20살 맞은 DSM, AI 품었다""… 시놀로지 '프라이빗 AI 플랫폼' 선포 [컴퓨텍스 2026]",Politics
"'삼전닉스'가 끌어올린 한국기업 순이익, 18년 만에 일본 추월 전망",Politics
BTS 공연 앞두고 ‘숙박 취소’ 갑질…계약금 환급·200% 배상 추진,Politics
‘반도체 벨트’ 동탄 아파트값 ‘쑥’… 서울은 상승률 그대로,Politics
예별손보·KDB생명에 높아진 ‘관심’… 매각 장수생 이번엔 팔릴까,Politics
비트코인 하락에 알트코인도 '흔들'…솔라나 5% '뚝'[특징코인],Politics
꺾이지 않는 서울 집값…전세는 더 뛰었다,Politics
"젠슨 황, 내일 17시 김포공항 통해 입국…‘소맥 회동’부터 잠실 시구까지",Politics
"삼성전자, 1분기에도 글로벌 TV 시장 1위…21년 연속 1위 눈앞에",Politics
"컴투스홀딩스, 코인원·한투·OKX와 디지털 금융 혁신 도전",Politics
젠슨 황 5일 입국 '삼겹살 회동'…피지컬 AI 동맹 韓 낙점(종합),Politics
"K-바이오, 상반기 기술수출 질주…13조원 달해",Politics
"정부 ""올해 물가 '한은 전망치 2.7%' 크게 안 벗어날 듯""(종합)",Politics
"“BOJ, 이달 금리 올린다”…엔저·물가에 연내 추가 인상 무게",Politics
"젠슨 황, 내일 전세기로 방한…나흘간 한국서 광폭 행보(종합)",Politics
한화에어로 전 사업장 '올스톱'...수주 제동 우려도,Politics
"""다이어트 성수기 왔다"" 비만ETF 기지개",Politics
"[속보] 젠슨 황, 내일 오후 입국…전세기 타고 김포공항 도착",Politics
"홈플러스, 영업 중단 37곳 매장 폐점한다…""M&A 위한 결정""",Politics
AI 기대주 日 소프트뱅크 10% 급락…차익실현 매물 쏟아져,Politics
"한국투자證 ""주식-가상자산 투자 상호연결 추진""",Politics
[비트코인 지금] 이란전쟁 이후 최저 수준 '뚝',Politics
이마트도 태국산 계란 판다…‘계란값 부담’에 수입란 확대,Politics
"3만 원대 매입 적중한 이한우 대표, 14만 원대서도 담았다… 현대건설 경영진 자사주 매입",Politics
동탄발 집값 상승세…경기 남부 집값 달군다,Politics
"[티타임] 코스피, 8700선 숨 고르기…코스닥은 2%대 상승세",Politics
"“AI 산업, 더 빠른 HBM 더 큰 GPU보다 오케스트레이션 주목”",Politics
“AI 투자 더 해야”…알파벳 20년만에 130조 유상증자,Politics
오세훈 “새벽 5시 승리 직감...GTX 개통 최우선 과제로”,Politics
"HD현대일렉, 친환경 기기 개발 끝냈다…""유럽 공략""",Politics
[ETF 따라잡기] 中 '유니트리' IPO 통과 관련 ETF 관심 가져볼까,Politics
"[셀럽의 한 수] 환율 1,530원까지 터치 ""뉴노멀, 적응하게 될 것""",Politics
메타 새 AI 모델 API 언제 나오나…개발자 배포 또 지연,Politics
"엔비디아 젠슨 황·두산 박정원, 잠실 마운드서 'AI·로봇 동맹'",Politics
"""잠시 휴업이라더니""…홈플러스 37개 매장 결국 폐점",Politics
‘상록수’는 끝나지 않았다…ABS 시장서 커지는 부실 이전 구조,Politics
젠슨 황 시구·박정원 시타…잠실서 만나는 엔비디아·두산 'AI 동맹',Politics
"HD현대, 캐나다 잠수함 수주전 계열사 '종합 패키지' 승부",Politics
"트럼프 행정부 공직자들, 스페이스X에 수백만 달러씩 투자",Politics
"성수4지구 재개발, 시공사 선정 절차 제동…'이주비 20억' 적법성 검토",Politics
"코인원, 한투증권·OKX 품었다…""디지털금융 4자 연합 출범""",Politics
"젠슨 황, 5일 오후 김포로 입국…中 맞설 피지컬 AI 동맹 韓 낙점",Politics
석유 최고가격제 석 달차…정유업계 손실보전 '줄다리기',Politics
"탈벅 이제 끝났나...스타벅스, 카톡 선물하기 1위 올라",Politics
"젠슨 황 수혜주 따라탔다가...""하루 만에 -14%"" 불나방 개미 눈물",Politics
"美재무 ""인플레는 일시적""…코로나발 9% 물가 오판 악몽 잊었나",Politics
쏘렌토·그랜저 다 꺾었다…테슬라 ‘모델Y’ 첫 국내 판매 1위,Politics
"[현장] ""거래소 넘어 금융 플랫폼으로""…코인원의 승부수",Politics
BTS 공연 ‘숙박 바가지’ 막는다… 예약 취소 땐 200% 배상,Politics
"최태원, 엔비디아 이어 TSMC 수장과 회동…AI반도체 동맹 공고화",Politics
부동산 대란에 돌아선 서울 민심…1년 만에 吳 역선택했다,Politics
"조각투자거래소 예비인가 NXT, '스타트업 기술탈취' 의혹 벗었다",Politics
"오스코텍 ""1조 규모 기술이전 계약…3년내 또 다른 성과 낼것""",Politics
최근 유가가 배럴당 100달러를 넘지 않는 3가지 이유,Politics
"보령 ""공정위 '탁소텔 복제약' 매각 조치 성실히 이행할 것""",Politics
"젠슨황, 내일 김포공항 입국 후 곧바로 성수동 식사자리 간다",Politics
"""임상 3상 벽 넘었다""…오스코텍, 최대 1조 기술수출 성사",Politics
코스피 주춤하자 6거래일만 반등…코스닥 스포트라이트 받나,Politics
[6·3 지방선거]진보 교육감 10명 당선…수도권 싹쓸이하며 우위 회복,Politics
"[단독] 현대차·기아, 美 현지화 지수 토요타 제쳤다…1년 새 2배 급등",Politics
통장 가압류돼도 월 250만원 사수…일반인도 가능한 ‘생계비계좌’ 활용 가이드,Politics
"英·美 전력고속도로, K케이블 깐다…대한·가온 대형수주 잇따라",Politics
"'휴업' 상태 홈플러스 37개 매장, 결국 폐점 수순",Politics
"회생계획안 시한 D-30…홈플러스 매각·폐점 본격화, 노조는 무기한 단식",Politics
"“美, 한국산 관세 15% 안 넘긴다”...김정관 장관 “작년 합의 수준 준수 확인”",Politics
"오스코텍 ‘세비도플레닙’, 좌초 위기 딛고 ‘1兆 수출’로 부활…“2030년 이전 허가 기대”",Politics
'성과급 부촌' 동탄 0.60% 급등…강남 상승률의 3배,Politics
"'우회상장' 면했지만…휴온스그룹, 규제 문턱 넘을까",Politics
"머스크, 세계 첫 ‘조만장자’ 눈앞…스페이스X 기업가치 2700조 도전",Politics
"투자 고수들, 반도체 소부장·로봇 집중 매수…대형주 온기에 소부장 몸값 껑충",Politics
"한동훈 '친정 복귀 초읽기'···장동혁, 사퇴론 일축 ""새 길 찾겠다""",Politics
한성숙 총리설에 기대감 높아지는 중기부 “규제혁신 속도 날 듯” [중기+],Politics
"[단독] “DSR·총량 규제 안 걸려요"" 사내 대출 급증...5년 만에 2배 불어나",Politics
"젠슨 황 이어 TSMC까지…SK 최태원 회장, AI 반도체 동맹 속도",Politics
음식·숙박 바가지 ‘원스트라이크 아웃’…일방 취소시 200% 배상,Politics
선거 끝나자 환율 1530원 직행…“1500원대 뉴노멀 될라” 우려,Politics
“미래 성장·수주 경쟁력 자신감”…현대건설 대표이사 자사주 매수 행렬,Politics
"서울 아파트 전세 0.29%↑, 한 주 만에 상승폭 커졌다",Politics
롯데택배 '신급지체계' 갈등…노란봉투법 시대 첫 '원청 교섭' 시험대,Politics
"메타, 새 AI 모델 API 공개 연기 지속…수익화 언제쯤?",Politics
삼성 성과급이 쏘아 올린 공?… 동탄 아파트값 0.60% 역대급 상승,Politics
서울 아파트값 0.25% 상승…반도체 호재에 동탄 '고공 행진',Politics
8개월 만에 국평 1억6500만원 '껑충'…치솟는 동대문 집값,Politics
“오세훈 당선에 걸어 2.4억 벌었다”…‘역대급 베팅’ 화제,Politics
'반도체의 힘' 동탄 집값 또다시 상승률 1위...과천은 한달만에 하락,Politics
“두 달 만에 2억 뛰었다” 삼전닉스 ‘셔세권’ 동탄 집값 상승 수도권 1위 [부동산360],Politics
"새 최대주주 맞은 서울전자통신, 자회사 매각 계약금 반환에 반대매매 리스크까지",Politics
반도체 벨트 동탄 ‘불기둥’…강남3구도 강보합,Politics
[속보]동탄 집값 나홀로 질주…서울 숨고르기에도 0.60% 급등,Politics
外人 5조 이상 팔았다…코스피 1%대 약세,Politics
"정부, BTS 부산공연 앞두고 '바가지요금' 합동점검…적발 시 세무조사",Politics
"서울 아파트 전셋값 오름세, 매매 또 추월…동탄 아파트값 전국 최고 상승[부동산AtoZ]",Politics
서울 아파트값 2주째 0.25%↑…올해 전세 상승률 작년의 6배,Politics
BTS공연 '숙박갑질' 손본다…가격인상 취소시 '요금 200%' 배상,Politics
"더 비싸게 팔려고 숙박예약 파기하면 방값 2배로 물어낸다…정부, 숙박업 '꼼수 취소'에 배액배상 제도 도입",Politics
"예약 취소시 숙소요금 200% 배상…정부, 바가지 근절 총력전",Politics
"반도체 '빚투' 작년보다 3배 불어나…""공포심리 확산 경계""",Politics
"美 301조 압박에 김정관 ""15% 관세상한 재확인""…EU 철강쿼터 확보전",Politics
"포커스에이아이, 80억원 유증 납입 완료 ""AI 물리보안솔루션 성장 본격화""",Politics
"오스코텍 ""면역질환 치료제, 2030년 3상 진입 목표…상용화 속도""",Politics
"코스피, 장중 약세 지속…코스닥은 2%대 강세",Politics
"‘팀코리아’, 4조원 규모 美 FLNG 해양플랜트 사업 따냈다",Politics
"[오후장 체크포인트] 브로드컴 어닝 후 '비틀' ""펀더멘털 이상무""",Politics
‘필라델피아반도체3배’ 팔고 ‘삼전닉스2배’ 살래,Politics
은행 ELS제재 수위 절반으로 '뚝'…선거 후 '이재명식 금융' 속도조절?,Politics
"코스피, 8700선 횡보…외국인 '매도 폭탄'",Politics
"KB자산운용 ‘RISE 현대차고정피지컬AI ETF’, 13일 만에 5천 억 돌파",Politics
"[단독]앤스로픽 AI 기술 임원, 16일 네이버 본사 찾는다",Politics
해외계좌 5억원 넘으면 이달 말까지 신고해야…미신고 시 과태료 10%,Politics
“올해만 583% 급등”…일학개미 1픽은 ‘키옥시아’,Politics
"""국감 방어용?""…보수적 잣대에 신생사 추풍낙엽",Politics
"양재역 앞 3룸 월 70만원, '호반써밋 양재' 8일 청약",Politics
"""스페이스X, 공모가 135달러에 기업가치 2686조원 목표""... 역대 최대 IPO 추진하나",Politics
'쟁의행위금지' 항고심 앞둔 삼성바이오…'연속공정' 중요성 인정될까,Politics
韓 제약·바이오 상반기 글로벌 기술수출 13조원 돌파,Politics
오세훈 5선·용산구청장도 국힘…용산 8000가구안 힘 받나,Politics
"""中 OLED, 격차 상당""…LGD, 13년 노하우로 게이밍 모니터 공략(종합)",Politics
"'李대통령 명예훼손' 모스탄 출국정지 유지…""수사상 필요""",Politics
홈플러스 휴점 37개 점포 결국 폐점...희망퇴직 통보,Politics
'5선 오세훈' 강남·용산 개발 속도 붙나…남은 과제는 '사업성',Politics
‘부의 효과’ 기대에 백화점株 질주…신세계 16% 급등[줍줍리포트],Politics
"TSMC CEO ""AI칩 공급난 수년간 지속…수요 못 따라간다""",Politics
"코인원·컴투스·한투·OKX 4자 동맹…""글로벌 종합 금융 플랫폼 도약 목표""",Politics
"또 5.6조 던졌다...외국인, 코스피 19일 연속 '팔자' 환율도 '쑥'",Politics
"[직설] 6.3 지방선거, 여당 압승 속 서울시장 오세훈 당선…서울 집값 영향은?",Politics
[시장 따라잡기] 엔비디아 '휴머노이드 동맹' 합류할 국내 기업은?,Politics
AI 투자 확산에 반도체 밸류체인 주목…ACE ETF 맞춤형 라인업,Politics
"입사 동기 수익률 보고 '헉'…""굴려라"" 퇴사일이 달라진다",Politics
"스맥, 최영섭 회장·권오혁 대표 자사주 장내 매수",Politics
"미국 실효관세율, 10대 수출국 중 한국 6위…일본보다 낮아",Politics
정부 개입도 안 통했다…원·달러 환율 1530원 돌파,Politics
"김성환 한투증권 사장 ""코인원, 단순 재무투자 아닌 전략적 투자""",Politics
"“세계 1위 기술력으로 협력”…HD현대, 加잠수함 수주 총력 지원",Politics
"홈플러스, 잠정 영업 중단 37개 점포 결국 폐점키로",Politics
"김정관, 러트닉과 화상면담 ""한국 관세, 15% 상한선 재확인""(종합)",Politics
"스맥, 회장·대표이사 자사주 장내매수…“반도체·로봇 기반 성장 자신감”",Politics
삼성바이오 가처분 항고심 내일 첫 심문…‘24시간 연속공정’ 전체로 파업 금지 확대될까,Politics
코인원·한투·OKX·컴투스 “새로운 디지털자산 금융 패러다임 제시” [크립토360],Politics
"TSMC 회장, AI 자신감…“향후 수년간 공급 부족 지속”",Politics
초기 자금 부담 낮춘 '신혼희망타운'…신혼부부 내 집 마련 '숨통',Politics
"삼성전자, AI發 낸드 호황 속 1위 수성…1분기 점유율 29%",Politics
"오스코텍 ""세비도플레닙 2030년 전 상용화 기대…로열티 7~15%""",Politics
"셀트리온, 1000억원 자사주 소각 완료…연내 누적 2조원 목표",Politics
선거 숙제 끝낸 李정부…시장에 내밀 부동산 '규제 청구서'는 [QnA],Politics
"글로벌 ETF 428조 굴리는 미래에셋…박현주 ""미래는 ETF에 있다""",Politics
[6·3 지방선거]청와대 출신 7인 희비…우상호 강원 탈환·하정우 고배,Politics
오스코텍 “내년에 기술 수출 물질 임상 3상 돌입…29년까지 추가 기술 이전 추진”,Politics
"삼전닉스 무섭게 뒤쫓는 중국…""1년 새 매출 445% 폭증""",Politics
"커피 2천 원도 무너졌다…선거 끝난 6월, 외식물가 줄인상",Politics
"60조 캐나다 잠수함 승부수… HD현대, 에너지·건설기계까지 총동원",Politics
"LGD의 자신감 ""中 OLED 추격? 아직 상당한 격차""",Politics
선거 끝나자마자 ‘봉인 해제’… 홍콩ELS 과징금 8000억 깎아준다,Politics
美 비축유마저 바닥 보인다…월가 덮친 '재고 공포',Politics
"잠실7동 ""개표해야 오세훈 당선확정"" VS. ""선거 무효""",Politics
"업비트·빗썸 양강 흔들까…코인원, 한투·OKX 업고 '디지털금융' 승부수",Politics
"달리오 ""AI 버블, 결국 터진다"" 경고…브로드컴 전망 '삐걱'",Politics
"[경제 포커스] 韓 경제 좋다는데...원화 가치, 달러-위안화-엔화 대비 모두 약세",Politics
[경제읽기] 6·3 지방선거 후 증시·부동산 전망은?,Politics
"젠슨 황, 두산베어스 경기 시구…박정원 두산그룹 회장 시타 화답",Politics
"韓美 관세협상 효과…韓, 대미 실효관세율 순위 3위→6위",Politics
"투석·이식 말고 답 없던 콩팥병…릴리, 2조9000억 원 베팅 이유",Politics
"최태원 회장, TSMC 회장과 회동…반도체 '삼각동맹' 굳힌다 [컴퓨텍스 2026]",Politics
박현주 미래에셋 회장 “킬러 프로덕트로 글로벌 영토 확장”,Politics
배달·택배기사도 최저임금 적용되나…최임위 논의 촉각,Politics
"“부장 된지 한달도 안됐는데요”…정몽구 회장, “이제부터 이사 해”",Politics
"본사 이전 확정한 HMM 매각 재개하나… 산은, 사용가치 평가 작업 착수",Politics
"정몽구 회장, 이사가 고속 승진 사양하자 기발한 방법으로…",Politics
"양자컴퓨팅 대장주 노리는 퀀티넘…IPO 흥행, 오늘 밤 나스닥 상장",Politics
"젠슨 황, 왜 또 한국 총수들 찾나...'AI 깐부' 2라운드",Politics
만두·햇반 다음은 김밥…CJ의 '카테고리 확장 공식',Politics
수입차 2대 중 1대 전기차…테슬라가 끌고 BYD가 보탰다,Politics
비트코인 순간 6만2000달러 붕괴…'큰손 투매' 약세장 공포 확산,Politics
"[컴퓨텍스2026] 삼성D·LGD, 게이밍 OLED로 中 추격 따돌린다",Politics
"‘150조 엔비디아 펀드 장착’ 브룩필드, “韓 첨단산업에 300억弗 투자”[시그널]",Politics
‘1달러=1500원대’ 외환위기 후 최장… 수출 호황에도 흔들리는 원화,Politics
"JP이노베이션, 순익 14배 뛰자 IPO '작전상 후퇴'",Politics
6월은 해외자산 신고의 달…신탁도 신고 잊지마세요,Politics
"한투운용, 스페이스X IPO 참여…'우주테크 ETF' 편입 비중 확대",Politics
"""시구에 유퀴즈까지""…젠슨 황, 이번엔 어디서 잘까",Politics
"공정위, 보령 ‘탁소텔’ 인수 제동…“항암제 독과점 우려”",Politics
“예전엔 가득 채웠는데”…그많던 오징어는 어디로 갔을까 [푸드360],Politics
브룩필드 “韓 주거 시장 큰 관심… 규제 변화에 주목”,Politics
"홈플러스, 37개 휴점 점포 결국 폐점…직원 희망퇴직 시행",Politics
6월은 해외자산 신고의 달.. 해외금융계좌·신탁 신고하세요,Politics
"[Q&A] 해지했던 해외금융계좌, 국세청에 신고해야 돼요?",Politics
[마켓인]“우린 일반 사모펀드와 달라”…브룩필드가 밝힌 韓 M&A 청사진,Politics
조단위 ‘빅딜 메이커’ 브룩필드 “한국에 2030년까지 30조원 투자”,Politics
공정위 “보령 항암제 사업 매각하라”... 글로벌 M&A 첫 제동,Politics
1조弗 굴리는 브룩필드 “한국은 글로벌 톱3 투자처”… AI 인프라 이어 임대주택도 눈독,Politics
"해외금융계좌 신고, '잔액 산출'과 '기준일'에 유의하세요",Politics
"""한국 부동산, 여전히 핫하다""…브룩필드 3대 투자처는",Politics
‘돈 먹는’ 따개비 잡아라...KCC가 선박 페인트에 올인한 이유[중기+],Politics
"보령, 사노피 항암제 인수에…공정위 ""제네릭 사업 팔아야""",Politics
"""한국선 애플 못 나와""···대학 창업 가로막는 두 차례 '죽음의 계곡'",Politics
“수주 잭팟” 파두 대만서 비밀병기 공개,Politics
5억 넘긴 해외계좌 이달 말까지 신고…올해부턴 해외신탁도 포함,Politics
"이직 근로자 10명 중 4명, 임금 줄여 옮겼다…30대서도 38%",Politics
"韓 대미 실효관세율, 10대 수출국 중 3위→6위 '부담 완화'",Politics
보령의 오리지널 항암제 영업양수 승인…복제약 영업 매각 조건,Politics
"[단독]월급여 3개월분? 보상 못 받을 수도...홈플, 3000명 희망퇴직 통보",Politics
"""게이밍 OLED 수율 95% 달성""…LGD, 하이엔드 모니터 '초격차' 잇는다",Politics
"""더는 못 버텨"" 외식·카페업계, 3%대 물가에 가격 인상 움직임",Politics
60조 잠수함전 판 흔든다…현대차 앞세운 4조 협력안,Politics
HD현대 캐나다 잠수함 수주전 '올인'…계열사 총력 지원,Politics
“샤이 보수 못 잡았나” 출구 예측조사 굴욕,Politics
'미토스 공포' 한 숨 돌렸나?...'글래스윙'에 SKT 이어 반도체 투톱도 탑승,Politics
"""안방 포화""…SKT, 외국인 요금제로 40% 탈환 나선다",Politics
브로드컴 주가 14%↓…AI 칩 연매출 전망 유지에 실망,Politics
"""노트북 한 대가 800만원""…삼성, '갤북6 울트라' 기습 출시",Politics
"""삼쏘 회동부터 시구까지""…젠슨 황 실시간 추적 사이트 5만 명 북적 [포크뉴스]",Politics
"외국인 매도 속에 환율 고공행진…두달여 만에 1,530원 찍어",Politics
"'임단협 후폭풍' 삼성전자 초기업노조, '과반 노조' 지위 상실할 듯",Politics
‘사상 첫 5선 서울시장’ 용산-세운-태릉CC 공급 두고 목소리 더 커지나 [부동산360],Politics
'24시간 퀵배송' 편의점의 반란⋯쿠팡·네이버 턱밑 추격,Politics
지난해 은행서 2500명 희망퇴직 '러쉬'…전년보다 24% 늘었다,Politics
"홈플러스, 37개 매장 폐점 결정…희망퇴직도 진행",Politics
"한투·OKX 손잡은 코인원…""글로벌 종합 금융사로 발돋움""",Politics
"‘반도체 슈퍼사이클’ 업고 대중 무역수지, 4년 만에 흑자전환 유력",Politics
"OK금융, 예별손보 인수 검토…저축은행 보유 그룹 첫 도전",Politics
빅테크 '스스로 작동하는 컴퓨터'에 베팅…키보드·마우스 없는 미래 온다,Politics
중국산 전기차의 선전…지커 ‘함박웃음’,Politics
"최태원, 젠슨 황 이어 TSMC 회장 만나...""AI 반도체 동맹 굳힌다""",Politics
“日 자동차 7개 다 합해도 삼전닉스 10분의 1”…韓기업 순익 18년만에 日 추월,Politics
"대신증권, 자본확대 전략 주목",Politics
"SK하이닉스, '키옥시아' 투자까지 대박…日시총 2위 넘보며 60조 가치로 '15배↑'",Politics
"신세계그룹, 스타벅스 '탱크데이' 책임 끝까지 묻는다…후속인사 예고",Politics
"배달라이더도 최저임금 받나…민주노총, 최임위 앞 농성 돌입",Politics
삼전닉스 낙수효과? 인근 백화점도 웃는다,Politics
[단독] 정부 “비상시에만 써라”…비축유 상환유예 반려에 정유업계 ‘긴장’,Politics
한투·코인원·OKX·컴투스 ‘4자 연합’ 출범…“글로벌 종합 금융 플랫폼될 것”,Politics
젠슨 황 오늘 방한…재계 총수 연쇄 회동,Politics
[홈플러스 M&A] 농협 인수 가능성 '재점화'…업황 불투명 한계도,Politics
"[단독] STX, 결국 범한산업 품으로",Politics
"브로드컴 13% 급락…""실적 좋지만 눈높이 미달"" AI 랠리 경고등",Politics
"스페이스X 공모가 135달러 제시…""시총 2700조원 목표""",Politics
"여·야 간판 후보 제친 한동훈 ""당으로 돌아간다는 약속 지킬 것""",Politics
"초고수들, 삼성전자·NAVER ‘젠슨 황 깐부주’ 담았다 [주식 초고수는 지금]",Politics
1년새 3배 성장한 낸드 메모리…삼성·SK 1위·2위 수성,Politics
박현주 미래에셋그룹 회장 “미래 담는 ‘킬러 프로덕트’가 답”…‘미래에셋 3.0’ 설파,Politics
셀트리온 1000억원 규모 자사주 소각 최종 반영,Politics
중동긴장 재고조에 코스피 2% 하락…외국인 19일연속 매도 행진,Politics
불붙은 ‘율곡’ 인수전…흥행 분위기 속 본입찰 연기,Politics
"삼성重, FLNG 양산시대 연다…美 ‘델핀 1호기’ 4.3조원에 수주",Politics
"“아마존, 3만명 자르고 AI에 300조원 투자”…직원들, 공개 비판",Politics
"닭고기 수급난…굽네치킨, 가격 인상 대신 중량 줄였다",Politics
"삼성중, 4조원대 美 FLNG 수주 뒤엔…‘팀코리아’ 있었다",Politics
환율 13.6원 오른 1530원 개장… 2009년 ‘글로벌 금융위기’ 이후 처음,Politics
수도권 레미콘 총파업…반도체 건설현장도 올스톱,Politics
젠슨황이 던지고 박정원이 치고… 두산-엔비디아 ‘야구장 회동’,Politics
“AI의 미래는 글라스”… 메타 vs 구글·삼성 ‘한국 대전’ 초읽기,Politics
“재보선도 빗나간 예측”…부산북갑·평택을 방송3사 출구조사 2곳 모두 뒤집혔다,Politics
"반도체 호조에 레버리지 투자 사상 최대…한은 ""포모 경계해야""",Politics
"""코스피 1만2000선 간다""…증권가, 하반기 전망치 '줄상향'",Politics
"홈플러스, ‘영업 중단’ 37개 점포 결국 폐점 결정",Politics
"최태원, 웨이저자 TSMC 회장과 회동…젠슨 황은 내일 방한",Politics
"삼성TV, 21년 연속 ‘세계 1위’ 보인다",Politics
외국인 매도세에…코스피 8600선 사수 공방,Politics
‘추경호號 대구’ 출범…기업은행 대구행 탄력받나,Politics
안 오르는 게 없네…식음료 프랜차이즈 줄줄이 가격 인상(종합),Politics
‘오세훈 고려대 동문’ 이유로 상한가…또 들썩인 정치테마주 [투자360],Politics
"HD건설기계, 폴란드 군에 불도저 50대 공급…270억원 규모",Politics
윤태영 오스코텍 대표 “레거시 파이프라인 모두 계약…차기 파이프라인에 집중”,Politics
불닭 신화 꺾였나…코스피 랠리에도 삼양식품 주가 '지지부진',Politics
"코스피, '2%대 하락' 숨고르기…소외받던 코스닥은 3%대 상승",Politics
삼전 초기업노조 ‘과반’ 상실 위기…성과급 갈등에 비반도체 줄탈퇴,Politics
오세훈 택한 ‘부동산 표심’…서울 집값 상승 톱10 중 8곳 승리,Politics
"""구조가 다르다"" 산업發 '성과급 갈등'에도 은행권 조용한 이유",Politics
주성엔 25만원 돌파·원익IPS 상한가…반도체 소부장주 폭등 [칩칩폭폭],Politics
개미 '빚투' 사상 최대…반도체 기대에 '삼전닉스 레버리지' 투자 몰려,Politics
"젠슨 황 시구 계기로 엔비디아·두산, AI 협력 확대 논의",Politics
"한화 잠수함에 현대차 수소 얹었다…韓, 캐나다에 '4.4조 패키지 딜' 비공개 제안",Politics
"정부·삼성중공업 뭉친 ‘팀코리아’, 미국서 4조 원 대어 낚았다",Politics
‘평화의 최전선’ 애기봉 스타벅스마저…‘탱크데이’ 논란에 퇴거 요구 직면,Politics
"'집값이 갈랐다'…오세훈, 서울 강남 3구서만 20만표 승리",Politics
"HD건설기계, 폴란드 軍에 불도저 50대 공급",Politics
"일론 머스크, 스페이스X 상장으로 역대 세계 첫 조만장자 눈앞",Politics
"[단독] 한국투자증권, 자체 토큰증권 플랫폼 구축 나선다",Politics
"비트코인, 6만3000달러선까지 내렸다…중동 긴장감·스트래티지 매도 '겹악재' [크립토브리핑]",Politics
"조석 부회장 ""HD현대가 한-캐나다 방산 협력 핵심 맡겠다""",Politics
"코스피 상장사 작년 현금배당, '역대 최대' 52조8천억",Politics
'반도체' 돌고 돌아 은행에…'머니무브' 걱정 안한 이유 있었네,Politics
1500원 환율에 멈춘 금리인하 시계…한은 다음 카드는 '인상'?,Politics
"“방송3사 출구조사 또 엉터리” 온라인 성토…6.3 지선, 서울·경남 등 접전지 결과 뒤바껴",Politics
중앙은행들 쓸어 담더니…美 국채 제치고 1위,Politics
“지선 후폭풍” 여·야권력지도· 차기 대권판도 요동,Politics
월세 100만원 넘는 서울 빌라 거래 1년 새 29% 늘어,Politics
"미·이란 충돌에 코스피 약세…환율 1,530원대",Politics
"'지분가치 75조 급등' 삼성물산, 주주 환원 확대 기대감…""삼성전기, 주가 빠졌어도 AI 성장축은 이상 無"" [株토피아]",Politics
"삼성 KODEX 200, 국내 첫 ETF 순자산 30조 돌파",Politics
‘쟁의행위 금지’ 항고심 앞둔 삼성바이오…‘연속공정’ 특수성이 쟁점,Politics
27대1·20대1 흥행 잇는다…노량진뉴타운 '드파인 아르티아' 출격,Politics
"‘4박5일 방한’ 젠슨 황, 피지컬 AI 협력 올인",Politics
"유럽 군납 뚫었다…HD건설기계, 폴란드軍에 불도저 50대 공급",Politics
"“개미 2.7조 몰렸다”…SOL AI반도체TOP2플러스, 순자산 5조 돌파",Politics
기업가치 더 높여잡았다…1조7800억달러 스페이스X,Politics
[신한금융 리딩 자본공식]② 신한증권 약진… 비은행 '방파제' 다진다,Politics
‘스텔스 자동차’ 없앤다…전조·후미등 자동 점등 의무화,Politics
내년부터 '스텔스 차량' 사라진다…전조등 자동 점등 의무화,Politics
"[EV캐즘 종료] 테슬라, 상반기 수입차시장 판매 '5만대' 눈앞",Politics
"美 4조원 FLNG 따냈다…팀코리아, 투자개발형 수주 모델 확대",Politics
"LGD, 대만서 글로벌 IT업체 대상 게이밍 OLED 기술 및 미래 로드맵 공개",Politics
"5000만대 게이밍 모니터 시장 공략…LGD, 차세대 OLED 로드맵 공개",Politics
삼전닉스 쉬어가자 반도체 장비株 강세…원익IPS '上' [핫종목],Politics
[르포]엔비디아로 시작해 엔비디아로 끝난다…컴퓨텍스 삼킨 '젠새니티',Politics
"코스피 하락 출발...원-달러 환율 1,530원 넘어",Politics
'스텔스 차량' 퇴출한다…야간 전조등 자동점등 의무화,Politics
‘국장 랠리’ 올라탄 KODEX 200…국내 ETF 첫 순자산 30조 돌파,Politics
야간 '스텔스 자동차' 퇴출…9월부터 전조등·자동점등 의무화,Politics
"삼성바이오로직스, 쟁의행위금지 항고심서 노조 파업금지 범위 확대될까",Politics
"그로쓰리서치 ""선익시스템, OLED 넘어 페로브스카이트 상용화 기대""",Politics
"오세훈 역전승에 ‘고터 테마주 상한가’…동양고속, 천일고속 두자릿수 급등",Politics
[마켓인]회사채 발행 숨통 트이나…하나證 “금리 하향 안정화 가능성”,Politics
"라이콤, 39억 규모 美 AI 데이터센터용 광증폭기 수주",Politics
"'4조원 잭팟' 터졌다…팀코리아, 美 LNG 해양플랜트 수주 성공",Politics
'장위 푸르지오 마크원' 6월 분양 …1032가구 일반분양 쏟아진다,Politics
‘K-제조업’ 미래역량 키운다…반도체·미래차·우주·에너지 신산업 가속페달 [6·3 지선],Politics
"젠슨 황, 잠실야구장 마운드에…두산 베어스 홈경기서 시구",Politics
"최태원 SK 회장, 엔비디아 이어 TSMC 수장과 회동",Politics
오세훈 막판 '대역전극'…사상 첫 5선 서울시장,Politics
[공항이 살아야 지방이 산다]⑤ 14곳 중 10곳 적자인데…선거철 '신공항 정치 셈법' 배제해야,Politics
"[단독] 홈플러스 휴업 37개점, 결국 폐점한다",Politics
"최태원號 SK그룹, 글로벌 AI 생태계 확장 행보…엔비디아·TSMC 동맹 공고화",Politics
'AI반도체 쏠림'에 개인 2.6조 몰렸다...SOL AI반도체 ETF 순자산 5조 돌파,Politics
"[단독] 쿠팡대표, 빨간색 유니폼 입고 축구장 등장…이유 있다는데",Politics
"[K배터리 리부트] ③ SK온, 체질개선 완료…6분기 적자 탈출 신호탄",Politics
"삼성중공업, 미국서 4조원 규모 해양플랜트 수주(종합)",Politics
광명역 초역세권 ‘광명 U타워’ 매각 돌입,Politics
"""내 정보 공공재?"" OTT에서도 털렸다…추가 피해 막으려면",Politics
무너지는 비트코인…6월에만 14% 폭락 [매일코인],Politics
"현대차·기아 美 판매, 석달만에 반등…""하이브리드가 견인""",Politics
"[단독] ""첫째 이유는 무노조""…해외 논문이 파헤친 현대차 美투자의 속내",Politics
레메디 '오버행' 우려⋯상장일 유통물량 최고,Politics
세계 외환보유액서 금 비중이 미국 국채 제쳤다,Politics
“‘삼전닉스’ 너무 올라 불안해” 이런 사람 많은데…하반기 돈 몰릴 업종 따로 있다고?,Politics
'젠슨 황 효과' 끝났나…급등했던 관련주 동반 약세,Politics
"""앉아서 수십 억 그냥 번다더니"" 분양가 두 배 넘겼다…강남 재건축 신고가 행진",Politics
"삼겹살 회동부터 시구까지…젠슨 황, 나흘간 한국서 광폭 행보",Politics
"금리인상이 호재?…13% 급등에 신고가 ‘삼성화재’[오늘, 이 종목]",Politics
"젠슨 황 수혜주 급락, 왜?…LG전자 14% ↓",Politics
"[설탕 카르텔]① ""같이 올리자"" 제당사 임원부터 팀장까지 '짬짜미'",Politics
비보존 주주 애태우는 어나프라주…美 3상 재개 향방은,Politics
"""젠슨 황 지금 어디 있나요"" 방한 앞두고 동선 추적 사이트 방문자 5만명 돌파",Politics
“공장 터뜨려놓고 저승으로 도망” 한화에어로스페이스 주주 망언,Politics
"박현주 미래에셋 회장 ""자산운용 성패, 킬러 프로덕트에 달려""",Politics
"최태원, 젠슨 황 이어 TSMC 회장도 만나…‘삼각동맹’ 공고화",Politics
지방선거 후 증시 어디로…'1만피' 두고 엇갈린 전망,Politics
"'스트래티지의 변심' 후폭풍…비트코인, 9400만원까지 '뚝'[코인브리핑]",Politics
"금융위기來 다시 뚫린 1530원대…시장선 ""상단 예측 어려워"" 공포",Politics
총수와 삼겹살 굽고 잠실마운드도 오른다…젠슨 황 방한 관심 집중,Politics
대성산업 보일러 계열사 대성쎌텍 완전자본잠식 늪에 빠졌다,Politics
검은 석탄화력의 은퇴…푸른 풍력의 첫출근[디깅에너지],Politics
두 달 만에 1530원 뚫은 환율…당국 구두개입에 1520원대로(종합),Politics
젠슨 황이 러브콜한 '韓로보틱스'…커지는 엔비디아·韓 로봇 밸류체인,Politics
집값 비싸도 너무 비싸다”... 수도권 분상제 아파트 ‘인기’,Politics
‘신속착공’ 오세훈 당선…한강벨트 재건축·재개발 속도내나 [부동산360],Politics
"KB증권, 최대 8000억 공모채 '노크'…금리 경쟁력 '주목'",Politics
"'SOL AI반도체TOP2플러스 ETF', 순자산 5조원 돌파",Politics
코스피 랠리에 ETF에도 '뭉칫돈'…운용사 대표 상품 몸집 커진다,Politics
역대급 실적에도 주가는 뒷걸음…반도체 쏠림에 증권株 부진,Politics
“코스피 1만2000”…골드만삭스 “단기 조정은 매수 기회”,Politics
"[ESG 점검] 삼성에피스홀딩스, 통합보고 첫발…CMO·품질 지표 과제",Politics
“오세훈에 걸어 2억5천 먹었다”…바다 건너에서 벌어진 ‘역대급 베팅’,Politics
서울 제외 與 승리로 끝난 지방선거…'9000선' 목전 코스피 어디로?,Politics
"한투운용, 스페이스X IPO 참여…직접 참여 운용사는 처음",Politics
"국민은행, 4조 규모 美 FLNG 공동주선 성공",Politics
"한미반도체, AI 공급망 한복판 선다…컴퓨텍스 첫 등판",Politics
"SSM 재편 틈새 노린 CU…편의점, 장보기 시장 판 흔든다",Politics
'역전극' 오세훈 테마주 상한가…'낙마' 정원오·조국 하한가 근접,Politics
"[아침밥] 다올증권 ""한국카본, 방산·LNG 수주확대로 실적 개선 기대""",Politics
"코스피, 8720선에서 약보합…코스닥은 1%대 상승세",Politics
지방선거 여파…서울 정비사업 속도 차에 '희비',Politics
"[증권사 금리 역풍]③ 메리츠證, S&T 호조 속 운용마진 축소",Politics
"환율, 美관세·중동 영향에 1,530원대 개장…금융위기 후 처음(종합)",Politics
삼전닉스 다음 타자는 바로 나?…반도체 소부장주 장 초반 강세 [매경 자이앤트],Politics
"셀트리온, 1천억원 규모 자사주 소각",Politics
‘5선세훈 테마주’ 진양화학 상한가 직행…정원오 에스제이그룹은 하한가,Politics
[농협금융 자본확충]① 중앙회로부터 '역수혈'…은행·증권에 실탄 재배분,Politics
1∼4월 중국 뺀 전기차 배터리 사용량 21%↑…K배터리는 역성장,Politics
"부산시장 된 前 장관, 해수부 해양수도 완성 기대 커졌다",Politics
"가온전선, 美 AI데이터센터 전력망에 송전용 케이블 첫 공급",Politics
"""스페이스X 등 '대어' 놓칠라""…中 해외주식 단속에 투자자 발동동",Politics
"한화 잠수함 수주 패키지에 '수소 생태계 만든다'…현대차 ""검토 중"" (종합)",Politics
"""젠슨 형 언제와"" 깐부株 동반 급락…LG전자 14%↓ [핫종목]",Politics
삼성물산 목표주가 6개월새 다섯 차례 상향...지분가치 상승 영향 [주가동향],Politics
'경기 서남부 핵심 역세권' 광명U타워 매각 돌입 [fn마켓워치],Politics
"삼성중공업, 미국 최초 FLNG 프로젝트 수주…4.3조 규모",Politics
"업계 11위 우리證, 11호 종투사 정조준…IB·WM 투트랙 성장 본격화",Politics
"""단순 코인 거래소 아닙니다""…증권사, 디지털자산 핵심 인프라 선점 경쟁 이유는",Politics
브로드컴 13%↓ 삼전닉스도 '주춤'…대장주 나란히 약세,Politics
"젠슨 황 두산베어스 유니폼 93번, 박정원 회장 96번 입고 잠실서 시구·시타 왜?",Politics
오세훈주 뜨고 조국주 급락…지선 결과에 희비 갈린 테마주[핫종목],Politics
코스피 8600선에서 등락...LG전자 15% 폭락 등 로봇주 약세,Politics
중동 무력공방 지속에…숨고르기 나선 코스피,Politics
"""일라이릴리에 1조9000억원 기술이전"" 한미약품 목표가↑-한국투자證",Politics
AI 붐에 올해 美 전환사채 발행 사상 최대 전망,Politics
"반도체 대신 야구공 잡는다…젠슨황, 7일 두산베어스 시구 나서",Politics
"셀트리온, 1000억 자사주 소각 완료…연내 2조 주주환원 속도",Politics
반도체 ‘투 톱’ 쉬자 장비株 질주…유진테크·원익IPS 상한가 ‘눈앞’[코주부],Politics
"최태원 회장, TSMC 회장과 대만서 회동…""반도체 협력 강화하기로""",Politics
"스페이스X, 공모가 135달러 제시…기업가치 1조7700억달러 '시총 7위권'",Politics
"대한전선, 英초고압 전력망 사업 수주…유럽 공략 박차",Politics
"RISE 현대차고정피지컬AI ETF, 13영업일 만에 순자산 5천억 돌파",Politics
尹 '2인 방통위' 이끈 이진숙·김태규 국회로…과방위行 주목,Politics
"셀트리온, 1000억원 규모 자사주 소각 최종 반영…주가는 주춤",Politics
삼겹살·소맥 회동하러 오는 ‘젠슨 황’…NC는 왜 만날까,Politics
"천일·동양고속, 吳 공약 '고터 재개발' 기대감에 10%대 급등",Politics
"[서울데이터랩]코스피, 장 초반 2% 넘게 밀려 8593.64…외국인 순매도에 대형주 약세",Politics
"'불장'에 전자등록 증권자산 1경원…예탁원 ""역사적 순간""",Politics
"‘K-ETF’의 진격, 해외서도 찾는다…테마형 ETF에 단일종목 커버드콜까지",Politics
'노량진 2구역 재개발' 드파인 아르티아' 출격…171가구 일반 분양,Politics
비용처리 잘못한 회계법인들…국세청 세무조사로 세금 추징,Politics
"이노스페이스, 메탄엔진 핵심 기술 개발 완료…420초 연소시험 성공",Politics
삼성重  4.3조 美 사상 첫 FLNG 수주…계약 상대 '델핀 미드스트림',Politics
기업들 사옥 매입에 덕은지구 '아이에스밸리' 오피스텔·업무시설 이목 집중,Politics
너희들 마저...줄줄이 인상 나선 '저가 커피' [지금이뉴스],Politics
중동 리스크·외인 19일째 매도에 코스피 하락…환율 1530원 돌파 [투자360],Politics
1억원 붕괴된 비트코인…인플레 우려에 쪼그라든 투심,Politics
젠슨 황 던지고 박정원 친다…잠실 마운드서 AI 동맹,Politics
지역화폐 뜨고 스마트공장 속도?…지방권력 교체에 중기부 사업 분기점[중기+],Politics
"삼성물산, 신고가 새로 썼다…51만9000원 터치[핫스탁]",Politics
'젠슨 황' 기대 떨어졌나…LG그룹주 일제히 급락,Politics
"서울시장 선거 희비…오세훈 테마주 급등, 정원오 테마주 급락[이런국장 저런주식]",Politics
선거 끝나니 가격표 바뀐다…커피·피자 줄줄이 인상,Politics
"코스피 하락 출발, 삼전·SK스퀘어 뺀 시총 상위주 약세",Politics
젠슨 황 방한 행보에 관심…동선 추적 사이트 5만 명 돌파,Politics
"과거 지방선거 보니… 코스피 향방, 정치 아닌 ‘기업 실적’이 갈랐다",Politics
“이러다 젠슨 황 사생팬 나오겠네”…동선 추적 사이트 5만명 돌파,Politics
"‘야구팬’ 젠슨 황, 이번 주말 두산전 시구 나선다…박정원 회장은 시타",Politics
"3조 벌어 68억 '0.2%' 안전투자…한화에어로, 예고된 인재",Politics
"""삼전닉스가 다 했다""…올해 韓기업 순익, 18년만에 日 추월 전망",Politics
엔비디아 젠슨 황 내일 방한‥최태원·구광모·이해진 등 회동,Politics
[코인뉴스] AI에 밀린 비트코인…한 달 새 16% 급락,Politics
"가온전선, 美 AI데이터센터 전력망 첫 진출…350억 규모 케이블 공급",Politics
"KT&G, 변동성 높은 상황서 '방어주 매력'…배당 강화 기대-KB證",Politics
환율 17년만에 1530원대 시작…코스피 2% 하락 출발,Politics
반도체 불장이 뒤집은 M&A 시장…SK실트론 딜이 멈춘 이유,Politics
"삼성중공업, 4.3조원 규모 FLNG 수주… 5%대 강세",Politics
"대원제약, '4중 작용' 차세대 비만치료제 개발 도전",Politics
"남광토건, 리뉴얼 ‘하우스토리’ 앞세워 인천 동아아파트 재건축 출사표",Politics
"삼성重, 美 첫 FLNG '델핀 1호기' 4.3조 수주…LNG 생산 패러다임 바꾼다",Politics
“코스피 1만 1000 간다” 역대급 상향 조정,Politics
"반도체 장비株, '삼전·닉스 숨고르기' 속 강세",Politics
"“다시 내달라” 요청 쇄도에… 버거킹, ‘롱치킨버거’ 재출시",Politics
젠슨 황 ‘반짝 효과’였나…방한 앞두고 LG전자·SKT 등 10%대 하락[이런국장 저런주식],Politics
오세훈 테마株 진양화학 '상한가'…정원오 관련주는 일제히 급락,Politics
"팀코리아, 美 루이지애나 FLNG 1호기 수주…4조 규모",Politics
"셀트리온, 1000억 자사주 소각 완료…올해 누적 소각 규모 2兆",Politics
한화 잠수함 수주 패키지에 현대차도 가세…'프로젝트 비버' 띄운다,Politics
"KODEX 200, 순자산 30조원 돌파…국내 최초·최대 ETF",Politics
"삼성전자, 글로벌 TV 시장서 21년 연속 1위",Politics
"코스피, 2% 넘게 하락…브로드컴 실망+중동 긴장 재고조 [종합]",Politics
"젠슨 황, 이르면 오늘 입국…피지컬AI 협력 위한 나흘간의 폭풍행보 예고",Politics
"""KX하이텍, 올해 영업이익 290%↑ 전망""[클릭e종목]",Politics
"원·달러 환율, 두 달여 만에 1530원 돌파…""중동 변수에 변동성 확대""",Politics
치매 전 단계 300만명 육박…치료 선택지 줄면 돌봄 부담 커진다,Politics
메가커피도 올린다… 커피 프랜차이즈 가격 도미노 인상,Politics
"대원제약, 美 ADA서 4중 작용 비만치료제 전임상 공개…“체중 50% 감량”",Politics
"삼성중공업, '바다 위 데이터센터' 진출…조선주 들썩 [핫종목]",Politics
'젠슨 황 효과' 급등했던 관련주 동반 약세,Politics
"SK온, 美에서 차세대 ESS '그리드온 Gen2' 첫 공개",Politics
"파두, 차세대 SSD 컨트롤러 공개…亞 공략 속도",Politics
테슬라·BYD 주춤…5월 수입 전기차 열기 한풀 꺾여,Politics
지방 아파트 13채 팔아야 서울 1채 산다… 29년 걸리는 ‘내  집’,Politics
"젠슨 황·두산회장, 7일 잠실야구장서 시구·시타…로봇 협업도 하나",Politics
유가·금리 상승 속 필라델피아 반도체 지수 상승세 유지 [굿모닝 글로벌 이슈],Politics
"그린리소스, 300억 CB·BW 조달…""반도체 수직계열화 속도""",Politics
젠슨 황 온다더니 '차익실현'…LG·네이버·두산株 일제히 급락,Politics
李대통령과 정책 보폭 맞춘 한성숙 장관…20년 만에 女총리 나오나(종합),Politics
한투운용 '스페이스X IPO' 참여…배정 주식 우주ETF·펀드에 즉시 편입,Politics
더본코리아도 “가격 인상”…외식업계도 도미노 인상? [푸드360],Politics
"코스피, 중동 긴장 재고조 속 하락…숨고르기 장세(종합)",Politics
"[월간 ETF] RISE 네트워크인프라, 삼성전기 타고 '고공행진'",Politics
[코인시세] 비트코인 6만5천 달러선 붕괴…11일 연속 순유출,Politics
강달러에 중동 불안까지…원·달러 환율 다시 1530원대,Politics
"""해외투자자들 사실상 매수 포기"" 엔환율 170엔 전망도",Politics
젠슨 황 방한 행보에 관심…동선 추적 사이트 5만명 돌파,Politics
"삼성 TV, 올 1분기 세계 1위…21년 연속 왕좌 지킬듯",Politics
"에이스톤·SGI, 역대 최대 펀드 '청신호'",Politics
"'탱크데이' 여파 끝났나...스타벅스, 카톡 선물하기 1위 탈환",Politics
"원/달러 환율, 1,530원대 개장…금융위기 후 처음",Politics
노량진뉴타운 초고층 랜드마크 '드파인아르티아' 이달 분양한다,Politics
"박현주 회장 ""미래 담는 킬러 프로덕트 만들 것"" 미래에셋랠리 개최",Politics
"한미반도체, 컴퓨텍스 첫 참가…HBM4·차세대 패키징 기술 공개",Politics
"이틀 만에 17% 급락에도...증권가는 ""목표가 210만원""",Politics
코스닥 반도체 장비株 업황 '맑음'…원익IPS 26%·테스 24%대 강세,Politics
"신세계, 장 초반 5%대 급등…""백화점 구매력 초강세""",Politics
"“코스닥 활성화 대책 주목”…코스닥 2%대 강세, 코스피는 2%대 하락",Politics
"""친구는 두 배 벌었는데, 나만 뭐 하는거지?""…강세장 최대 적은 '포모'",Politics
"1530원대 뚫린 환율…구윤철 ""과도한 쏠림에 단호한 조치""(종합)",Politics
외국인 던지자 코스피 8600선 후퇴…환율은 1530원대로 급등,Politics
"리가켐바이오 기술 적용 ADC 후보물질, 美 FDA 희귀의약품 지정",Politics
중동 긴장 고조에 환율 두달여만에 1530원 재돌파,Politics
"“젠슨 황 약발 끝났나”…코스피, 선거 뒤 1.76% 약세 출발",Politics
“젠슨 황이 던지고 박정원 친다”…7일 프로야구 키움-두산전서 투타 호흡,Politics
"국민은행, 4조원 규모 ‘美 첫 해상 FLNG’ PF 공동주선",Politics
‘팀코리아’ 미국서 4조 규모 FLNG 해양플랜트 따냈다,Politics
"""분명 브레이크 밟았는데""...5년 새 3배 늘어난 고령층 페달 오조작",Politics
중동협상·美관세 여파…환율 개장가 금융위기 이후 첫 1530원 돌파,Politics
“시장 조정은 매수 기회”…코스피 목표치 ‘1만 피’ 훌쩍 뛰어넘는 전망 잇따라,Politics
美·이란 충돌 재점화에 달러·원 1530원선으로 급등,Politics
"엠케이전자, LPDDR5X 확산에 본딩와이어 수요 증가 기대",Politics
"솔루스첨단소재 ""일본계 배터리업체향 전지박 공급 본격화""",Politics
"SK온 차세대 ESS '그리드온 2' 첫선…美시장 겨냥, 내년 현지 생산",Politics
원·달러 환율 장중 1530원 돌파…금융위기 후 처음,Politics
"HD건설기계, 폴란드 軍에 '270억원 규모' 불도저 공급 계약",Politics
"젠슨 황, 7일 두산·키움 잠실전 시구 나선다…박정원 회장은 시타",Politics
"한화에어로, K-방산 급해도 안전을 위해 중단",Politics
"삼성證 ""삼성전자 목표가 50만원·SK하이닉스 350만원 상향""",Politics
"대한전선, 英 초고압 전력망 사업 수주…유럽서 경쟁력 재입증",Politics
ELS·LTV 과징금에 고환율까지…금융지주 CET1 방어 비상,Politics
"삼성중공업, 4.3조원대 해양플랜트 수주 소식에 강세",Politics
"메디포스트 골관절염 치료제 카티스템, 美 3상 ‘단일 임상’ 진행 동의",Politics
"스페이스X, IPO 공모 750억달러…그린슈 포함시 850억달러",Politics
"이엔셀, 인게니움 NK세포치료제 美 임상용 추가 수주…글로벌 CDMO 확대",Politics
‘팀코리아’ 통했다…美 FLNG 4조원 프로젝트 수주,Politics
"환율, 장 초반 1530원 넘었다…3월31일 이후 처음",Politics
'팀코리아' 4조원 美 LNG 해양플랜트 수주,Politics
중동 긴장 재고조…3대 지수 동반 하락 [뉴욕증시],Politics
코스피 2% 급락 출발…외국인 1조원 넘게 '팔자',Politics
"젠슨 황, 진짜 야구장 뜬다…7일 잠실서 시구 확정",Politics
"최근 연일 오르더니…급등했던 코스피, 8600선으로 하락 출발",Politics
"""이 가격, 더는 못 버텨""...메가도, 더벤티도 가격 줄줄이 인상",Politics
"'흑자 유지 성공' 동부건설, 차입구조 개선도 '고삐'",Politics
시구 젠슨 황·시타 박정원... 7일 잠실야구장에 뜨는 ‘AI 로보틱스 동맹’,Politics
"중고나라·월급쟁이부자들, CTO 영입…전사 AX 속도전",Politics
"코스피, 삼전·SK하닉 동반 약세에 8620선 하락 출발",Politics
휴전 교착·환율 부담에 외인 19일 연속 '팔자'…코스피 2%대 약세,Politics
"코스피, 외인 매도세에 2%대 약세 출발…코스닥은 3%↑",Politics
“2년 더 살게요”…서울 빌라 전월셋값 뛰자 10집 중 3집 갱신권,Politics
"박현주 미래에셋 회장 ""킬러 프로덕트와 글로벌 투자 플랫폼으로 고객 미래 열어갈 것""",Politics
키보다 큰 AI 서버가 ‘우뚝’…삼전닉스 HBM 잘 나가는 이유가 여기에 [컴퓨텍스 2026],Politics
"SOL AI반도체TOP2플러스 ETF, 순자산 5조 돌파…개인매수 '최대'",Politics
"美 증시 약세에…코스피, 2%대 하락 8600선 아래로",Politics
"대한전선, 英 초고압 케이블 시스템 수주…650억원 규모",Politics
"장위뉴타운 ‘초품아 역세권’…대우건설, ‘장위 푸르지오 마크원’ 분양",Politics
"에코프로, 제조·R&D 전 과정에 AI 심는다…2028년 ‘AI 기업’ 전환",Politics
"""야구 좋아"" 젠슨황, '93번 유니폼' 입고 잠실 마운드 오른다…7일 두산베어스 시구 확정",Politics
삼성전자·SK하이닉스 동반 하락…브로드컴 급락 등 투자심리 영향,Politics
"한투證 ""하반기 코스피 목표치 1만1000 상향…반도체 이익 막대""",Politics
"셀트리온, 약 1000억 규모 자사주 소각 최종 반영",Politics
"환율, 금융위기 후 첫 1,530원대 개장…""과도한 쏠림에 필요시 즉시 조치""",Politics
"최태원, 엔비디아 이어 TSMC 회장 회동…AI 반도체 '삼각 동맹' 굳힌다",Politics
"한투證 ""LS일렉트릭, 수주·실적 동시 성장…목표가 28만 5000원""",Politics
“9조원 썼는데 환율은 1500원 돌파”…외환보유액 한달만에 다시 감소,Politics
젠슨 황 '93번' 입고 7일 두산베어스 시구... 박정원 회장은 '96번' 시타,Politics
“젠슨 황 던지고 박정원 친다”…7일 두산베어스 홈경기서 투타 호흡,Politics
"씨아이에스, 美 타임지 발표 '세계 성장 리더기업' 선정",Politics
"한미반도체, 대만 컴퓨텍스 첫 참가…AI 반도체 역량 소개",Politics
"삼성중공업, 美 첫 FLNG '델핀 1호기' 수주…4.3조 규모 초대형 프로젝트",Politics
SpaceX IPO 임박...나스닥100 조기 편입 가능성에 우주항공 ETF '들썩',Politics
"팀코리아, 美 루이지애나 FLNG 4조원 수주",Politics
"브로드컴, 사상 최대 실적에도 시장은 실망…주가 13% 이상 급락",Politics
한투운용 “스페이스X IPO 참여…우주ETF·펀드에 바로 배정 예정”,Politics
"나이스정보통신, 영업익 증가 모멘텀…투자의견 '매수유지'-LS",Politics
"원-달러 환율, 장중 1,530원 넘어…금융 위기 이후 처음",Politics
'9천피'까지 199포인트...오늘 개장 상황은?,Politics
"퍼플렉시티 CEO ""AI 승부처는 전력…'와트당 토큰 가치'가 승자 가른다""",Politics
"""이제 원전의 시간""...대형원전·SMR 사업 곧 결정 전망",Politics
중고 전기차값 다시 꿈틀…EV6·모델3·아토3시세 반등,Politics
박현주 회장 “미래 담는 킬러 프로덕트가 답”…‘미래에셋 랠리 2026’서 강조,Politics
"원-달러 환율 1536원까지 급등…한투 ""상단 가늠 어려워""",Politics
“또 고개숙인 최주희” 티빙 개인정보 유출로 CJ ENM 발목,Politics
"가온전선, 美 AI데이터센터 전력망 첫 진출…350억원 규모",Politics
냉면 한 그릇 값으로 세 끼…뜨거워진 '여름면 경쟁',Politics
가상 학습공간서 수만번 시뮬레이션… 완벽한 ‘피지컬 AI’ 구현[‘피지컬 AI 혁명’ 현장을 가다],Politics
"원·달러 환율, 개장 후 1530원 돌파… 3월 31일 이후 처음",Politics
"라온시큐어, KDB생명 시작으로 금융권 PQC 확산…""양자보안 시장 선점 속도""",Politics
페달 오조작으로 사망자 5년새 3.4배↑…사고 70%가 60대 이상 운전자,Politics
"하나證 ""디케이티, 휴머노이드 플랫폼 가시화...매출에 효자""",Politics
"가온전선, 美 AI 데이터센터에 송전용 케이블 첫 공급",Politics
"파두, ‘컴퓨텍스 2026’ 통해 아시아 시장 공략 박차",Politics
"""카지노주, 사상 최대 실적 행진에도 신저가 부근""-하나",Politics
"[스타워즈] KB증권 금메달팀, 2거래일 만에 선두 재탈환",Politics
한강 이남 첫 드파인 나온다...SK에코 '드파인 아르티아' 이달 공급,Politics
"'깐부회동 시즌2' 젠슨 황, 곧 방한…AI 협력 방안 논의할 듯",Politics
"구글, 유증 123조원→130조원 확대…강한 수요 반영",Politics
"'428조 ETF 제국' 만든 미래에셋…박현주 ""킬러 프로덕트로 승부""",Politics
KB운용 ‘RISE 현대차고정피지컬AI ETF’ 순자산 5000억 돌파,Politics
"삼성 TV, 1분기 점유율 31.3% ‘선두 수성’…21년 연속 세계 1위 보인다",Politics
美 증시 약세에 프리마켓 1%대 하락…삼전·닉스 동반 하락,Politics
"젠슨 황·박정원, 잠실구장 '깜짝 회동'…'두산·엔비디아 동맹' 굳히나",Politics
"최태원, 젠슨 황 이어 TSMC 회장 회동…AI 반도체 '삼각 동맹' 강화",Politics
차기 국무총리 후보 오른 한성숙 중기부 장관…李 정부 첫 女총리 나오나,Politics
"힘 못 쓰는 원전株...기록적인 폭염, 美 초대형 사업 수주로 하반기 반등 가능성 주목",Politics
CPU 공급 불안에...美 전력반도체·칩 장비기업 주목받아,Politics
"에피소드컴퍼니 ""'군체' 이어 '와일드 씽' 초반 흥행""",Politics
"메리츠證 ""삼성전기, 조정 우려에도 성장 변함없어…목표가↑""",Politics
"삼성重, 미국 첫 FLNG 프로젝트 1호 수주…4.3조원 규모",Politics
스페이스X 공모주 못 올라타면 ETF로...한투운용 '우주테크' 분배한다,Politics
"신한투자 ""증권주, 최근 상대적 소외…주가 재평가 가능성""",Politics
"디앤디파마텍, 美 공동창업자 3인 스톡옵션 행사…""책임경영 의지""",Politics
"KB證 “KT&G, 이란 영향 제한적…하반기 주주환원 모멘텀 기대”",Politics
"두산밥캣, 점진적 실적 회복 국면…매수 의견-하나증권",Politics
"[클릭 e종목]""롯데관광개발, 사상 최대 실적인데 주가는 극단적 저평가""",Politics
EU '철강 관세인상' 한 달 앞으로…정부 '韓 우대' 강력 요청,Politics
"파두, 컴퓨텍스서 차세대 Gen6 SSD 첫 공개…AI 스토리지 시장 공략 속도",Politics
"한투운용 ""스페이스X IPO 참여…우주ETF·펀드 상장 당일 배정""",Politics
"임정우 HD건설기계 유럽권역장 ""유럽서 군 조달로 능력 인정받았다""",Politics
"""LS일렉트릭, 수주·실적 동시 성장세… 목표가↑""-한국투자",Politics
"한투證 “산일전기, 美 데이터센터 변압기 기대감 유효…목표가 27만원""",Politics
"신한운용, SOL AI반도체TOP2플러스 순자산 5조 돌파",Politics
"젠슨 황, 나흘간 방한 일정 '빡빡'…유재석 만나고 프로야구 시구까지",Politics
"“비 내린다, 주식 들어가세요”…이 나라에선 미신 아닌 공식입니다 [오늘 나온 보고서]",Politics
"삼성전자, 글로벌 1Q  TV 점유율 31.3%…21년 연속 1위 눈앞",Politics
"“누구는 성과급 잔치, 누구는 희망퇴직”…‘억대 퇴직금’ 받고 짐 싼 2500명, 무슨 일?",Politics
"위지트, 최대주주 대상 40억 규모 유상증자…""반도체 시설투자 목적""",Politics
"""삼성전기, 주가 급락에도 성장축 방향성 유효…목표가↑""-메리츠",Politics
재출시 쇄도에…버거킹 '롱치킨버거' 1년 만에 부활,Politics
"신한투자 ""1분기 에너지·IT '어닝 서프라이즈'…대형주에 집중""",Politics
"한투운용, 스페이스X IPO 참여…""우주 ETF·펀드 즉시 배정""",Politics
"씨아이에스, 미국 타임지 ‘2026 세계 성장 리더기업’ 선정",Politics
"OECD ""걸프 에너지 위기 장기화 땐 세계 성장률 1%대로 추락""",Politics
"""두산밥캣, 북미 업황 회복 수혜 기대…목표가 8.2만원""-하나",Politics
"최태원, TSMC 회장과 2년만에 회동… AI 반도체 동맹 강화 [컴퓨텍스 2026]",Politics
"SK온, ESS 신제품 '그리드온 Gen2' 공개…美 시장 공략 속도",Politics
비트코인 1억원 붕괴… 중동 긴장 격화·美 금리 인상 우려 영향,Politics
"부광약품 ‘라투다’, 우울장애 적응증 확대 3상 승인…시장 영토 넓힌다",Politics
"하나證 “한화시스템, 방산·우주·조선 플랫폼 기업으로 재평가… 목표가 12만8000원”",Politics
"삼성전자 주가 오르며 몸값 뛴 이 주식...""주가 11만원 더 오른다""",Politics
"SK證 ""삼성물산, 지분가치 상승·주주환원 확대…목표가↑""",Politics
반도체 슈퍼사이클에 베팅…한투證 “코스피 1만 1000도 가능” [줍줍리포트],Politics
"대한민국 대표 월급쟁이 부자 ‘루지’, 백억대 자산 모은 비결은?",Politics
"[컴퓨텍스2026] 파두, Gen6 SSD 컨트롤러로 글로벌 시장 공략",Politics
"“주가 빠졌지만 AI 성장축 이상 없다”…메리츠證, 삼성전기 목표가 210만원 상향",Politics
홍종호 국전 대표 “원료의약품서 AI반도체 패키징 등 첨단소재 사업 확장 승부수”,Politics
중동 긴장 재고조에 유가·금리 급등…뉴욕증시 3대 지수 동반 하락,Politics
“엔비디아♥네이버” “차기 1조 달러 기업”…젠슨 황 한마디에 뛰는 주가,Politics
"SK證 ""삼성물산, 지분가치 상승·주주환원 확대 기대…목표가↑""",Politics
"현대글로비스, 네덜란드서 車운반선 전용 터미널 구축…“유럽 공급망 허브”",Politics
"[큐캐피탈 밸류업]③ 에어스메디컬·한강화학·아이리스브라이트, 기대주 쑥쑥 큰다",Politics
"한투證 “LS일렉트릭, 수주 증가세 지속·판가 인상 효과 반영…목표가 30%↑”",Politics
"위지트, 최대주주 대상 40억 유증…""AI 반도체 호황 맞춰 생산능력 확대""",Politics
"[어제장 오늘장] 골드만삭스 ""코스피 1만 2천 간다""…긍정 전망 늘어나",Politics
"AI 깐부 TSMC도 만났다… 최태원 대만서 ""반도체 동맹"" 광폭 행보 [리더의 나침반]",Politics
"크라우드스트라이크, 기대 못 미친 실적 전망에 시간외 10%↓",Politics
"오스코텍, 추가 기술이전에 밸류 재평가…제노스코 편입도 기대 [Why 바이오]",Politics
"삼성전기, 단기 조정에도 우상향 변화 없다…목표가 210만-메리츠",Politics
"LS證 ""나이스정보통신, 인적자원 배분으로 고성장 본격화…목표가 유지""",Politics
"[기업이슈] 젠슨 황 ""韓 로보틱스 매우 중요""…로봇주 주가 상승",Politics
"삼성중공업, 美 델핀 FLNG 1호기 수주…4조3000억원 초대형 규모",Politics
"[아침밥] SK증권 ""삼성물산 목표가 59만, 지분가치 상승·배당확대 등 기대감""",Politics
"""시선AI, APC 로봇 자동화 사업 추진으로 실적 개선 기대""",Politics
"페니트리움바이오, 네이처 논문 ‘수치’로 입증한 항암 내성 돌파구...美 임상 ‘청신호’",Politics
"ETF 첫 ‘1조달러 시대’ 열었다…뱅가드 S&P500 ETF, 사상 최대 운용자산 기록 [코주부]",Politics
"美증시 조정·브로드컴 급락…삼전·SK하닉, 프리마켓서 약세",Politics
고유가에 지쳐…美 5월 하이브리드차 판매 33% 급증,Politics
"日 반도체 열풍 '키옥시아' 주주정책, 삼전·하이닉스 시사점은",Politics
공휴일 사이 1530원 뚫은 환율…외환당국 개입 경계[외환브리핑],Politics
"""실적 모멘텀에 수급 분산 효과까지…증권업 비중확대 유지""",Politics
"부영그룹, 병역명문가에 리조트·골프장 할인 혜택 제공",Politics
"[굿모닝 증시]美 증시, 휴전 교착 등 약세…韓도 변동성 예상",Politics
"스페이스X, 공모가 주당 135달러 책정…시총 세계 7위 '예약'",Politics
베일 벗은 리브스메드 비밀병기…다빈치·휴고 라스와 차별점은?,Politics
"[굿모닝 마켓] 뉴욕증시, 중동긴장 재고조에 약세 마감…다우 1.2%↓",Politics
"[단독] 현대차그룹·엔비디아 AI거점, 새만금에 짓나",Politics
"“삼성물산, 지분가치 상승·주주환원 확대” 목표가 48만→59만원",Politics
"美, 강제노동 이유로 한국에 12.5% 관세 예고 [ESG 뉴스 5]",Politics
리모델링 규제 확 풀었다…조합원도 신축세대 입주·단지 통합도 허용,Politics
서학개미도 “돈 벌려면 국장”…SOXL 팔고 삼전닉스 2배로 ‘귀화’,Politics
‘정형외과 사랑방’ 도수치료에 2.7조…실손보험료가 녹아내린다,Politics
"SK증권 ""삼성물산 목표가 59만…지분가치 상승·환원 확대 기대""",Politics
미·이란 무력충돌에 뉴욕증시 일제히 하락…국제유가↑[뉴스새벽배송],Politics
"트럼프 ‘무대포 낙하산’…부동산업자 출신 나팔수, 국가정보국장 임명",Politics
“우주 어느 천년에 갈래? 바다부터 와”…데이터센터 손뻗는 삼성重,Politics
"앞에선 휴전, 뒤에선 기습…이란 드론공격에 쿠웨이트 공항 운영중단",Politics
"""삼상물산, 지분가치 상승·주주환원 확대 긍정적…목표가↑""-SK",Politics
한미약품·오스코텍 잇단 조 단위 계약…의장 나선 HLB도 강세 [바이오맥짚기],Politics
"젠슨 황, 오늘 방한…총수들과 삼겹살 회동에 예능 출연·잠실 시구까지 나흘간 광폭 행보",Politics
"한국카본, 방산 양산·LNG선 보냉재 수주 확대 기대…목표가↑-다올",Politics
"24만 원어치 화장품을 3만 원대에...""훨씬 싸다"" 외국인도 싹쓸이",Politics
"이재현 CJ 회장, 미국 사업장에 첫 등장…왜 하필 지금? [참견하는 기자]",Politics
대중국 무역수지 4년 만에 흑자전환 유력…반도체 가격 폭등 영향,Politics
"""3분기까지 상승세 이어져 코스피 1만1000까지 오를 것""-한국",Politics
"""네이버는 구조대 왔는데 우리는"" 엇갈린 운명에 고통 받는 카카오 주주들",Politics
"삼성전기, 이틀새 17% 급락에도 성장축 변화 없다…목표주가 210만원 상향-메리츠",Politics
[애프터마켓 리뷰] 증시 연이틀 뒤흔든 '젠슨 황' 테마…로봇주 치솟아,Politics
"[오늘의 증시]지선 후 정책 기대감에 젠슨황 효과까지…코스피, 9000선 터치할까",Politics
"SK證 “삼성물산, 자회사 지분가치 상승·주주환원 기대감…목표가 59만원”",Politics
[마켓뷰] '9천피' 돌파 시도? 숨고르기?…코스피 향배 주목,Politics
"에치에프알, AT&T 투자 확대 수혜 기대-하나",Politics
"""성과급 받아 명품관으로""…삼전닉스 효과에 백화점주 '들썩' [종목+]",Politics
"디케이티, 신사업 가동 본격화…연간 실적 전망 상향-하나",Politics
"""올해 코스피 1만1000"" 파격 전망…삼전·닉스 또 잭팟?",Politics
"한투 ""하반기 코스피 1만1000 찍는다…목표치 상향""",Politics
브로드컴 실적 발표 후 주가 급락…AI 기업 잣대가 높은 이유는 [마켓무버의 국장 힌트],Politics
[르포] 삼성家 반한 한식당 품었다… 美 사로잡은 'L7 시카고' 가보니,Politics
[마켓 프리뷰] 외인 코스피 매도 폭탄에도 강보합…젠슨 황 오늘 방한,Politics
한투증권 “6월 코스피 9500선까지 간다…반도체·IT 비중 확대”[줍줍리포트],Politics
지선 판정승 거둔 민주·재보선 선방한 국힘…엇갈린 민심(종합),Politics
美 뱅가드 운용자산 1500兆 돌파 ETF…“시장 성숙 이정표”,Politics
무료배달에 심야 배달까지…배달앱 2강 치킨게임 본격화되나,Politics
"[투자노트] ‘삼겹살 회동 D-1’… 젠슨 황 랠리, 진짜 수혜주 찾아라",Politics
"美 뱅가드 S&P500 ETF, 운용자산 1조달러 돌파 [투자360]",Politics
"미국증시, 중동 긴장·유가 급등에 3대 지수 일제히 하락…나스닥 0.89%↓ [투자360]",Politics
"뉴욕증시, 3대 지수 일제히 하락…중동 긴장 고조 등 여파",Politics
"[헤럴드광장] 4000만의 실손, ‘세대관리’ 역설 어떻게 풀 것인가",Politics
대형 기술수출·투자유치 겹쳤다…K-바이오 반등 '신호탄',Politics
부동산→주식→결국 부동산?…풍선효과 넘어 부메랑 된 대출규제,Politics
'단일화 무산' 평택을·북갑 모두 승리…국힘 상대적으로 선전,Politics
대형주 ‘웃고’ 중소형주 ‘울고’…심화되는 K자 증시,Politics
퇴직연금 ETF 연내 100조 전망…가입자 직접 운용 시대 열려,Politics
"현대차, 올해 신차 20개 프로젝트 추진…하반기 반등 노려",Politics
"5월 반대매매 7077억 원…올해 최대, 전월比 28.5% 급증",Politics
"엔비디아, 한국 스타트업 잇따라 초청…생태계 파트너 확대",Politics
MS “앤스로픽과 격차 6개월 만에 좁혔다”…자체 추론 모델 출격,Politics
“은행 문 잠그니 회사 금고로”…사각지대 ‘사내대출’에 커지는 금융 양극화,Politics
"젠슨 황, 韓 AI 스타트업 찍었다",Politics
삼성전자 레버리지 ETF 경고등…괴리율 2% 넘겼다,Politics
"버티는 대형사, 무너지는 중소사…건설업계 양극화 ‘가속’",Politics
“거품 아니다?”…‘삼전닉스’ 제외해도 코스피 이익 전망 10% 올랐다,Politics
"젠슨 황, 구광모 LG 회장 왜 만나나…피지컬 AI의 퍼즐이 맞춰진다[Biz-플러스]",Politics
‘빚투 포모’ 개미 ETF에도 몰려…반도체 상품 신용잔고 급증[마켓시그널],Politics
비트코인 1억원 붕괴…금리 인상 우려·스트래티지 충격[코인 모닝콜],Politics
젠슨 황 엔비디아 CEO 오늘 입국…'광폭 행보' 관심 집중,Politics
"""반도체 더 만들어달라""는 젠슨 황...SK실트론 매각 멈춘 SK그룹",Politics
"'1년 표류' 軍 다목적 무인車, 이달 선정…현대 vs 한화 막판 경쟁",Politics
"한투 ""6월 코스피 예상밴드 8500~9000""",Politics
업비트·빗썸 상장 종목 닮아간다…5월 키워드는 AI·DePIN,Politics
"불 탄 현대모비스 공장, 인도 유일 전장·섀시 생산지…현대차그룹 생산 '비상'",Politics
"""피자헛 다음은 백종원?""…차액가맹금 소송 파장 어디까지",Politics
"靑 참모들 엇갈린 성적표…하정우 낙선, 김남준·김남국 국회 입성",Politics
[크립토마켓] 중동 정세 긴장감에 비트코인 6만5500달러까지 하락,Politics
"젠슨 황, 4일 방한 전망…AI·로봇 협력 논의 본격화",Politics
"""목돈 부담 뚝""…불황 속 대세 굳힌 삼성·LG '가전 구독'",Politics
거래금 100兆시대지만…증권株 무작정 살 수 없는 이유,Politics
연말 금리인상 확률 41%로 급등…S&P500 9거래일 랠리 마감[월스트리트in],Politics
불장에 목표주가 넘은 종목 16개…LG전자 상회율 1위[이런국장 저런주식],Politics
'인기 폭발' 액티브 ETF…계열사 주문 몰아주기에 비용 '줄줄' [한경우의 케이스스터디],Politics
배달도 최저임금 받나… 플랫폼 노동자 첫 심의대 오른다,Politics
'맘스터치 1조' 매각설…케이엘앤파트너스 표정 관리,Politics
'변압기·스태콤' AI發 전력 슈퍼사이클…전력 3사 수주잔고 35조 목전,Politics
서버용 기판에 생산 몰린다…LG이노텍 RF-SiP '반사이익' 주목,Politics
"젠슨 황, 나흘간 한국서 광폭 행보…총수·스타트업 만난다",Politics
"당장 아니지만 차근차근 IPO 준비…컬리 김슬아, 부족했던 우군 지분 쌓나",Politics
[Why] 샴푸로 탈모 잡는 시대 오나…로레알이 올릭스 ‘RNA 기술’에 꽂힌 이유는,Politics
반도체·자율주행 등 AI 생태계 전반 협력 확장… 들썩이는 재계,Politics
슈퍼호황 조선업계도 ‘N% 성과급’ 불똥,Politics
세계 최대 암 학회 흔든 ‘차이나 쇼크’…K바이오는 ‘치료 사각지대’ 공략,Politics
코스피 9000 향하는데 IPO는 ‘반토막’… 대어들도 상장 철회 잇따라,Politics
한 병만 마셔도 일일 권장량 초과… 음료업계 단백질 함유량 높이기 경쟁에 소비자 건강 우려도,Politics
서울 아파트 거래 반토막… ‘세 낀 집’ 거래 허용에도 매물은 줄었다,Politics
"[단독] “인수 첫날 매대 꽉 차 있어야지”… 하림, 홈플익스 납품대금 지급보증 추진",Politics
"국제 유가 2% 급등…""美·이스라엘, 필요하면 이란 재공격""",Politics
"전쟁 따른 ‘반짝 실적 개선’ 끝난다… 석유화학 업계, 하반기 역래깅 공포에 적자 경보",Politics
"""젠슨 황 근처 앉을 자리 있나요""…성수동 삼겹살집 예약 폭주",Politics
"""젠슨 황 온다"" 41% 뛰었는데…여의도 증권가 '서늘한 경고' [종목+]",Politics
"[단독] PE는 ‘중복상장 금지’에 이탈... 클로봇, 두산로지스틱스 홀로 인수 추진",Politics
"""반도체 호황 속 가파른 성장 전망""…증권가 주목한 OOO은?[클릭 e종목]",Politics
韓 상륙하는 젠슨 황…반도체 넘어 로봇·AI 동맹 확대,Politics
"배달라이더도 최저임금 적용되나…최임위, 도급제 적용 논의 본격화",Politics
'삼전닉스' 쏠림 더 심해졌다…개미 돈 68%·빚투 증가액 70% 몰려,Politics
"이차전지株, 하반기 쏟아질 수주…주가 반등 기대",Politics
"엔비디아에 네이버 날고, 카카오는 파업에 하락…IT 투톱 주가 '온도차'",Politics
'동학개미' 68조 vs '팔천피' 131조…달라진 돈의 흐름[新머니무브]②,Politics
지금 쓰면 손해?…전셋값 오르자 갱신권 묵혀두는 세입자들,Politics
"젠슨 황 오늘 방한…'제조업 강국 韓, 엔비디아 피지컬 AI 최적 파트너'",Politics
"나트륨 배터리 미는 中 CATL, ‘게임체인저’인가 ‘허장성세’일까",Politics
"[단독]최성안호 삼성重, 바다 위 테슬라 '빈센'에 베팅",Politics
"마통 영끌로 ""삼전닉스 사자""…한도소진율 42%대로 '쑥'[新머니무브]①",Politics
“AI데이터센터 우리 없으면 못짓습니다”…전기차 갈아타는 이 업종,Politics
"9천피 코앞서 멈칫했지만…전문가들 ""1만피 달성 가능성 높다""",Politics
미 증시 내려도 반도체는 올랐다…삼전·SK하닉 향배는?,Politics
노후 적정 생활비 350만원? 노후 위해 착실히 돈 모았던 은퇴자의 결말,Politics
‘강제노동’ 빌미로 12.5% 관세 부과…‘슈퍼 301조’ 체제 본격화[Pick코노미],Politics
“삼전닉스 지금 들어가기엔 늦었죠”…전력·네트워크·로봇 돈 몰린다,Politics
"[뉴욕증시] '사상 최고' 엿새 만에 막 내려…팔란티어, 6.6% 급락",Politics
"""삼전·닉스, 매수 기회""…골드만삭스, 코스피 1만2000 전망",Politics
"美 원유재고, 호르무즈 봉쇄 장기화에 22년만에 최저수준",Politics
“코스닥 죽쑨다? 하반기에 봅시다”…ETF들의 ‘근거있는 자신감’,Politics
다우 1% 하락…美·이란 충돌 재점화에 유가·금리 급등[뉴욕마감],Politics
[속보] S&P500 9거래일 랠리 마감…유가 96달러·30년물 금리 5% 육박,Politics
랠리 끝낸 美증시 엔비디아·델↓…유가·국채금리 '부담',Politics
"NH아문디자산운용, AI 반도체 넘어 '전력·원전 인프라'로 간다",Politics
'방산·고배당' 한화자산운용… 다음은 '액티브'와 '글로벌',Politics
'월 배당·밸류체인' 시장 빈틈에 강한 신한자산운용,Politics
KB자산운용을 선택하는 이유 '투자자 맞춤형 상품 선제 공급',Politics
수익률이 증명…'반도체 투자 원조' ACE ETF로 완성한 포트폴리오,Politics
인류 첫 ‘1조 달러 부자’ 머스크… 기술 독점이 부른 ‘부의 초집중’,Politics
'반도체 ETF 명가' 미래에셋자산운용…TOP10 시리즈 흥행 확산,Politics
“쏠림 단호 대처” 한은 경고에도…1500원대에서 꿈쩍않는 환율,Politics
상부 개발 수익 있어야 '철도 지하화' 가능…서소문 고가도로 못 없앤다,Politics
"로봇팔 매출 반토막…두산로보틱스, 기댈 곳은 '젠슨 황'",Economic
"평년보다 4만톤 더 쏟아진 양파…정부, 비축 82% 늘려 가격 방어",Economic
"중동전쟁에 소비자물가 3.1%…정부, 석유 최고가격제·비축 농산물 등 방출",Economic
"원·달러, 야간 거래서 1540원 육박…금융위기 후 처음",Economic
"'5 18 민주화운동 폄훼 논란' 스타벅스, 5월 카드 결제액 131억원 급감",Economic
"코인원, 한투·OKX·컴투스와 4자 연합… 글로벌 종합 금융사 출사표",Economic
美 현대차그룹 공장서 기아 스포티지 첫 생산,Economic
NXT ‘기술 탈취’ 의혹 무혐의…조각투자거래소 사업 본궤도 오른다,Economic
"7개월 만에 다시 방한한 젠슨 황, 국내 기업이 챙길 실속은",Economic
스페이스X “몸값 1조7500억 달러 목표” 사상 최대 IPO 초읽기,Economic
노조 권한 확대에 초점…'성과급 사태' 등 리스크 키웠다 [이재명정부 1년],Economic
반도체주 고공행진…'녹아웃' 없는 삼전닉스 ELD 등장,Economic
메모리 편향에 조합원 뿔났다... 삼성전자 최대노조 1.8만 명 탈퇴,Economic
"'OLED 초격차 승부' LGD, 대만서 게이밍 모니터 판 키운다",Economic
초프리미엄·AI 기술 탑재... 삼성전자TV '적수가 없다',Economic
동탄 국평 20억대 신고가…‘셔세권’ 수지·영통도 꿈틀,Economic
"LG이노텍·삼성전기, 베트남 반도체 기판 증설 투자 속도",Economic
"[단독] 스페이스X 공모주, 국내 ETF·공모펀드에 담긴다",Economic
생산·충전·모빌리티 연계…수소 생태계 승부수 띄웠다,Economic
"젠슨황, 내일 온다…'삼쏘 회동' 광폭 행보",Economic
"칼라일, 청호나이스 및 관계사 1조원에 인수한다...본계약 체결",Economic
최성안號 삼성重 '바다 위 테슬라' 잡았다… 20억 전략 투자,Economic
코스피 8600까지 후퇴…중동 리스크에 외국인 순매도,Economic
"'젠슨황株' 급락한 날, 코스닥은 날았다",Economic
신영證 주주환원 속도 … 1조 자사주 소각 결정,Economic
"[단독] LG, 엔비디아 블랙월 GPU 1만장 도입",Economic
메모리만 챙겼다… 직원들 불만에 삼성전자 최대 노조 과반노조 지위 상실,Economic
"‘2조원대’ SK 울산 AI 데이터센터 지분 매각, 이달 말 본계약",Economic
"김정수 삼양식품 회장, 장남 전병우에 17.1만주 증여 “경영권 승계 포석”",Economic
"""AI로 3배 먹는다""…SOXL 잇는 전투개미 픽 될까 [한경 프리미엄9 TODAY]",Economic
"스페이스X IPO 앞두고, 외환당국 집중 감시",Economic
[단독] 피지컬 AI 속도내는 LG…엔비디아와 전방위 협력,Economic
美 다음은 K-우주산업…우주 ETF 경쟁 치열,Economic
사막에 SMR…공사 석달만에 35m 시설 뚝딱,Economic
"에너지 위기설·美 추가관세 우려에 환율 급등…""쏠림 과해""",Economic
관세·유가 '겹악재'…환율 1540원대로 치솟아,Economic
"박현주 “운용사 성패, 킬러 프로덕트에 달려”",Economic
성과급 갈등에 1만8천여명 ‘우르르’…과반 무너진 삼성 초기업노조,Economic
“도대체 누굴 뽑으려고?” 기약없는 차기 수장 선임…NH證 ‘깜깜이 임추위’ 논란,Economic
[단독] 금융당국 ‘제재 불복’ 줄소송… 과징금 환급액 눈덩이,Economic
[글로벌 핫스톡]AIDC 핵심 광연결반도체 공급하는 마벨,Economic
加 잠수함 수주 비밀병기 된 ‘수소 트럭’,Economic
은행 연합군에 미래·한투까지…가상자산 거래소 품기 경쟁 ‘4파전’,Economic
"압구정 휩쓴 현대건설, 정비사업 '최대실적' 또 쓰나",Economic
“연내 나스닥 토큰화증권 거래…韓 가만히 있는 게 최대 리스크” [비트코인 서울 2026],Economic
"삼성이 따라잡는다? ""꿈 깨""...TSMC 회장 내비친 자신감, 근거는",Economic
"“외인 또 7조 던졌다” 삼전닉스, 지금 사도 될까요?…‘4가지 방법’ 추천",Economic
"집값 더 뛰고, 자산 격차 커졌다...""보유세 올릴 것"" [이재명 정부 1년]",Economic
"'자사주 부자' 신영증권, 1조원어치 소각하고 나눠준다",Economic
“삼전닉스 놓쳤다면 이 종목” … 1년새 180% 뛴 ‘반도체 설거지’ 기업 [반도체플러스],Economic
[건설사 자금조달 진단] 단기·고금리 조달 몰리는 SK디앤디,Economic
"7달 만에 2번째 깐부 회동, 한국과 AI 동맹 노리나? [이브닝 브리핑]",Economic
삼성·닉스 쉬어가자 소외주 볕 들었다…非AI·코스닥주 반등,Economic
“스트래티지의 비트코인 매도는 성장통…장기적으로 회복할 것” [비트코인 서울 2026],Economic
"‘삼전닉스’ 쉼없이 팔더니, ‘뉴 깐부’ 종목 폭풍 매수…외국인 투자 종목 살펴보니 [투자360]",Economic
"SK TNS 매각, 복수 우협 선정...팬택C&I·KCA캐피탈",Economic
"[단독] 중국 1위 양쯔메모리, 4년 만에 한국 재진출",Economic
'국민차 쏘렌토 꺾었다'…1위 등극한 수입차 정체,Economic
일반주주 동의 없는 주식교환 괜찮나…신세계푸드 사례가 던진 질문,Economic
"체급 달라진 韓증시…""상법개정이 일등공신""",Economic
[코인뉴스] 비트코인 6만 달러 방어전…시장 촉각,Economic
"'국민연금 vs 이재용 회장' 손배소 1심…法 ""청구 원인 정리해야""",Economic
AI 열풍의 역설...역대급 스마트폰 시장 '혹한기' 온다,Economic
"""이번엔 어떤 '소맥' 마실까""…젠슨 황 방한에 주류업계 들썩",Economic
홈플러스 37개 점포 결국 폐점…희망퇴직금도 남의나라 얘기,Economic
'칩' 대신 '공' 잡고… 젠슨황 잠실 뜬다,Economic
“주식으로 좀 벌어서 하나 샀어”…명품 매장 불티나자 백화점주 ‘신고가’,Economic
"""더존·리멤버, AI發 산업재편 승자될 것""",Economic
"""韓과 할 일 정말 많다""..젠슨 황과 K제조업, '우정'이 '동맹'으로",Economic
[질문에 답하다] 오세훈 연임에 정비조합 반색… 재건축 속도 더 붙을까,Economic
"[퇴근길머니] 관세·중동 악재에 코스피 '숨고르기'…환율 1,530원 돌파",Economic
"삼성전자 초기업노조, 과반 지위 상실…1.8만명 '썰물'",Economic
총수 회동부터 예능까지…젠슨 황 3박4일 '광폭행보',Economic
"'브로드컴 충격·금리인상 공포'에 흔들…닛케이, 1.36%↓[Asia마감]",Economic
"코레이트, 쿠팡 품은 '서오산 물류센터' 매물로…실수요자 '눈독'",Economic
"김정수 삼양식품 회장, 아들 전병우 전무에 주식 17만주 증여",Economic
"국민연금 '삼성 합병 손배소' 2차 변론…""청구 원인 정리해야"" 지적",Economic
삼성전자 초기업노조서 1만8천명 이탈…과반노조 지위 상실,Economic
"LG이노텍, '알짜' 반도체기판 2배 키운다",Economic
외국인 지분 51% 넘은 KT&G…美 퍼스트이글도 5% 주주로,Economic
"""떨어질 재료가 없다""…악재 겹치며 환율 1530원 재돌파",Economic
"""젠슨 황 믿고 들어갔는데""⋯방한 기대주 줄줄이 급락, 개미들 '패닉'",Economic
"특고·플랫폼노동 최저임금 적용 노사 공방…""불가피"" vs ""불가능""",Economic
"홈플러스, ‘돌연 휴점’ 점포 37곳 결국 폐점",Economic
"브라질, 원유 30% 증산…세계 5위 산유국 도약 예고",Economic
"30년 농약사업 접는다…OCI홀딩스, 베트남 사업 태양광 중심 재편[only 이데일리]",Economic
코스피 유가·금리·환율 ‘삼중고’에 8600선 후퇴,Economic
"[자막뉴스] 결국 '과반 저지선' 뚫린 노조…""DS 들러리 싫다"" 초고속 탈퇴 행렬",Economic
“고물가 못 버텨”…버거·커피까지 줄줄이 가격 오른다,Economic
“반도체 공급 부족 오래 간다”…자신감 넘치는 TSMC,Economic
"'불장' 환호 뒤에 ""곧 떨어진다"" 22조 베팅…공매도 몰린 종목은?",Economic
외국인 19거래일째 ‘삼전·닉스’ 55조 팔아…환율 급등 원인으로,Economic
"'매도 폭탄' 당장은 피했지만...국장 비중 30% 국민연금, 쿨링다운 나설까",Economic
코스피 주춤하자 6거래일만 반등…소외됐던 코스닥에 볕드나(종합),Economic
내일부터 '젠슨 황' 데이…관련주 단기 변동성 주목,Economic
“AI 혈관은 광(光)통신…100년 표준 구리선 한계 왔다”,Economic
"[투자 노하우] 달러·원환율, 13.3원 오른 1529.7원 마감…중동 영향 ",Economic
“월드컵 보는 줄”…초접전 개표에 ‘이것’ 매출 급증,Economic
"""라이더도 최저임금 달라""…성과급 가더니 도급제 '임금 폭탄'",Economic
석유 이어 전력시장도 가격상한제?… 김성환 “발전사 초과이익 막겠다”,Economic
원·달러 1530원···‘3고’ 고통도 자영업자·서민에 쏠린 양극화,Economic
여신협회장 두번째 '민간 출신' 낙점…협회 수장 'KB 출신' 약진(종합),Economic
차기 여신협회장에 '非관료' 이동철…보험 유관기관장 바로미터될까(종합),Economic
"홈플러스, 휴업 37개점 결국 문닫는다",Economic
"삼성전자 교섭 주도한 초기업노조, 1.8만명 탈퇴 러시…과반 지지선 무너졌다",Economic
[民출신 여신협회장 시대]① 낙하산 끊었지만…이동철의 무거운 어깨,Economic
"""페이커!"" 외쳤던 젠슨 황, 방한 중 이상혁도 만난다",Economic
야당 당선에 힘 빠지나…기업은행 대구 이전 향방은,Economic
"최태원, 엔비디아·TSMC·폭스콘 수장과 연쇄 회동…AI 동맹 넓힌다",Economic
"신영증권, 발행주식 32% 자사주 소각…주당 배당금 7500원",Economic
왜 원화만 유독 약할까…유가·외국인 매도세·관세 '삼중 압박',Economic
현대모비스 구조조정 갈등 지속…본사 사무직 반발에 국제 공방까지,Economic
"“그러게, 욕심이 과했어”…메모리 독식 성과급에 삼전 최대 노조 과반지위 상실",Economic
지난해 코스피 상장사 현금배당 52.8조…역대 최대,Economic
"최태원, 대만서 글로벌 IT 거두들과 연쇄 회동…AI 주도권 쥔다",Economic
"한달새 40% 오른 삼성그룹 ETF, 자금은 덜 오른 '여기' 몰렸다",Economic
코스피 쉬어가자 소부장에 돈 몰려…코스닥 2%대 상승 마감,Economic
삼성전자 최대노조서 1만 8천 명 이탈…과반노조 지위 상실,Economic
"젠슨 황, 내일 오후 방한 ""서울 종횡무진""…'2차 깐부회동' 성수·홍대·힙지로 어디?",Economic
"외인이 내다판 '100조'...""개미가 다 떠안아"" 우려 커진다",Economic
"2770.84→'8639.41'…이재명 대통령 취임 1년, 코스피 '212%' 뛰었다",Economic
"""진짜 1만피 가나요?""…증시 파격 전망에 개미들 3가지 의문",Economic
"주주환원나선 신영증권, 1조 자사주 소각하고 배당도 확대",Economic
'1500원대 환율' 이어지자 달러보험 인기 시들,Economic
"[애프터마켓 브리핑] 코스닥, 엿새만에 상승…활성화 대책 주목",Economic
"코스피 8,600선 후퇴...환율 장중 1,530원 넘어",Economic
"""HBM 가격 또 오른다""...삼성·하이닉스 '슈퍼호황' 예고",Economic
"'KB맨' 이동철, 여신금융협회장 내정…산적한 과제 속 민간리더십 시험대",Economic
'핵잠 논의 본격화·캐나다 60조 수주전'…K잠수함 위상 커진다,Economic
"현대차 노조 “AI 도입, 노동자 대체 수단 안돼”",Economic
"삼양식품 김정수 회장, 자녀에 대출 800억원·주식 20만주 증여",Economic
젠슨 황 만나는 기업들도 주가 떨어졌다…환율 1530원 직전,Economic
본 사업 보다 주식 투자가 낫네...코스피 랠리에 웃는 중소·중견기업,Economic
'1만피' 장밋빛 전망에도 곱버스 타는 개미들…기관·외국은 순매도,Economic
"신세계푸드 주주들, 대주주 뺀 '소액주주 다수결' 던졌다",Economic
"환율, 두 달여 만에 1,530원대…외국인 매도 속 고공행진(종합)",Economic
"SK온 '그리드온', 美 ESS 승부수…""이상징후 30분 먼저 감지""",Economic
"""단순 실수도 과태료 500만원?""…국토부, '허위·미끼매물' 중개 광고 기준 정비",Economic
DX·비메모리 이탈에…삼성 초기업노조 과반지위 상실,Economic
"한화오션, 정부·군 수뇌부 지원 사격… CPSP 수주 총력전",Economic
"삼성전자 초기업노조, 과반노조 지위 상실…성과급 갈등에 조합원 이탈",Economic
"""반도체 덕에 호황"" 백화점株, 명품 매출 확대 속 '신고가'(종합)",Economic
"거꾸로 가는 코스닥, 1000선 방어 안간힘…코스피 디커플링 '왜'",Economic
[오늘증시] 코스피 외인 매도에 8630선 후퇴…코스닥은 2%대 상승,Economic
외국인 지분 51% 넘은 KT&G… 블랙록 이어 美 퍼스트이글도 5% 주주로,Economic
“스타벅스 불매한다” 이 말 진짜였네…‘탱크데이’ 논란 후 매출 100억 줄었다,Economic
"전기요금, 지역별로 달라지나…김성환 ""차등요금제 곧 공개""",Economic
삼성전자 '과반 노조' 무너졌다…성과급 후폭풍에 '탈주',Economic
“불장에 마통을 왜 갚아요”…가계대출 새 뇌관에 금융당국 고심,Economic
스페이스X  글로벌 자금 '블랙홀'…상장 이후 코스피로 유턴 가능성,Economic
"한투운용, 스페이스X IPO 참여…“우주 ETF·펀드에 즉시 편입”",Economic
"최태원 SK 회장, 젠슨 황 이어 대만 TSMC·폭스콘 수장과 릴레이 회동…'AI 동맹' 광폭 행보",Economic
"고삐 풀린 환율, 1540원 육박…금융위기 이후 최고",Economic
"7개월만에 한국 찾는 젠슨 황, 삼겹살 회동·프로야구 시구 예고",Economic
"""온다 온다 7년째""…지방 혁신도시 마이너스 프리미엄 속출[부동산AtoZ]",Economic
[속보] 삼성전자 최대 노조서 1만8000명 이탈했다…‘과반노조’ 지위 상실,Economic
"AI 반도체 붐에 기판도 공급난…K-기판, 잇달아 증설 나선다",Economic
"캐나다, 넷플릭스 겨냥 OTT 규제 철회…트럼프 압박에 물러섰나",Economic
짙어진 금리 인상 시나리오… 'PF' 정리 남은 2금융권 긴장감↑,Economic
"아이엠티 ""HBM 세정장비 삼성전자에 공급 추진""",Economic
[마켓인]보험사 M&A 깜짝 흥행 예고…원매자별 셈법 보니,Economic
"셀트리온, 1000억원 규모 자사주 소각 완료…연내 주주환원 2조원 추진",Economic
김성환 “전기요금 인상 단계 아냐… SMP·LNG 사후 정산제 검토”,Economic
"""택배·배달기사도 최저임금"" VS ""최임위 권한 밖""…3차 최임위 노사 공방",Economic
‘1만피’ 기대에 빚투 열기도 최고조…신용잔고 40兆 시대 눈앞,Economic
"미지정 회계사 끌어안는 회계법인…전문가들 ""미봉책, 선발 축소 뒤따라야""",Economic
17년 만에 1530원 뚫렸다…'고환율 뉴노멀' 우려 확산,Economic
"홈플러스, ‘영업 중단’ 37개 점포 결국 폐점…3500여명 고용 불안",Economic
'탱크데이' 후폭풍 끝났나?…신세계 주가 불기둥,Economic
"'상장 1년' 달바글로벌, 자사주·배당 카드…20만원선 회복할까",Economic
"​연간 1조 원 조달하는데…오뚜기, 감시기구 없는 이유",Economic
젠슨 황 효과 끝났나…기대감에 뛰었던 LG·SKT·두산株 '와르르'(종합),Economic
"대형마트, 또 일요일에 못 가나...여권 교체 지자체 '긴장'",Economic
코인 거래 넘어 투자상품까지… 한투·OKX 손잡은 코인원,Economic
"삼성중공업, 4조원대 美 FLNG 수주 소식에 주가 '우상향' [주가동향] ",Economic
"'젠슨 황' 방한 D-1, 외국인 '깐부株' 줄줄이 매각 (종합)",Economic
'희귀질환藥' 꼬리표 떼는 RNA치료제…적응증 확장 본격화에 존재감↑,Economic
선거 끝나자 분양 큰장…6월 4만가구 쏟아진다,Economic
"[르포] 아모레·LG생건 짐싸고, 고기 매대엔 도마만…에어컨마저 꺼진 홈플 ‘청산 공포’",Economic
"TSMC 회장, ‘향후 수년간 TSMC 성장 확신’",Economic
기존 호황에 AI 더했다…K-조선 '슈퍼사이클 시즌2' 기대감,Economic
스페이스X 상장 임박…주목받는 韓 태양광,Economic
"엘앤에프플러스, 국민성장펀드서 '2200억' 지원 확정…LFP 양극재 양산 본격화",Economic
삼성전자 최대노조서 1만8천명 이탈…과반노조 지위 상실,Economic
"코스피, '역대 두번째' 외인 순매도에 8,630선 후퇴…코스닥 2%대↑(종합)",Economic
"""정부가 3000억 건 백신""…21가 폐렴구균 백신에 쏠리는 기대감",Economic
"김성환 기후장관 ""지역별 전기요금 곧 공개..산업용 요금 하향해야""",Economic
"상장 후 32% 빠진 케이뱅크, 보호예수 1차 해제 'D-1'",Economic
"KODEX 200, 순자산 30조원 돌파…국내 ETF 최초",Economic
여신금융협회장에 이동철 전 KB금융 부회장 내정,Economic
젠슨 황 5일 방한…'삼겹살 회동' 이어 판교행 전망,Economic
K증시 전 세계 13위에서 6위로…1년새 코스피 앞자리 6번 바뀌었다,Economic
배달라이더 최저임금 본격 심의…노사 정면충돌,Economic
"""겁없는 개미, 다 받아내"" 외인 7조 매도폭탄 '방어'...빚투 눈덩이",Economic
"'첨단 반도체 기판' 삼성전기, 삼전닉스 제치고 검색 1위로 [빅데이터로 본 재테크]",Economic
"오세훈 재선에 정비사업 기대감↑…""집값 변수는 결국 정부 정책""",Economic
"AI 시대 최대 자금 블랙홀…스페이스X, 코스피 자금도 빨아들이나",Economic
"외국인 7조 폭탄에 코스피 털썩…환율 1,530원",Economic
"신영증권, 1兆 자사주 소각 결정…'주주환원' 보폭 넓힌다",Economic
"삼성물산, 신고가 새로 쓰고 10% 급등 마감[핫스탁](종합)",Economic
[마켓뷰] ‘삼전닉스’ 쉬어가자… 차익실현·순환매 나타난 증시,Economic
스페이스X 국내 공모 물건너갔다…사모 방식 유력,Economic
반도체 소부장 강세에 모처럼 웃은 코스닥…코스피는 숨고르기,Economic
코스맥스 신용등급 상향… 공모채 시장 등판 가능성 주목,Economic
"코스피, 외인 7조 순매도에 1.8% 하락…코스닥은↑[마감]",Economic
외인 7조 던졌다…코스피 1.8% 하락에 환율도 1530원 목전,Economic
"김성환 장관 ""국제 경쟁 위해 산업용 전기요금 하향 안정화해야""",Economic
"“무주택자 기회라더니”…42억 반포 아파트, 85억에 팔린 이유",Economic
"코인원 ""종합 금융사로 도약""…한투·OKX와 4각 동맹 출범 [현장+]",Economic
"인터엑스 싱장 예심…기존 투자자 ""공모 분위기 좋아 구주 안판다""",Economic
"[단독]HD현대重 ""4대 보험 미가입 하청 직원, 출입 금지"" 초강수",Economic
'외부출자·해외투자 족쇄' 풀리나…잠잠했던 CVC 설립 다시 꿈틀,Economic
"김성환 기후장관 ""전기차 보조금 추가배정 추진…전기료 인상 상황 아냐""",Economic
"교보생명, 불어난 해약환급금준비금 1.8조…기본자본에 미칠 파장",Economic
김성환 “中과 경쟁하려면 산업용 전기요금 내려야”,Economic
'삼전닉스' 쉬어가자 '드디어 기회왔다'…소부장 20% 날았다,Economic
"코스피, 삼전·SK하닉 숨고르기에 8630선 후퇴…삼성물산 10%↑",Economic
"기후장관 ""산업 전기요금 하향 필요…지역별 요금제 곧 공개""",Economic
"기후장관 ""산업용 전기요금 부담 낮출 것""…LNG 급등엔 '폭리 방지'""",Economic
한투·OKX·컴투스·코인원 ‘4자 동맹’…“제도권+디지털자산 묶는 허브 구축“,Economic
“고유가도 벅찬데 환율 1530원 시대는 또 처음”…금융위기급 악재에 우는 항공업계,Economic
신영증권 자사주 526만주 소각…배당금도 50% 올렸다,Economic
젠슨 황 내일 전세기로 김포공항 입국…삼겹살 회동에 시구까지,Economic
"美 행동주의 펀드 달튼, 슈프리마 주요주주 등극…주주활동 나서나",Economic
外人 '셀코리아' 언제 멈추나…코스피서 19일째 '팔자'에 66조 순매도(종합),Economic
코스피 상장사 지난해 배당금 52.8조원 ‘역대 최대’ [투자360],Economic
“침체 길어지면서 장기 투자자도 팔았다”…앞으로도 계속?,Economic
홈플러스 휴업 37개점 ‘폐점’ 결정…근무 인원만 3500명,Economic
"덴마크, 40년 만에 SMR 도입 추진한다",Economic
외인 매도 폭탄에 주저앉은 코스피…코스닥은 6거래일만 반등,Economic
'5선 성공' 오세훈 테마주 일제히 강세…진양화학 '상한가'(종합),Economic
"""한 푼도 못받고 나가나"" 홈플러스 37곳 폐점 통보..직원 3500명 운명은?",Economic
"엔비디아·TSMC 이어 폭스콘까지…최태원 회장, 대만서 'AI 동맹' 광폭 행보",Economic
찬밥 신세였는데…예별손보·KDB생명 인수전 왜 불 붙었나,Economic
美 석유재고 22년만에 최저…유가 상승 뇌관,Economic
지인 명의로 농지 구입해 수억원 차익…양도소득세 나오자 잠적,Economic
두 달 만에 1530원 뚫은 환율…당국 구두개입에 1529.7원 마감(종합2보),Economic
6.3 지방선거 최대 승부처 ‘서울 시장’ 선거…부동산 민심이 갈랐다,Economic
“스페이스X 상장 전 이것 사라”…6월말 돈 버는 단타 종목,Economic
“적당히들 하입시다”…BTS도 지적한 ‘숙박 갑질’ 손 본다,Economic
6월은 해외자산 신고의 달…5억 초과 해외계좌 신고 필수,Economic
중국 자본 논란에 멈춘 이지스 M&A…칼라일·태광 다시 나오나,Economic
"SK실트론 매각 협상 장기화 왜…""반도체 호황에 달라진 몸값이 변수""",Economic
"브룩필드, 2030년까지 한국 AUM 최대 30조 원까지 늘린다",Economic
압구정·성수 삼킨 현대·GS…상반기 15조 ‘양강 체제’ 굳혔다,Economic
"이동철 전 국민카드 대표, 차기 여신협회장 최종 후보로 낙점",Economic
“전자파 무서워” vs “법 지켜도 막막”…주민 반발에 갈 곳 잃은 데이터센터 [안다솜의 家봄],Economic
최저임금위 3차 전원회의...“플랫폼 노동자 보호해야” vs “법적 근거·현실성 부족”,Economic
오리온 노조 오늘부터 부분파업…업계 최고 연봉에도 갈등 왜?,Economic
"홈플러스, 휴업 37개점 문 닫는다…희망퇴직 실시",Economic
"홈플러스 불똥…LG전자, 베스트샵 빼고 '직접 운영' 총대",Economic
AI까지 동원한 보험사기 횡행 지적에…금융당국 칼 빼들었다,Economic
스벅 '부활'에 셈법 복잡해진 신한카드…제휴카드 출시 '촉각',Economic
"티빙, 합병 공전 속 정보 유출까지 '첩첩산중'…돌파구 찾을까",Economic
젠슨 황 방한에 게임株 수혜…엔씨·크래프톤 주목,Economic
"서울 전세, 빌라마저 올랐다…15년 만에 최대 상승률 [부동산360]",Economic
"국세청 칼 빼들자 슈퍼카 시장 '흔들'…""법인차 수요 급제동""",Economic
원달러 환율 13.3원 오른 1529.7원 마감... 튀르키예 리라보다 더 약세,Economic
"오스코텍, '조기 LO모델' 유지…'항내성·섬유화'로 재편 [현장+]",Economic
"팀코리아, 4조원 규모 美 루이지애나 FLNG 해양플랜트 수주",Economic
"가온전선, 美 데이터센터 전력망에 ‘송전용 케이블’ 첫 공급",Economic
"홈플러스 노조 ""점포 마구잡이 폐점…유암코 개입 약속 이행해야""",Economic
"LG이노텍, 베트남 반도체기판 공장 증설…3조 사업 키운다",Economic
"'탱크데이' 후폭풍 끝?… 스타벅스, '카톡 선물하기' 1위 탈환",Economic
"'황제주' LG이노텍·삼성전기, 베트남 반도체 기판 증설 투자 속도",Economic
"모건스탠리 ""메모리 병목, '칩플레이션' 야기""",Economic
AI 심장부 찾은 최태원…젠슨 황·TSMC·폭스콘 연쇄 회동,Economic
선거 뒤흔든 부동산…매매·전월세난에 집주인도 임차인도 여당 견제,Economic
반도체 동맹 직접 챙기는 최태원…폭스콘 류양웨이 회장과도 회동,Economic
‘젠슨 황 효과’ 이번엔 삼겹살·소주?…유통업계 기대감 고조,Economic
“주담대 막히면 사업자대출로”…집 살 때 이런 말 못한다는데,Economic
BTS특수 악용 '숙박갑질' 차단…요금인상 노린 취소는 2배 배상(종합),Economic
"SK온, 美서 차세대 ESS ‘그리드온 Gen2’ 처음 선봬",Economic
엔비디아 젠슨 황 CEO 오늘 방한... 국내 기업 총수들과 연쇄 회동,Economic
"[단독] 삼성 패키징 개발직 ""강제 전배로 불이익""...조직 복귀 요구",Economic
"환율 장중 1,530원 넘어‥코스피 하락",Economic
"‘성과급 후폭풍’ 삼성전자 초기업 노조, 과반 노조 지위 상실",Economic
"젠슨 황, '로봇 강자' 두산도 찾아...피지컬 AI 협력할 듯",Economic
"공정위 ""넥스트레이드 기술 탈취는 없었다""",Economic
"최태원 SK 회장, 대만서 광폭 행보... 폭스콘 회장까지 만났다",Economic
"넥스트레이드, 기술 탈취 의혹 벗었다…조각투자 거래소 4분기 개설 속도",Economic
"LGD, 게이밍 OLED 초격차 확대…글로벌 고객사에 차세대 기술 공개",Economic
스타벅스 결제금액 더 줄었다…'탱크데이' 논란 후 2주간 107억 감소,Economic
"낡은 것은 죽고, 새것은 오지 않은 ‘괴물들의 시대’…포퓰리즘이 그 틈을 파고들었다”",Economic
"코스피 상장사, 작년 현금배당 52.8조 ‘역대 최대’…배당성향 42% 훌쩍",Economic
"한투운용 ""스페이스X IPO 참여…우주ETF·펀드에 바로 배정""",Economic
"한투·OKX·컴투스 손잡은 코인원…""디지털금융 판도 바꿀 것""",Economic
서울 집값 2주째 0.25% 상승…올해 전세 상승률 지난해 6배,Economic
기업인 출신 'AI 전문가' 하정우·'반도체 전문가' 양향자 나란히 고배,Economic
‘쪼개기 상장’ 주주행동 나선 액트…다산네트웍스·휴온스글로벌 의결권 확보 나서,Economic
"'4자 연합' 코인원 ""종합 금융플랫폼 도약""",Economic
"코인원 품은 한투증권 ""재무적 투자 아닌 전략적 투자 일환…가상자산 허브 될 것""",Economic
"""따라잡겠다고? 꿈 깨라"" TSMC 회장, 삼성 추격 가능성 일축",Economic
"[메자닌 투자파일] 삼미금속, 상장 이후 첫 CB…고부가 시장 정조준",Economic
"HD건설기계, 유럽 군 조달 첫 대규모 수주…폴란드에 불도저 공급",Economic
"""희귀 혈액질환 시장 넓힐 파트너""⋯오스코텍, 아지오스 선택한 이유[현장]",Economic
"외면받던 노원 재건축, 강북 정비사업 최대 격전지 될까",Economic
"LG디스플레이, 최상위 ‘게이밍 모니터’ 대만서 첫선",Economic
대구경북 홈플러스 5개 지점 결국 폐점… 희망퇴직도 단행,Economic
연준 내 늘어나는 매파…친트럼프 인사마저 금리 인상 가능성 시사,Economic
SK하이닉스 선물 40조 쌓였다… 단일종목 ETF 열풍에 커지는 변동성 공포,Economic
"우버, 로보택시 판 다시 뛰어든다…누로에 5억달러 베팅",Economic
"금감원, 홍콩 ELS 과징금 대폭 낮춘다... 1.4조→6000억원으로 감경",Economic
"‘12.5%’ 301조 추가 관세…정부, 미국에 “기존 합의 틀 내에서 협의해야”",Economic
"대한전선, 영국서 650억 규모 초고압 케이블 수주",Economic
"젠슨 황 CEO, 내일 오후 5시20분쯤 전세기로 김포공항 도착",Economic
"[속보]젠슨 황, 내일 방한…‘삼겹살 회동’ 등 한국서 광폭 행보",Economic
"증권사 인수 숙원 안은 OK금융, 예별손보로 종합금융 발판 마련하나",Economic
"렉라자 이을 신약 찾는다…오스코텍, 항내성 항암제 개발 집중",Economic
"젠슨 황 5일 입국, 올해는 ‘삼겹살 회동’",Economic
"젠슨 황, 5일 오후 방한…구광모·이해진과 회동할 듯",Economic
"[단독]젠슨 황, LIG D&A 방문 검토..방산·피지컬AI 협력 논의",Economic
"스페이스X 투자의 모든 것…얼마에, 어떻게 살까 [QnA]",Economic
“실손보험 보장 줄어든다고?”…‘추가 상품 가입 유도’ 마케팅 활발,Economic
"젠슨 황, 내일 오후 한국 입국…재계 총수들과 만찬 예정",Economic
용산·과천·성남 줄줄이 野 단체장…1·29  공급대책 ‘가시밭길’,Economic
홍콩ELS 과징금 8000억 축소 기류…은행권 '즐거운 비명' 지르나,Economic
KB운용 'RISE 현대차고정피지컬AI ETF' 순자산 5000억 넘어,Economic
"젠슨 황, 내일 나흘 일정 방한…촘촘한 일정, 서울대생도 만난다",Economic
"BTS 공연 '숙박 바가지' 막는다…""예약 취소 땐 200% 배상""",Economic
"셀트리온, 1천억 규모 자사주 소각 완료…주주환원 '속도'",Economic
"한층 깊어진 블랙으로 몰입감↑…LGD, 대만서 차세대 기술 대거 공개",Economic
"""국평 20억 시대"" 동탄 신고가, 일산은 4억 '뚝'...집값 엇갈린 이유",Economic
"젠슨 황, 잠실 마운드 오른다…두산과 AI 동맹 강화",Economic
"'20% 지분 규제' 대비했나…코인원, 한투·OKX 끌어들여 지배구조 재편",Economic
"한투, 왜 빗썸 아닌 코인원 택했나…""뚫린적 없는 보안성""",Economic
"젠슨 황, 5일 오후 5시20분 김포공항 입국…재계 총수들과 회동(종합)",Economic
"젠슨 황, 내일 오후 5시 전세기로 김포공항 입국…총수들 만난다",Economic
"""1만피 간다"" vs ""조정장 온다""…지선 끝난 국장, 어디로 갈까",Economic
"한투·OKX, 국내 3위 거래소 코인원 공동 3대 주주 합류",Economic
"효성, 창사 60년만에 첫 ‘사무직 노조’ 초읽기…노사 리스크 급부상 [only 이데일리]",Economic
"금감원, 실손보험 적자 2조원 육박…비급여 보험금 절반 넘어",Economic
소외됐던 코스닥의 반격…6거래일 만에 반등[마켓시그널],Economic
AI·반도체 잭팟에…지난해 백만장자 200만 명 더 쏟아졌다,Economic
"""20살 맞은 DSM, AI 품었다""… 시놀로지 '프라이빗 AI 플랫폼' 선포 [컴퓨텍스 2026]",Economic
"'삼전닉스'가 끌어올린 한국기업 순이익, 18년 만에 일본 추월 전망",Economic
BTS 공연 앞두고 ‘숙박 취소’ 갑질…계약금 환급·200% 배상 추진,Economic
‘반도체 벨트’ 동탄 아파트값 ‘쑥’… 서울은 상승률 그대로,Economic
예별손보·KDB생명에 높아진 ‘관심’… 매각 장수생 이번엔 팔릴까,Economic
비트코인 하락에 알트코인도 '흔들'…솔라나 5% '뚝'[특징코인],Economic
꺾이지 않는 서울 집값…전세는 더 뛰었다,Economic
"젠슨 황, 내일 17시 김포공항 통해 입국…‘소맥 회동’부터 잠실 시구까지",Economic
"삼성전자, 1분기에도 글로벌 TV 시장 1위…21년 연속 1위 눈앞에",Economic
"컴투스홀딩스, 코인원·한투·OKX와 디지털 금융 혁신 도전",Economic
젠슨 황 5일 입국 '삼겹살 회동'…피지컬 AI 동맹 韓 낙점(종합),Economic
"K-바이오, 상반기 기술수출 질주…13조원 달해",Economic
"정부 ""올해 물가 '한은 전망치 2.7%' 크게 안 벗어날 듯""(종합)",Economic
"“BOJ, 이달 금리 올린다”…엔저·물가에 연내 추가 인상 무게",Economic
"젠슨 황, 내일 전세기로 방한…나흘간 한국서 광폭 행보(종합)",Economic
한화에어로 전 사업장 '올스톱'...수주 제동 우려도,Economic
"""다이어트 성수기 왔다"" 비만ETF 기지개",Economic
"[속보] 젠슨 황, 내일 오후 입국…전세기 타고 김포공항 도착",Economic
"홈플러스, 영업 중단 37곳 매장 폐점한다…""M&A 위한 결정""",Economic
AI 기대주 日 소프트뱅크 10% 급락…차익실현 매물 쏟아져,Economic
"한국투자證 ""주식-가상자산 투자 상호연결 추진""",Economic
[비트코인 지금] 이란전쟁 이후 최저 수준 '뚝',Economic
이마트도 태국산 계란 판다…‘계란값 부담’에 수입란 확대,Economic
"3만 원대 매입 적중한 이한우 대표, 14만 원대서도 담았다… 현대건설 경영진 자사주 매입",Economic
동탄발 집값 상승세…경기 남부 집값 달군다,Economic
"[티타임] 코스피, 8700선 숨 고르기…코스닥은 2%대 상승세",Economic
"“AI 산업, 더 빠른 HBM 더 큰 GPU보다 오케스트레이션 주목”",Economic
“AI 투자 더 해야”…알파벳 20년만에 130조 유상증자,Economic
오세훈 “새벽 5시 승리 직감...GTX 개통 최우선 과제로”,Economic
"HD현대일렉, 친환경 기기 개발 끝냈다…""유럽 공략""",Economic
[ETF 따라잡기] 中 '유니트리' IPO 통과 관련 ETF 관심 가져볼까,Economic
"[셀럽의 한 수] 환율 1,530원까지 터치 ""뉴노멀, 적응하게 될 것""",Economic
메타 새 AI 모델 API 언제 나오나…개발자 배포 또 지연,Economic
"엔비디아 젠슨 황·두산 박정원, 잠실 마운드서 'AI·로봇 동맹'",Economic
"""잠시 휴업이라더니""…홈플러스 37개 매장 결국 폐점",Economic
‘상록수’는 끝나지 않았다…ABS 시장서 커지는 부실 이전 구조,Economic
젠슨 황 시구·박정원 시타…잠실서 만나는 엔비디아·두산 'AI 동맹',Economic
"HD현대, 캐나다 잠수함 수주전 계열사 '종합 패키지' 승부",Economic
"트럼프 행정부 공직자들, 스페이스X에 수백만 달러씩 투자",Economic
"성수4지구 재개발, 시공사 선정 절차 제동…'이주비 20억' 적법성 검토",Economic
"코인원, 한투증권·OKX 품었다…""디지털금융 4자 연합 출범""",Economic
"젠슨 황, 5일 오후 김포로 입국…中 맞설 피지컬 AI 동맹 韓 낙점",Economic
석유 최고가격제 석 달차…정유업계 손실보전 '줄다리기',Economic
"탈벅 이제 끝났나...스타벅스, 카톡 선물하기 1위 올라",Economic
"젠슨 황 수혜주 따라탔다가...""하루 만에 -14%"" 불나방 개미 눈물",Economic
"美재무 ""인플레는 일시적""…코로나발 9% 물가 오판 악몽 잊었나",Economic
쏘렌토·그랜저 다 꺾었다…테슬라 ‘모델Y’ 첫 국내 판매 1위,Economic
"[현장] ""거래소 넘어 금융 플랫폼으로""…코인원의 승부수",Economic
BTS 공연 ‘숙박 바가지’ 막는다… 예약 취소 땐 200% 배상,Economic
"최태원, 엔비디아 이어 TSMC 수장과 회동…AI반도체 동맹 공고화",Economic
부동산 대란에 돌아선 서울 민심…1년 만에 吳 역선택했다,Economic
"조각투자거래소 예비인가 NXT, '스타트업 기술탈취' 의혹 벗었다",Economic
"오스코텍 ""1조 규모 기술이전 계약…3년내 또 다른 성과 낼것""",Economic
최근 유가가 배럴당 100달러를 넘지 않는 3가지 이유,Economic
"보령 ""공정위 '탁소텔 복제약' 매각 조치 성실히 이행할 것""",Economic
"젠슨황, 내일 김포공항 입국 후 곧바로 성수동 식사자리 간다",Economic
"""임상 3상 벽 넘었다""…오스코텍, 최대 1조 기술수출 성사",Economic
코스피 주춤하자 6거래일만 반등…코스닥 스포트라이트 받나,Economic
[6·3 지방선거]진보 교육감 10명 당선…수도권 싹쓸이하며 우위 회복,Economic
"[단독] 현대차·기아, 美 현지화 지수 토요타 제쳤다…1년 새 2배 급등",Economic
통장 가압류돼도 월 250만원 사수…일반인도 가능한 ‘생계비계좌’ 활용 가이드,Economic
"英·美 전력고속도로, K케이블 깐다…대한·가온 대형수주 잇따라",Economic
"'휴업' 상태 홈플러스 37개 매장, 결국 폐점 수순",Economic
"회생계획안 시한 D-30…홈플러스 매각·폐점 본격화, 노조는 무기한 단식",Economic
"“美, 한국산 관세 15% 안 넘긴다”...김정관 장관 “작년 합의 수준 준수 확인”",Economic
"오스코텍 ‘세비도플레닙’, 좌초 위기 딛고 ‘1兆 수출’로 부활…“2030년 이전 허가 기대”",Economic
'성과급 부촌' 동탄 0.60% 급등…강남 상승률의 3배,Economic
"'우회상장' 면했지만…휴온스그룹, 규제 문턱 넘을까",Economic
"머스크, 세계 첫 ‘조만장자’ 눈앞…스페이스X 기업가치 2700조 도전",Economic
"투자 고수들, 반도체 소부장·로봇 집중 매수…대형주 온기에 소부장 몸값 껑충",Economic
음식·숙박 바가지 ‘원스트라이크 아웃’…일방 취소시 200% 배상,Economic
선거 끝나자 환율 1530원 직행…“1500원대 뉴노멀 될라” 우려,Economic
롯데택배 '신급지체계' 갈등…노란봉투법 시대 첫 '원청 교섭' 시험대,Economic
"메타, 새 AI 모델 API 공개 연기 지속…수익화 언제쯤?",Economic
서울 아파트값 0.25% 상승…반도체 호재에 동탄 '고공 행진',Economic
“오세훈 당선에 걸어 2.4억 벌었다”…‘역대급 베팅’ 화제,Economic
"새 최대주주 맞은 서울전자통신, 자회사 매각 계약금 반환에 반대매매 리스크까지",Economic
반도체 벨트 동탄 ‘불기둥’…강남3구도 강보합,Economic
"정부, BTS 부산공연 앞두고 '바가지요금' 합동점검…적발 시 세무조사",Economic
"서울 아파트 전셋값 오름세, 매매 또 추월…동탄 아파트값 전국 최고 상승[부동산AtoZ]",Economic
"더 비싸게 팔려고 숙박예약 파기하면 방값 2배로 물어낸다…정부, 숙박업 '꼼수 취소'에 배액배상 제도 도입",Economic
"예약 취소시 숙소요금 200% 배상…정부, 바가지 근절 총력전",Economic
"美 301조 압박에 김정관 ""15% 관세상한 재확인""…EU 철강쿼터 확보전",Economic
"포커스에이아이, 80억원 유증 납입 완료 ""AI 물리보안솔루션 성장 본격화""",Economic
"오스코텍 ""면역질환 치료제, 2030년 3상 진입 목표…상용화 속도""",Economic
"[오후장 체크포인트] 브로드컴 어닝 후 '비틀' ""펀더멘털 이상무""",Economic
"코스피, 8700선 횡보…외국인 '매도 폭탄'",Economic
"""스페이스X, 공모가 135달러에 기업가치 2686조원 목표""... 역대 최대 IPO 추진하나",Economic
"'李대통령 명예훼손' 모스탄 출국정지 유지…""수사상 필요""",Economic
"[직설] 6.3 지방선거, 여당 압승 속 서울시장 오세훈 당선…서울 집값 영향은?",Economic
[시장 따라잡기] 엔비디아 '휴머노이드 동맹' 합류할 국내 기업은?,Economic
AI 투자 확산에 반도체 밸류체인 주목…ACE ETF 맞춤형 라인업,Economic
"입사 동기 수익률 보고 '헉'…""굴려라"" 퇴사일이 달라진다",Economic
"스맥, 최영섭 회장·권오혁 대표 자사주 장내 매수",Economic
"미국 실효관세율, 10대 수출국 중 한국 6위…일본보다 낮아",Economic
정부 개입도 안 통했다…원·달러 환율 1530원 돌파,Economic
"김성환 한투증권 사장 ""코인원, 단순 재무투자 아닌 전략적 투자""",Economic
"“세계 1위 기술력으로 협력”…HD현대, 加잠수함 수주 총력 지원",Economic
"홈플러스, 잠정 영업 중단 37개 점포 결국 폐점키로",Economic
"김정관, 러트닉과 화상면담 ""한국 관세, 15% 상한선 재확인""(종합)",Economic
"스맥, 회장·대표이사 자사주 장내매수…“반도체·로봇 기반 성장 자신감”",Economic
삼성바이오 가처분 항고심 내일 첫 심문…‘24시간 연속공정’ 전체로 파업 금지 확대될까,Economic
코인원·한투·OKX·컴투스 “새로운 디지털자산 금융 패러다임 제시” [크립토360],Economic
"TSMC 회장, AI 자신감…“향후 수년간 공급 부족 지속”",Economic
초기 자금 부담 낮춘 '신혼희망타운'…신혼부부 내 집 마련 '숨통',Economic
"삼성전자, AI發 낸드 호황 속 1위 수성…1분기 점유율 29%",Economic
"오스코텍 ""세비도플레닙 2030년 전 상용화 기대…로열티 7~15%""",Economic
"셀트리온, 1000억원 자사주 소각 완료…연내 누적 2조원 목표",Economic
선거 숙제 끝낸 李정부…시장에 내밀 부동산 '규제 청구서'는 [QnA],Economic
"글로벌 ETF 428조 굴리는 미래에셋…박현주 ""미래는 ETF에 있다""",Economic
[6·3 지방선거]청와대 출신 7인 희비…우상호 강원 탈환·하정우 고배,Economic
오스코텍 “내년에 기술 수출 물질 임상 3상 돌입…29년까지 추가 기술 이전 추진”,Economic
"삼전닉스 무섭게 뒤쫓는 중국…""1년 새 매출 445% 폭증""",Economic
"커피 2천 원도 무너졌다…선거 끝난 6월, 외식물가 줄인상",Economic
"60조 캐나다 잠수함 승부수… HD현대, 에너지·건설기계까지 총동원",Economic
"LGD의 자신감 ""中 OLED 추격? 아직 상당한 격차""",Economic
선거 끝나자마자 ‘봉인 해제’… 홍콩ELS 과징금 8000억 깎아준다,Economic
美 비축유마저 바닥 보인다…월가 덮친 '재고 공포',Economic
"잠실7동 ""개표해야 오세훈 당선확정"" VS. ""선거 무효""",Economic
"업비트·빗썸 양강 흔들까…코인원, 한투·OKX 업고 '디지털금융' 승부수",Economic
"달리오 ""AI 버블, 결국 터진다"" 경고…브로드컴 전망 '삐걱'",Economic
"[경제 포커스] 韓 경제 좋다는데...원화 가치, 달러-위안화-엔화 대비 모두 약세",Economic
[경제읽기] 6·3 지방선거 후 증시·부동산 전망은?,Economic
"젠슨 황, 두산베어스 경기 시구…박정원 두산그룹 회장 시타 화답",Economic
"韓美 관세협상 효과…韓, 대미 실효관세율 순위 3위→6위",Economic
"투석·이식 말고 답 없던 콩팥병…릴리, 2조9000억 원 베팅 이유",Economic
"최태원 회장, TSMC 회장과 회동…반도체 '삼각동맹' 굳힌다 [컴퓨텍스 2026]",Economic
박현주 미래에셋 회장 “킬러 프로덕트로 글로벌 영토 확장”,Economic
배달·택배기사도 최저임금 적용되나…최임위 논의 촉각,Economic
"“부장 된지 한달도 안됐는데요”…정몽구 회장, “이제부터 이사 해”",Economic
"본사 이전 확정한 HMM 매각 재개하나… 산은, 사용가치 평가 작업 착수",Economic
"정몽구 회장, 이사가 고속 승진 사양하자 기발한 방법으로…",Economic
"양자컴퓨팅 대장주 노리는 퀀티넘…IPO 흥행, 오늘 밤 나스닥 상장",Economic
"젠슨 황, 왜 또 한국 총수들 찾나...'AI 깐부' 2라운드",Economic
만두·햇반 다음은 김밥…CJ의 '카테고리 확장 공식',Economic
수입차 2대 중 1대 전기차…테슬라가 끌고 BYD가 보탰다,Economic
비트코인 순간 6만2000달러 붕괴…'큰손 투매' 약세장 공포 확산,Economic
"[컴퓨텍스2026] 삼성D·LGD, 게이밍 OLED로 中 추격 따돌린다",Economic
"‘150조 엔비디아 펀드 장착’ 브룩필드, “韓 첨단산업에 300억弗 투자”[시그널]",Economic
‘1달러=1500원대’ 외환위기 후 최장… 수출 호황에도 흔들리는 원화,Economic
"JP이노베이션, 순익 14배 뛰자 IPO '작전상 후퇴'",Economic
6월은 해외자산 신고의 달…신탁도 신고 잊지마세요,Economic
"한투운용, 스페이스X IPO 참여…'우주테크 ETF' 편입 비중 확대",Economic
"""시구에 유퀴즈까지""…젠슨 황, 이번엔 어디서 잘까",Economic
"공정위, 보령 ‘탁소텔’ 인수 제동…“항암제 독과점 우려”",Economic
“예전엔 가득 채웠는데”…그많던 오징어는 어디로 갔을까 [푸드360],Economic
브룩필드 “韓 주거 시장 큰 관심… 규제 변화에 주목”,Economic
"홈플러스, 37개 휴점 점포 결국 폐점…직원 희망퇴직 시행",Economic
6월은 해외자산 신고의 달.. 해외금융계좌·신탁 신고하세요,Economic
"[Q&A] 해지했던 해외금융계좌, 국세청에 신고해야 돼요?",Economic
[마켓인]“우린 일반 사모펀드와 달라”…브룩필드가 밝힌 韓 M&A 청사진,Economic
조단위 ‘빅딜 메이커’ 브룩필드 “한국에 2030년까지 30조원 투자”,Economic
공정위 “보령 항암제 사업 매각하라”... 글로벌 M&A 첫 제동,Economic
1조弗 굴리는 브룩필드 “한국은 글로벌 톱3 투자처”… AI 인프라 이어 임대주택도 눈독,Economic
"해외금융계좌 신고, '잔액 산출'과 '기준일'에 유의하세요",Economic
"""한국 부동산, 여전히 핫하다""…브룩필드 3대 투자처는",Economic
‘돈 먹는’ 따개비 잡아라...KCC가 선박 페인트에 올인한 이유[중기+],Economic
"보령, 사노피 항암제 인수에…공정위 ""제네릭 사업 팔아야""",Economic
"""한국선 애플 못 나와""···대학 창업 가로막는 두 차례 '죽음의 계곡'",Economic
“수주 잭팟” 파두 대만서 비밀병기 공개,Economic
5억 넘긴 해외계좌 이달 말까지 신고…올해부턴 해외신탁도 포함,Economic
"이직 근로자 10명 중 4명, 임금 줄여 옮겼다…30대서도 38%",Economic
"韓 대미 실효관세율, 10대 수출국 중 3위→6위 '부담 완화'",Economic
보령의 오리지널 항암제 영업양수 승인…복제약 영업 매각 조건,Economic
"[단독]월급여 3개월분? 보상 못 받을 수도...홈플, 3000명 희망퇴직 통보",Economic
"""게이밍 OLED 수율 95% 달성""…LGD, 하이엔드 모니터 '초격차' 잇는다",Economic
"""더는 못 버텨"" 외식·카페업계, 3%대 물가에 가격 인상 움직임",Economic
60조 잠수함전 판 흔든다…현대차 앞세운 4조 협력안,Economic
HD현대 캐나다 잠수함 수주전 '올인'…계열사 총력 지원,Economic
“샤이 보수 못 잡았나” 출구 예측조사 굴욕,Economic
'미토스 공포' 한 숨 돌렸나?...'글래스윙'에 SKT 이어 반도체 투톱도 탑승,Economic
"""안방 포화""…SKT, 외국인 요금제로 40% 탈환 나선다",Economic
브로드컴 주가 14%↓…AI 칩 연매출 전망 유지에 실망,Economic
"""노트북 한 대가 800만원""…삼성, '갤북6 울트라' 기습 출시",Economic
"""삼쏘 회동부터 시구까지""…젠슨 황 실시간 추적 사이트 5만 명 북적 [포크뉴스]",Economic
"외국인 매도 속에 환율 고공행진…두달여 만에 1,530원 찍어",Economic
"'임단협 후폭풍' 삼성전자 초기업노조, '과반 노조' 지위 상실할 듯",Economic
‘사상 첫 5선 서울시장’ 용산-세운-태릉CC 공급 두고 목소리 더 커지나 [부동산360],Economic
'24시간 퀵배송' 편의점의 반란⋯쿠팡·네이버 턱밑 추격,Economic
지난해 은행서 2500명 희망퇴직 '러쉬'…전년보다 24% 늘었다,Economic
"홈플러스, 37개 매장 폐점 결정…희망퇴직도 진행",Economic
"한투·OKX 손잡은 코인원…""글로벌 종합 금융사로 발돋움""",Economic
"‘반도체 슈퍼사이클’ 업고 대중 무역수지, 4년 만에 흑자전환 유력",Economic
"OK금융, 예별손보 인수 검토…저축은행 보유 그룹 첫 도전",Economic
빅테크 '스스로 작동하는 컴퓨터'에 베팅…키보드·마우스 없는 미래 온다,Economic
중국산 전기차의 선전…지커 ‘함박웃음’,Economic
"최태원, 젠슨 황 이어 TSMC 회장 만나...""AI 반도체 동맹 굳힌다""",Economic
“日 자동차 7개 다 합해도 삼전닉스 10분의 1”…韓기업 순익 18년만에 日 추월,Economic
"대신증권, 자본확대 전략 주목",Economic
"SK하이닉스, '키옥시아' 투자까지 대박…日시총 2위 넘보며 60조 가치로 '15배↑'",Economic
"신세계그룹, 스타벅스 '탱크데이' 책임 끝까지 묻는다…후속인사 예고",Economic
"배달라이더도 최저임금 받나…민주노총, 최임위 앞 농성 돌입",Economic
삼전닉스 낙수효과? 인근 백화점도 웃는다,Economic
[단독] 정부 “비상시에만 써라”…비축유 상환유예 반려에 정유업계 ‘긴장’,Economic
한투·코인원·OKX·컴투스 ‘4자 연합’ 출범…“글로벌 종합 금융 플랫폼될 것”,Economic
젠슨 황 오늘 방한…재계 총수 연쇄 회동,Economic
[홈플러스 M&A] 농협 인수 가능성 '재점화'…업황 불투명 한계도,Economic
"[단독] STX, 결국 범한산업 품으로",Economic
"브로드컴 13% 급락…""실적 좋지만 눈높이 미달"" AI 랠리 경고등",Economic
"스페이스X 공모가 135달러 제시…""시총 2700조원 목표""",Economic
"여·야 간판 후보 제친 한동훈 ""당으로 돌아간다는 약속 지킬 것""",Economic
"초고수들, 삼성전자·NAVER ‘젠슨 황 깐부주’ 담았다 [주식 초고수는 지금]",Economic
1년새 3배 성장한 낸드 메모리…삼성·SK 1위·2위 수성,Economic
박현주 미래에셋그룹 회장 “미래 담는 ‘킬러 프로덕트’가 답”…‘미래에셋 3.0’ 설파,Economic
셀트리온 1000억원 규모 자사주 소각 최종 반영,Economic
중동긴장 재고조에 코스피 2% 하락…외국인 19일연속 매도 행진,Economic
불붙은 ‘율곡’ 인수전…흥행 분위기 속 본입찰 연기,Economic
"삼성重, FLNG 양산시대 연다…美 ‘델핀 1호기’ 4.3조원에 수주",Economic
"“아마존, 3만명 자르고 AI에 300조원 투자”…직원들, 공개 비판",Economic
"닭고기 수급난…굽네치킨, 가격 인상 대신 중량 줄였다",Economic
"삼성중, 4조원대 美 FLNG 수주 뒤엔…‘팀코리아’ 있었다",Economic
환율 13.6원 오른 1530원 개장… 2009년 ‘글로벌 금융위기’ 이후 처음,Economic
수도권 레미콘 총파업…반도체 건설현장도 올스톱,Economic
젠슨황이 던지고 박정원이 치고… 두산-엔비디아 ‘야구장 회동’,Economic
“AI의 미래는 글라스”… 메타 vs 구글·삼성 ‘한국 대전’ 초읽기,Economic
“재보선도 빗나간 예측”…부산북갑·평택을 방송3사 출구조사 2곳 모두 뒤집혔다,Economic
"반도체 호조에 레버리지 투자 사상 최대…한은 ""포모 경계해야""",Economic
"""코스피 1만2000선 간다""…증권가, 하반기 전망치 '줄상향'",Economic
"홈플러스, ‘영업 중단’ 37개 점포 결국 폐점 결정",Economic
"최태원, 웨이저자 TSMC 회장과 회동…젠슨 황은 내일 방한",Economic
"삼성TV, 21년 연속 ‘세계 1위’ 보인다",Economic
외국인 매도세에…코스피 8600선 사수 공방,Economic
‘추경호號 대구’ 출범…기업은행 대구행 탄력받나,Economic
안 오르는 게 없네…식음료 프랜차이즈 줄줄이 가격 인상(종합),Economic
‘오세훈 고려대 동문’ 이유로 상한가…또 들썩인 정치테마주 [투자360],Economic
"HD건설기계, 폴란드 군에 불도저 50대 공급…270억원 규모",Economic
윤태영 오스코텍 대표 “레거시 파이프라인 모두 계약…차기 파이프라인에 집중”,Economic
불닭 신화 꺾였나…코스피 랠리에도 삼양식품 주가 '지지부진',Economic
"코스피, '2%대 하락' 숨고르기…소외받던 코스닥은 3%대 상승",Economic
삼전 초기업노조 ‘과반’ 상실 위기…성과급 갈등에 비반도체 줄탈퇴,Economic
오세훈 택한 ‘부동산 표심’…서울 집값 상승 톱10 중 8곳 승리,Economic
"""구조가 다르다"" 산업發 '성과급 갈등'에도 은행권 조용한 이유",Economic
주성엔 25만원 돌파·원익IPS 상한가…반도체 소부장주 폭등 [칩칩폭폭],Economic
개미 '빚투' 사상 최대…반도체 기대에 '삼전닉스 레버리지' 투자 몰려,Economic
"젠슨 황 시구 계기로 엔비디아·두산, AI 협력 확대 논의",Economic
"한화 잠수함에 현대차 수소 얹었다…韓, 캐나다에 '4.4조 패키지 딜' 비공개 제안",Economic
"정부·삼성중공업 뭉친 ‘팀코리아’, 미국서 4조 원 대어 낚았다",Economic
‘평화의 최전선’ 애기봉 스타벅스마저…‘탱크데이’ 논란에 퇴거 요구 직면,Economic
"'집값이 갈랐다'…오세훈, 서울 강남 3구서만 20만표 승리",Economic
"HD건설기계, 폴란드 軍에 불도저 50대 공급",Economic
"일론 머스크, 스페이스X 상장으로 역대 세계 첫 조만장자 눈앞",Economic
"[단독] 한국투자증권, 자체 토큰증권 플랫폼 구축 나선다",Economic
"비트코인, 6만3000달러선까지 내렸다…중동 긴장감·스트래티지 매도 '겹악재' [크립토브리핑]",Economic
"조석 부회장 ""HD현대가 한-캐나다 방산 협력 핵심 맡겠다""",Economic
"코스피 상장사 작년 현금배당, '역대 최대' 52조8천억",Economic
'반도체' 돌고 돌아 은행에…'머니무브' 걱정 안한 이유 있었네,Economic
1500원 환율에 멈춘 금리인하 시계…한은 다음 카드는 '인상'?,Economic
"“방송3사 출구조사 또 엉터리” 온라인 성토…6.3 지선, 서울·경남 등 접전지 결과 뒤바껴",Economic
중앙은행들 쓸어 담더니…美 국채 제치고 1위,Economic
“지선 후폭풍” 여·야권력지도· 차기 대권판도 요동,Economic
월세 100만원 넘는 서울 빌라 거래 1년 새 29% 늘어,Economic
"미·이란 충돌에 코스피 약세…환율 1,530원대",Economic
"'지분가치 75조 급등' 삼성물산, 주주 환원 확대 기대감…""삼성전기, 주가 빠졌어도 AI 성장축은 이상 無"" [株토피아]",Economic
"삼성 KODEX 200, 국내 첫 ETF 순자산 30조 돌파",Economic
‘쟁의행위 금지’ 항고심 앞둔 삼성바이오…‘연속공정’ 특수성이 쟁점,Economic
27대1·20대1 흥행 잇는다…노량진뉴타운 '드파인 아르티아' 출격,Economic
"‘4박5일 방한’ 젠슨 황, 피지컬 AI 협력 올인",Economic
"유럽 군납 뚫었다…HD건설기계, 폴란드軍에 불도저 50대 공급",Economic
"“개미 2.7조 몰렸다”…SOL AI반도체TOP2플러스, 순자산 5조 돌파",Economic
기업가치 더 높여잡았다…1조7800억달러 스페이스X,Economic
[신한금융 리딩 자본공식]② 신한증권 약진… 비은행 '방파제' 다진다,Economic
‘스텔스 자동차’ 없앤다…전조·후미등 자동 점등 의무화,Economic
내년부터 '스텔스 차량' 사라진다…전조등 자동 점등 의무화,Economic
"[EV캐즘 종료] 테슬라, 상반기 수입차시장 판매 '5만대' 눈앞",Economic
"美 4조원 FLNG 따냈다…팀코리아, 투자개발형 수주 모델 확대",Economic
"LGD, 대만서 글로벌 IT업체 대상 게이밍 OLED 기술 및 미래 로드맵 공개",Economic
"5000만대 게이밍 모니터 시장 공략…LGD, 차세대 OLED 로드맵 공개",Economic
삼전닉스 쉬어가자 반도체 장비株 강세…원익IPS '上' [핫종목],Economic
[르포]엔비디아로 시작해 엔비디아로 끝난다…컴퓨텍스 삼킨 '젠새니티',Economic
"코스피 하락 출발...원-달러 환율 1,530원 넘어",Economic
'스텔스 차량' 퇴출한다…야간 전조등 자동점등 의무화,Economic
‘국장 랠리’ 올라탄 KODEX 200…국내 ETF 첫 순자산 30조 돌파,Economic
야간 '스텔스 자동차' 퇴출…9월부터 전조등·자동점등 의무화,Economic
"삼성바이오로직스, 쟁의행위금지 항고심서 노조 파업금지 범위 확대될까",Economic
"그로쓰리서치 ""선익시스템, OLED 넘어 페로브스카이트 상용화 기대""",Economic
"오세훈 역전승에 ‘고터 테마주 상한가’…동양고속, 천일고속 두자릿수 급등",Economic
[마켓인]회사채 발행 숨통 트이나…하나證 “금리 하향 안정화 가능성”,Economic
"라이콤, 39억 규모 美 AI 데이터센터용 광증폭기 수주",Economic
"'4조원 잭팟' 터졌다…팀코리아, 美 LNG 해양플랜트 수주 성공",Economic
'장위 푸르지오 마크원' 6월 분양 …1032가구 일반분양 쏟아진다,Economic
‘K-제조업’ 미래역량 키운다…반도체·미래차·우주·에너지 신산업 가속페달 [6·3 지선],Economic
"젠슨 황, 잠실야구장 마운드에…두산 베어스 홈경기서 시구",Economic
"최태원 SK 회장, 엔비디아 이어 TSMC 수장과 회동",Economic
오세훈 막판 '대역전극'…사상 첫 5선 서울시장,Economic
[공항이 살아야 지방이 산다]⑤ 14곳 중 10곳 적자인데…선거철 '신공항 정치 셈법' 배제해야,Economic
"[단독] 홈플러스 휴업 37개점, 결국 폐점한다",Economic
"최태원號 SK그룹, 글로벌 AI 생태계 확장 행보…엔비디아·TSMC 동맹 공고화",Economic
'AI반도체 쏠림'에 개인 2.6조 몰렸다...SOL AI반도체 ETF 순자산 5조 돌파,Economic
"[단독] 쿠팡대표, 빨간색 유니폼 입고 축구장 등장…이유 있다는데",Economic
"[K배터리 리부트] ③ SK온, 체질개선 완료…6분기 적자 탈출 신호탄",Economic
"삼성중공업, 미국서 4조원 규모 해양플랜트 수주(종합)",Economic
광명역 초역세권 ‘광명 U타워’ 매각 돌입,Economic
"""내 정보 공공재?"" OTT에서도 털렸다…추가 피해 막으려면",Economic
무너지는 비트코인…6월에만 14% 폭락 [매일코인],Economic
"현대차·기아 美 판매, 석달만에 반등…""하이브리드가 견인""",Economic
"[단독] ""첫째 이유는 무노조""…해외 논문이 파헤친 현대차 美투자의 속내",Economic
레메디 '오버행' 우려⋯상장일 유통물량 최고,Economic
세계 외환보유액서 금 비중이 미국 국채 제쳤다,Economic
“‘삼전닉스’ 너무 올라 불안해” 이런 사람 많은데…하반기 돈 몰릴 업종 따로 있다고?,Economic
'젠슨 황 효과' 끝났나…급등했던 관련주 동반 약세,Economic
"""앉아서 수십 억 그냥 번다더니"" 분양가 두 배 넘겼다…강남 재건축 신고가 행진",Economic
"삼겹살 회동부터 시구까지…젠슨 황, 나흘간 한국서 광폭 행보",Economic
"금리인상이 호재?…13% 급등에 신고가 ‘삼성화재’[오늘, 이 종목]",Economic
"젠슨 황 수혜주 급락, 왜?…LG전자 14% ↓",Economic
"[설탕 카르텔]① ""같이 올리자"" 제당사 임원부터 팀장까지 '짬짜미'",Economic
비보존 주주 애태우는 어나프라주…美 3상 재개 향방은,Economic
"""젠슨 황 지금 어디 있나요"" 방한 앞두고 동선 추적 사이트 방문자 5만명 돌파",Economic
“공장 터뜨려놓고 저승으로 도망” 한화에어로스페이스 주주 망언,Economic
"박현주 미래에셋 회장 ""자산운용 성패, 킬러 프로덕트에 달려""",Economic
"최태원, 젠슨 황 이어 TSMC 회장도 만나…‘삼각동맹’ 공고화",Economic
지방선거 후 증시 어디로…'1만피' 두고 엇갈린 전망,Economic
"'스트래티지의 변심' 후폭풍…비트코인, 9400만원까지 '뚝'[코인브리핑]",Economic
"금융위기來 다시 뚫린 1530원대…시장선 ""상단 예측 어려워"" 공포",Economic
총수와 삼겹살 굽고 잠실마운드도 오른다…젠슨 황 방한 관심 집중,Economic
대성산업 보일러 계열사 대성쎌텍 완전자본잠식 늪에 빠졌다,Economic
검은 석탄화력의 은퇴…푸른 풍력의 첫출근[디깅에너지],Economic
두 달 만에 1530원 뚫은 환율…당국 구두개입에 1520원대로(종합),Economic
젠슨 황이 러브콜한 '韓로보틱스'…커지는 엔비디아·韓 로봇 밸류체인,Economic
집값 비싸도 너무 비싸다”... 수도권 분상제 아파트 ‘인기’,Economic
‘신속착공’ 오세훈 당선…한강벨트 재건축·재개발 속도내나 [부동산360],Economic
"KB증권, 최대 8000억 공모채 '노크'…금리 경쟁력 '주목'",Economic
"'SOL AI반도체TOP2플러스 ETF', 순자산 5조원 돌파",Economic
코스피 랠리에 ETF에도 '뭉칫돈'…운용사 대표 상품 몸집 커진다,Economic
역대급 실적에도 주가는 뒷걸음…반도체 쏠림에 증권株 부진,Economic
“코스피 1만2000”…골드만삭스 “단기 조정은 매수 기회”,Economic
"[ESG 점검] 삼성에피스홀딩스, 통합보고 첫발…CMO·품질 지표 과제",Economic
“오세훈에 걸어 2억5천 먹었다”…바다 건너에서 벌어진 ‘역대급 베팅’,Economic
서울 제외 與 승리로 끝난 지방선거…'9000선' 목전 코스피 어디로?,Economic
"한투운용, 스페이스X IPO 참여…직접 참여 운용사는 처음",Economic
"국민은행, 4조 규모 美 FLNG 공동주선 성공",Economic
"한미반도체, AI 공급망 한복판 선다…컴퓨텍스 첫 등판",Economic
"SSM 재편 틈새 노린 CU…편의점, 장보기 시장 판 흔든다",Economic
'역전극' 오세훈 테마주 상한가…'낙마' 정원오·조국 하한가 근접,Economic
"[아침밥] 다올증권 ""한국카본, 방산·LNG 수주확대로 실적 개선 기대""",Economic
"코스피, 8720선에서 약보합…코스닥은 1%대 상승세",Economic
지방선거 여파…서울 정비사업 속도 차에 '희비',Economic
"[증권사 금리 역풍]③ 메리츠證, S&T 호조 속 운용마진 축소",Economic
"환율, 美관세·중동 영향에 1,530원대 개장…금융위기 후 처음(종합)",Economic
삼전닉스 다음 타자는 바로 나?…반도체 소부장주 장 초반 강세 [매경 자이앤트],Economic
"셀트리온, 1천억원 규모 자사주 소각",Economic
‘5선세훈 테마주’ 진양화학 상한가 직행…정원오 에스제이그룹은 하한가,Economic
[농협금융 자본확충]① 중앙회로부터 '역수혈'…은행·증권에 실탄 재배분,Economic
1∼4월 중국 뺀 전기차 배터리 사용량 21%↑…K배터리는 역성장,Economic
"부산시장 된 前 장관, 해수부 해양수도 완성 기대 커졌다",Economic
"가온전선, 美 AI데이터센터 전력망에 송전용 케이블 첫 공급",Economic
"""스페이스X 등 '대어' 놓칠라""…中 해외주식 단속에 투자자 발동동",Economic
"한화 잠수함 수주 패키지에 '수소 생태계 만든다'…현대차 ""검토 중"" (종합)",Economic
"""젠슨 형 언제와"" 깐부株 동반 급락…LG전자 14%↓ [핫종목]",Economic
삼성물산 목표주가 6개월새 다섯 차례 상향...지분가치 상승 영향 [주가동향],Economic
'경기 서남부 핵심 역세권' 광명U타워 매각 돌입 [fn마켓워치],Economic
"삼성중공업, 미국 최초 FLNG 프로젝트 수주…4.3조 규모",Economic
"업계 11위 우리證, 11호 종투사 정조준…IB·WM 투트랙 성장 본격화",Economic
"""단순 코인 거래소 아닙니다""…증권사, 디지털자산 핵심 인프라 선점 경쟁 이유는",Economic
브로드컴 13%↓ 삼전닉스도 '주춤'…대장주 나란히 약세,Economic
"젠슨 황 두산베어스 유니폼 93번, 박정원 회장 96번 입고 잠실서 시구·시타 왜?",Economic
오세훈주 뜨고 조국주 급락…지선 결과에 희비 갈린 테마주[핫종목],Economic
코스피 8600선에서 등락...LG전자 15% 폭락 등 로봇주 약세,Economic
중동 무력공방 지속에…숨고르기 나선 코스피,Economic
"""일라이릴리에 1조9000억원 기술이전"" 한미약품 목표가↑-한국투자證",Economic
AI 붐에 올해 美 전환사채 발행 사상 최대 전망,Economic
"반도체 대신 야구공 잡는다…젠슨황, 7일 두산베어스 시구 나서",Economic
"셀트리온, 1000억 자사주 소각 완료…연내 2조 주주환원 속도",Economic
반도체 ‘투 톱’ 쉬자 장비株 질주…유진테크·원익IPS 상한가 ‘눈앞’[코주부],Economic
"최태원 회장, TSMC 회장과 대만서 회동…""반도체 협력 강화하기로""",Economic
"스페이스X, 공모가 135달러 제시…기업가치 1조7700억달러 '시총 7위권'",Economic
"대한전선, 英초고압 전력망 사업 수주…유럽 공략 박차",Economic
"RISE 현대차고정피지컬AI ETF, 13영업일 만에 순자산 5천억 돌파",Economic
尹 '2인 방통위' 이끈 이진숙·김태규 국회로…과방위行 주목,Economic
"셀트리온, 1000억원 규모 자사주 소각 최종 반영…주가는 주춤",Economic
삼겹살·소맥 회동하러 오는 ‘젠슨 황’…NC는 왜 만날까,Economic
"천일·동양고속, 吳 공약 '고터 재개발' 기대감에 10%대 급등",Economic
"[서울데이터랩]코스피, 장 초반 2% 넘게 밀려 8593.64…외국인 순매도에 대형주 약세",Economic
"'불장'에 전자등록 증권자산 1경원…예탁원 ""역사적 순간""",Economic
"‘K-ETF’의 진격, 해외서도 찾는다…테마형 ETF에 단일종목 커버드콜까지",Economic
'노량진 2구역 재개발' 드파인 아르티아' 출격…171가구 일반 분양,Economic
비용처리 잘못한 회계법인들…국세청 세무조사로 세금 추징,Economic
"이노스페이스, 메탄엔진 핵심 기술 개발 완료…420초 연소시험 성공",Economic
삼성重  4.3조 美 사상 첫 FLNG 수주…계약 상대 '델핀 미드스트림',Economic
기업들 사옥 매입에 덕은지구 '아이에스밸리' 오피스텔·업무시설 이목 집중,Economic
너희들 마저...줄줄이 인상 나선 '저가 커피' [지금이뉴스],Economic
중동 리스크·외인 19일째 매도에 코스피 하락…환율 1530원 돌파 [투자360],Economic
1억원 붕괴된 비트코인…인플레 우려에 쪼그라든 투심,Economic
젠슨 황 던지고 박정원 친다…잠실 마운드서 AI 동맹,Economic
지역화폐 뜨고 스마트공장 속도?…지방권력 교체에 중기부 사업 분기점[중기+],Economic
"삼성물산, 신고가 새로 썼다…51만9000원 터치[핫스탁]",Economic
'젠슨 황' 기대 떨어졌나…LG그룹주 일제히 급락,Economic
"서울시장 선거 희비…오세훈 테마주 급등, 정원오 테마주 급락[이런국장 저런주식]",Economic
선거 끝나니 가격표 바뀐다…커피·피자 줄줄이 인상,Economic
"코스피 하락 출발, 삼전·SK스퀘어 뺀 시총 상위주 약세",Economic
젠슨 황 방한 행보에 관심…동선 추적 사이트 5만 명 돌파,Economic
"과거 지방선거 보니… 코스피 향방, 정치 아닌 ‘기업 실적’이 갈랐다",Economic
“이러다 젠슨 황 사생팬 나오겠네”…동선 추적 사이트 5만명 돌파,Economic
"‘야구팬’ 젠슨 황, 이번 주말 두산전 시구 나선다…박정원 회장은 시타",Economic
"3조 벌어 68억 '0.2%' 안전투자…한화에어로, 예고된 인재",Economic
"""삼전닉스가 다 했다""…올해 韓기업 순익, 18년만에 日 추월 전망",Economic
엔비디아 젠슨 황 내일 방한‥최태원·구광모·이해진 등 회동,Economic
[코인뉴스] AI에 밀린 비트코인…한 달 새 16% 급락,Economic
"가온전선, 美 AI데이터센터 전력망 첫 진출…350억 규모 케이블 공급",Economic
"KT&G, 변동성 높은 상황서 '방어주 매력'…배당 강화 기대-KB證",Economic
환율 17년만에 1530원대 시작…코스피 2% 하락 출발,Economic
반도체 불장이 뒤집은 M&A 시장…SK실트론 딜이 멈춘 이유,Economic
"삼성중공업, 4.3조원 규모 FLNG 수주… 5%대 강세",Economic
"대원제약, '4중 작용' 차세대 비만치료제 개발 도전",Economic
"남광토건, 리뉴얼 ‘하우스토리’ 앞세워 인천 동아아파트 재건축 출사표",Economic
"삼성重, 美 첫 FLNG '델핀 1호기' 4.3조 수주…LNG 생산 패러다임 바꾼다",Economic
“코스피 1만 1000 간다” 역대급 상향 조정,Economic
"반도체 장비株, '삼전·닉스 숨고르기' 속 강세",Economic
"“다시 내달라” 요청 쇄도에… 버거킹, ‘롱치킨버거’ 재출시",Economic
젠슨 황 ‘반짝 효과’였나…방한 앞두고 LG전자·SKT 등 10%대 하락[이런국장 저런주식],Economic
오세훈 테마株 진양화학 '상한가'…정원오 관련주는 일제히 급락,Economic
"팀코리아, 美 루이지애나 FLNG 1호기 수주…4조 규모",Economic
"셀트리온, 1000억 자사주 소각 완료…올해 누적 소각 규모 2兆",Economic
한화 잠수함 수주 패키지에 현대차도 가세…'프로젝트 비버' 띄운다,Economic
"KODEX 200, 순자산 30조원 돌파…국내 최초·최대 ETF",Economic
"삼성전자, 글로벌 TV 시장서 21년 연속 1위",Economic
"코스피, 2% 넘게 하락…브로드컴 실망+중동 긴장 재고조 [종합]",Economic
"젠슨 황, 이르면 오늘 입국…피지컬AI 협력 위한 나흘간의 폭풍행보 예고",Economic
"""KX하이텍, 올해 영업이익 290%↑ 전망""[클릭e종목]",Economic
"원·달러 환율, 두 달여 만에 1530원 돌파…""중동 변수에 변동성 확대""",Economic
치매 전 단계 300만명 육박…치료 선택지 줄면 돌봄 부담 커진다,Economic
메가커피도 올린다… 커피 프랜차이즈 가격 도미노 인상,Economic
"대원제약, 美 ADA서 4중 작용 비만치료제 전임상 공개…“체중 50% 감량”",Economic
"삼성중공업, '바다 위 데이터센터' 진출…조선주 들썩 [핫종목]",Economic
'젠슨 황 효과' 급등했던 관련주 동반 약세,Economic
"SK온, 美에서 차세대 ESS '그리드온 Gen2' 첫 공개",Economic
"파두, 차세대 SSD 컨트롤러 공개…亞 공략 속도",Economic
테슬라·BYD 주춤…5월 수입 전기차 열기 한풀 꺾여,Economic
지방 아파트 13채 팔아야 서울 1채 산다… 29년 걸리는 ‘내  집’,Economic
"젠슨 황·두산회장, 7일 잠실야구장서 시구·시타…로봇 협업도 하나",Economic
유가·금리 상승 속 필라델피아 반도체 지수 상승세 유지 [굿모닝 글로벌 이슈],Economic
"그린리소스, 300억 CB·BW 조달…""반도체 수직계열화 속도""",Economic
젠슨 황 온다더니 '차익실현'…LG·네이버·두산株 일제히 급락,Economic
李대통령과 정책 보폭 맞춘 한성숙 장관…20년 만에 女총리 나오나(종합),Economic
한투운용 '스페이스X IPO' 참여…배정 주식 우주ETF·펀드에 즉시 편입,Economic
더본코리아도 “가격 인상”…외식업계도 도미노 인상? [푸드360],Economic
"코스피, 중동 긴장 재고조 속 하락…숨고르기 장세(종합)",Economic
"[월간 ETF] RISE 네트워크인프라, 삼성전기 타고 '고공행진'",Economic
[코인시세] 비트코인 6만5천 달러선 붕괴…11일 연속 순유출,Economic
강달러에 중동 불안까지…원·달러 환율 다시 1530원대,Economic
"""해외투자자들 사실상 매수 포기"" 엔환율 170엔 전망도",Economic
젠슨 황 방한 행보에 관심…동선 추적 사이트 5만명 돌파,Economic
"삼성 TV, 올 1분기 세계 1위…21년 연속 왕좌 지킬듯",Economic
"에이스톤·SGI, 역대 최대 펀드 '청신호'",Economic
"'탱크데이' 여파 끝났나...스타벅스, 카톡 선물하기 1위 탈환",Economic
"원/달러 환율, 1,530원대 개장…금융위기 후 처음",Economic
노량진뉴타운 초고층 랜드마크 '드파인아르티아' 이달 분양한다,Economic
"박현주 회장 ""미래 담는 킬러 프로덕트 만들 것"" 미래에셋랠리 개최",Economic
"한미반도체, 컴퓨텍스 첫 참가…HBM4·차세대 패키징 기술 공개",Economic
"이틀 만에 17% 급락에도...증권가는 ""목표가 210만원""",Economic
코스닥 반도체 장비株 업황 '맑음'…원익IPS 26%·테스 24%대 강세,Economic
"신세계, 장 초반 5%대 급등…""백화점 구매력 초강세""",Economic
"“코스닥 활성화 대책 주목”…코스닥 2%대 강세, 코스피는 2%대 하락",Economic
"""친구는 두 배 벌었는데, 나만 뭐 하는거지?""…강세장 최대 적은 '포모'",Economic
"1530원대 뚫린 환율…구윤철 ""과도한 쏠림에 단호한 조치""(종합)",Economic
외국인 던지자 코스피 8600선 후퇴…환율은 1530원대로 급등,Economic
"리가켐바이오 기술 적용 ADC 후보물질, 美 FDA 희귀의약품 지정",Economic
중동 긴장 고조에 환율 두달여만에 1530원 재돌파,Economic
"“젠슨 황 약발 끝났나”…코스피, 선거 뒤 1.76% 약세 출발",Economic
“젠슨 황이 던지고 박정원 친다”…7일 프로야구 키움-두산전서 투타 호흡,Economic
"국민은행, 4조원 규모 ‘美 첫 해상 FLNG’ PF 공동주선",Economic
‘팀코리아’ 미국서 4조 규모 FLNG 해양플랜트 따냈다,Economic
"""분명 브레이크 밟았는데""...5년 새 3배 늘어난 고령층 페달 오조작",Economic
중동협상·美관세 여파…환율 개장가 금융위기 이후 첫 1530원 돌파,Economic
“시장 조정은 매수 기회”…코스피 목표치 ‘1만 피’ 훌쩍 뛰어넘는 전망 잇따라,Economic
美·이란 충돌 재점화에 달러·원 1530원선으로 급등,Economic
"엠케이전자, LPDDR5X 확산에 본딩와이어 수요 증가 기대",Economic
"솔루스첨단소재 ""일본계 배터리업체향 전지박 공급 본격화""",Economic
"SK온 차세대 ESS '그리드온 2' 첫선…美시장 겨냥, 내년 현지 생산",Economic
원·달러 환율 장중 1530원 돌파…금융위기 후 처음,Economic
"HD건설기계, 폴란드 軍에 '270억원 규모' 불도저 공급 계약",Economic
"젠슨 황, 7일 두산·키움 잠실전 시구 나선다…박정원 회장은 시타",Economic
"한화에어로, K-방산 급해도 안전을 위해 중단",Economic
"삼성證 ""삼성전자 목표가 50만원·SK하이닉스 350만원 상향""",Economic
"대한전선, 英 초고압 전력망 사업 수주…유럽서 경쟁력 재입증",Economic
ELS·LTV 과징금에 고환율까지…금융지주 CET1 방어 비상,Economic
"삼성중공업, 4.3조원대 해양플랜트 수주 소식에 강세",Economic
"메디포스트 골관절염 치료제 카티스템, 美 3상 ‘단일 임상’ 진행 동의",Economic
"스페이스X, IPO 공모 750억달러…그린슈 포함시 850억달러",Economic
"이엔셀, 인게니움 NK세포치료제 美 임상용 추가 수주…글로벌 CDMO 확대",Economic
‘팀코리아’ 통했다…美 FLNG 4조원 프로젝트 수주,Economic
"환율, 장 초반 1530원 넘었다…3월31일 이후 처음",Economic
'팀코리아' 4조원 美 LNG 해양플랜트 수주,Economic
중동 긴장 재고조…3대 지수 동반 하락 [뉴욕증시],Economic
코스피 2% 급락 출발…외국인 1조원 넘게 '팔자',Economic
"젠슨 황, 진짜 야구장 뜬다…7일 잠실서 시구 확정",Economic
"최근 연일 오르더니…급등했던 코스피, 8600선으로 하락 출발",Economic
"""이 가격, 더는 못 버텨""...메가도, 더벤티도 가격 줄줄이 인상",Economic
"'흑자 유지 성공' 동부건설, 차입구조 개선도 '고삐'",Economic
시구 젠슨 황·시타 박정원... 7일 잠실야구장에 뜨는 ‘AI 로보틱스 동맹’,Economic
"중고나라·월급쟁이부자들, CTO 영입…전사 AX 속도전",Economic
"코스피, 삼전·SK하닉 동반 약세에 8620선 하락 출발",Economic
휴전 교착·환율 부담에 외인 19일 연속 '팔자'…코스피 2%대 약세,Economic
"코스피, 외인 매도세에 2%대 약세 출발…코스닥은 3%↑",Economic
“2년 더 살게요”…서울 빌라 전월셋값 뛰자 10집 중 3집 갱신권,Economic
"박현주 미래에셋 회장 ""킬러 프로덕트와 글로벌 투자 플랫폼으로 고객 미래 열어갈 것""",Economic
키보다 큰 AI 서버가 ‘우뚝’…삼전닉스 HBM 잘 나가는 이유가 여기에 [컴퓨텍스 2026],Economic
"SOL AI반도체TOP2플러스 ETF, 순자산 5조 돌파…개인매수 '최대'",Economic
"美 증시 약세에…코스피, 2%대 하락 8600선 아래로",Economic
"대한전선, 英 초고압 케이블 시스템 수주…650억원 규모",Economic
"장위뉴타운 ‘초품아 역세권’…대우건설, ‘장위 푸르지오 마크원’ 분양",Economic
"에코프로, 제조·R&D 전 과정에 AI 심는다…2028년 ‘AI 기업’ 전환",Economic
삼성전자·SK하이닉스 동반 하락…브로드컴 급락 등 투자심리 영향,Economic
"한투證 ""하반기 코스피 목표치 1만1000 상향…반도체 이익 막대""",Economic
"셀트리온, 약 1000억 규모 자사주 소각 최종 반영",Economic
"환율, 금융위기 후 첫 1,530원대 개장…""과도한 쏠림에 필요시 즉시 조치""",Economic
"최태원, 엔비디아 이어 TSMC 회장 회동…AI 반도체 '삼각 동맹' 굳힌다",Economic
"한투證 ""LS일렉트릭, 수주·실적 동시 성장…목표가 28만 5000원""",Economic
“9조원 썼는데 환율은 1500원 돌파”…외환보유액 한달만에 다시 감소,Economic
젠슨 황 '93번' 입고 7일 두산베어스 시구... 박정원 회장은 '96번' 시타,Economic
“젠슨 황 던지고 박정원 친다”…7일 두산베어스 홈경기서 투타 호흡,Economic
"씨아이에스, 美 타임지 발표 '세계 성장 리더기업' 선정",Economic
"한미반도체, 대만 컴퓨텍스 첫 참가…AI 반도체 역량 소개",Economic
"삼성중공업, 美 첫 FLNG '델핀 1호기' 수주…4.3조 규모 초대형 프로젝트",Economic
SpaceX IPO 임박...나스닥100 조기 편입 가능성에 우주항공 ETF '들썩',Economic
"팀코리아, 美 루이지애나 FLNG 4조원 수주",Economic
"브로드컴, 사상 최대 실적에도 시장은 실망…주가 13% 이상 급락",Economic
한투운용 “스페이스X IPO 참여…우주ETF·펀드에 바로 배정 예정”,Economic
"나이스정보통신, 영업익 증가 모멘텀…투자의견 '매수유지'-LS",Economic
"원-달러 환율, 장중 1,530원 넘어…금융 위기 이후 처음",Economic
'9천피'까지 199포인트...오늘 개장 상황은?,Economic
"퍼플렉시티 CEO ""AI 승부처는 전력…'와트당 토큰 가치'가 승자 가른다""",Economic
"""이제 원전의 시간""...대형원전·SMR 사업 곧 결정 전망",Economic
중고 전기차값 다시 꿈틀…EV6·모델3·아토3시세 반등,Economic
박현주 회장 “미래 담는 킬러 프로덕트가 답”…‘미래에셋 랠리 2026’서 강조,Economic
"원-달러 환율 1536원까지 급등…한투 ""상단 가늠 어려워""",Economic
“또 고개숙인 최주희” 티빙 개인정보 유출로 CJ ENM 발목,Economic
"가온전선, 美 AI데이터센터 전력망 첫 진출…350억원 규모",Economic
냉면 한 그릇 값으로 세 끼…뜨거워진 '여름면 경쟁',Economic
가상 학습공간서 수만번 시뮬레이션… 완벽한 ‘피지컬 AI’ 구현[‘피지컬 AI 혁명’ 현장을 가다],Economic
"원·달러 환율, 개장 후 1530원 돌파… 3월 31일 이후 처음",Economic
"라온시큐어, KDB생명 시작으로 금융권 PQC 확산…""양자보안 시장 선점 속도""",Economic
페달 오조작으로 사망자 5년새 3.4배↑…사고 70%가 60대 이상 운전자,Economic
"하나證 ""디케이티, 휴머노이드 플랫폼 가시화...매출에 효자""",Economic
"가온전선, 美 AI 데이터센터에 송전용 케이블 첫 공급",Economic
"파두, ‘컴퓨텍스 2026’ 통해 아시아 시장 공략 박차",Economic
"""카지노주, 사상 최대 실적 행진에도 신저가 부근""-하나",Economic
"[스타워즈] KB증권 금메달팀, 2거래일 만에 선두 재탈환",Economic
한강 이남 첫 드파인 나온다...SK에코 '드파인 아르티아' 이달 공급,Economic
"'깐부회동 시즌2' 젠슨 황, 곧 방한…AI 협력 방안 논의할 듯",Economic
"구글, 유증 123조원→130조원 확대…강한 수요 반영",Economic
"'428조 ETF 제국' 만든 미래에셋…박현주 ""킬러 프로덕트로 승부""",Economic
KB운용 ‘RISE 현대차고정피지컬AI ETF’ 순자산 5000억 돌파,Economic
"삼성 TV, 1분기 점유율 31.3% ‘선두 수성’…21년 연속 세계 1위 보인다",Economic
美 증시 약세에 프리마켓 1%대 하락…삼전·닉스 동반 하락,Economic
"젠슨 황·박정원, 잠실구장 '깜짝 회동'…'두산·엔비디아 동맹' 굳히나",Economic
"최태원, 젠슨 황 이어 TSMC 회장 회동…AI 반도체 '삼각 동맹' 강화",Economic
차기 국무총리 후보 오른 한성숙 중기부 장관…李 정부 첫 女총리 나오나,Economic
"힘 못 쓰는 원전株...기록적인 폭염, 美 초대형 사업 수주로 하반기 반등 가능성 주목",Economic
CPU 공급 불안에...美 전력반도체·칩 장비기업 주목받아,Economic
"에피소드컴퍼니 ""'군체' 이어 '와일드 씽' 초반 흥행""",Economic
"메리츠證 ""삼성전기, 조정 우려에도 성장 변함없어…목표가↑""",Economic
"삼성重, 미국 첫 FLNG 프로젝트 1호 수주…4.3조원 규모",Economic
스페이스X 공모주 못 올라타면 ETF로...한투운용 '우주테크' 분배한다,Economic
"신한투자 ""증권주, 최근 상대적 소외…주가 재평가 가능성""",Economic
"디앤디파마텍, 美 공동창업자 3인 스톡옵션 행사…""책임경영 의지""",Economic
"KB證 “KT&G, 이란 영향 제한적…하반기 주주환원 모멘텀 기대”",Economic
"두산밥캣, 점진적 실적 회복 국면…매수 의견-하나증권",Economic
"[클릭 e종목]""롯데관광개발, 사상 최대 실적인데 주가는 극단적 저평가""",Economic
EU '철강 관세인상' 한 달 앞으로…정부 '韓 우대' 강력 요청,Economic
"파두, 컴퓨텍스서 차세대 Gen6 SSD 첫 공개…AI 스토리지 시장 공략 속도",Economic
"한투운용 ""스페이스X IPO 참여…우주ETF·펀드 상장 당일 배정""",Economic
"임정우 HD건설기계 유럽권역장 ""유럽서 군 조달로 능력 인정받았다""",Economic
"""LS일렉트릭, 수주·실적 동시 성장세… 목표가↑""-한국투자",Economic
"한투證 “산일전기, 美 데이터센터 변압기 기대감 유효…목표가 27만원""",Economic
"신한운용, SOL AI반도체TOP2플러스 순자산 5조 돌파",Economic
"젠슨 황, 나흘간 방한 일정 '빡빡'…유재석 만나고 프로야구 시구까지",Economic
"“비 내린다, 주식 들어가세요”…이 나라에선 미신 아닌 공식입니다 [오늘 나온 보고서]",Economic
"삼성전자, 글로벌 1Q  TV 점유율 31.3%…21년 연속 1위 눈앞",Economic
"“누구는 성과급 잔치, 누구는 희망퇴직”…‘억대 퇴직금’ 받고 짐 싼 2500명, 무슨 일?",Economic
"위지트, 최대주주 대상 40억 규모 유상증자…""반도체 시설투자 목적""",Economic
"""삼성전기, 주가 급락에도 성장축 방향성 유효…목표가↑""-메리츠",Economic
재출시 쇄도에…버거킹 '롱치킨버거' 1년 만에 부활,Economic
"신한투자 ""1분기 에너지·IT '어닝 서프라이즈'…대형주에 집중""",Economic
"한투운용, 스페이스X IPO 참여…""우주 ETF·펀드 즉시 배정""",Economic
"씨아이에스, 미국 타임지 ‘2026 세계 성장 리더기업’ 선정",Economic
"OECD ""걸프 에너지 위기 장기화 땐 세계 성장률 1%대로 추락""",Economic
"""두산밥캣, 북미 업황 회복 수혜 기대…목표가 8.2만원""-하나",Economic
"최태원, TSMC 회장과 2년만에 회동… AI 반도체 동맹 강화 [컴퓨텍스 2026]",Economic
"SK온, ESS 신제품 '그리드온 Gen2' 공개…美 시장 공략 속도",Economic
비트코인 1억원 붕괴… 중동 긴장 격화·美 금리 인상 우려 영향,Economic
"부광약품 ‘라투다’, 우울장애 적응증 확대 3상 승인…시장 영토 넓힌다",Economic
"하나證 “한화시스템, 방산·우주·조선 플랫폼 기업으로 재평가… 목표가 12만8000원”",Economic
"삼성전자 주가 오르며 몸값 뛴 이 주식...""주가 11만원 더 오른다""",Economic
"SK證 ""삼성물산, 지분가치 상승·주주환원 확대…목표가↑""",Economic
반도체 슈퍼사이클에 베팅…한투證 “코스피 1만 1000도 가능” [줍줍리포트],Economic
"대한민국 대표 월급쟁이 부자 ‘루지’, 백억대 자산 모은 비결은?",Economic
"[컴퓨텍스2026] 파두, Gen6 SSD 컨트롤러로 글로벌 시장 공략",Economic
"“주가 빠졌지만 AI 성장축 이상 없다”…메리츠證, 삼성전기 목표가 210만원 상향",Economic
홍종호 국전 대표 “원료의약품서 AI반도체 패키징 등 첨단소재 사업 확장 승부수”,Economic
중동 긴장 재고조에 유가·금리 급등…뉴욕증시 3대 지수 동반 하락,Economic
“엔비디아♥네이버” “차기 1조 달러 기업”…젠슨 황 한마디에 뛰는 주가,Economic
"SK證 ""삼성물산, 지분가치 상승·주주환원 확대 기대…목표가↑""",Economic
"현대글로비스, 네덜란드서 車운반선 전용 터미널 구축…“유럽 공급망 허브”",Economic
"[큐캐피탈 밸류업]③ 에어스메디컬·한강화학·아이리스브라이트, 기대주 쑥쑥 큰다",Economic
"한투證 “LS일렉트릭, 수주 증가세 지속·판가 인상 효과 반영…목표가 30%↑”",Economic
"위지트, 최대주주 대상 40억 유증…""AI 반도체 호황 맞춰 생산능력 확대""",Economic
"[어제장 오늘장] 골드만삭스 ""코스피 1만 2천 간다""…긍정 전망 늘어나",Economic
"AI 깐부 TSMC도 만났다… 최태원 대만서 ""반도체 동맹"" 광폭 행보 [리더의 나침반]",Economic
"크라우드스트라이크, 기대 못 미친 실적 전망에 시간외 10%↓",Economic
"오스코텍, 추가 기술이전에 밸류 재평가…제노스코 편입도 기대 [Why 바이오]",Economic
"삼성전기, 단기 조정에도 우상향 변화 없다…목표가 210만-메리츠",Economic
"LS證 ""나이스정보통신, 인적자원 배분으로 고성장 본격화…목표가 유지""",Economic
"[기업이슈] 젠슨 황 ""韓 로보틱스 매우 중요""…로봇주 주가 상승",Economic
"삼성중공업, 美 델핀 FLNG 1호기 수주…4조3000억원 초대형 규모",Economic
"[아침밥] SK증권 ""삼성물산 목표가 59만, 지분가치 상승·배당확대 등 기대감""",Economic
"""시선AI, APC 로봇 자동화 사업 추진으로 실적 개선 기대""",Economic
"페니트리움바이오, 네이처 논문 ‘수치’로 입증한 항암 내성 돌파구...美 임상 ‘청신호’",Economic
"ETF 첫 ‘1조달러 시대’ 열었다…뱅가드 S&P500 ETF, 사상 최대 운용자산 기록 [코주부]",Economic
"美증시 조정·브로드컴 급락…삼전·SK하닉, 프리마켓서 약세",Economic
고유가에 지쳐…美 5월 하이브리드차 판매 33% 급증,Economic
"日 반도체 열풍 '키옥시아' 주주정책, 삼전·하이닉스 시사점은",Economic
공휴일 사이 1530원 뚫은 환율…외환당국 개입 경계[외환브리핑],Economic
"""실적 모멘텀에 수급 분산 효과까지…증권업 비중확대 유지""",Economic
"부영그룹, 병역명문가에 리조트·골프장 할인 혜택 제공",Economic
"[굿모닝 증시]美 증시, 휴전 교착 등 약세…韓도 변동성 예상",Economic
베일 벗은 리브스메드 비밀병기…다빈치·휴고 라스와 차별점은?,Economic
"[굿모닝 마켓] 뉴욕증시, 중동긴장 재고조에 약세 마감…다우 1.2%↓",Economic
"[단독] 현대차그룹·엔비디아 AI거점, 새만금에 짓나",Economic
"“삼성물산, 지분가치 상승·주주환원 확대” 목표가 48만→59만원",Economic
"美, 강제노동 이유로 한국에 12.5% 관세 예고 [ESG 뉴스 5]",Economic
리모델링 규제 확 풀었다…조합원도 신축세대 입주·단지 통합도 허용,Economic
서학개미도 “돈 벌려면 국장”…SOXL 팔고 삼전닉스 2배로 ‘귀화’,Economic
‘정형외과 사랑방’ 도수치료에 2.7조…실손보험료가 녹아내린다,Economic
"SK증권 ""삼성물산 목표가 59만…지분가치 상승·환원 확대 기대""",Economic
미·이란 무력충돌에 뉴욕증시 일제히 하락…국제유가↑[뉴스새벽배송],Economic
"트럼프 ‘무대포 낙하산’…부동산업자 출신 나팔수, 국가정보국장 임명",Economic
“우주 어느 천년에 갈래? 바다부터 와”…데이터센터 손뻗는 삼성重,Economic
"앞에선 휴전, 뒤에선 기습…이란 드론공격에 쿠웨이트 공항 운영중단",Economic
"""삼상물산, 지분가치 상승·주주환원 확대 긍정적…목표가↑""-SK",Economic
한미약품·오스코텍 잇단 조 단위 계약…의장 나선 HLB도 강세 [바이오맥짚기],Economic
"한국카본, 방산 양산·LNG선 보냉재 수주 확대 기대…목표가↑-다올",Economic
"24만 원어치 화장품을 3만 원대에...""훨씬 싸다"" 외국인도 싹쓸이",Economic
"이재현 CJ 회장, 미국 사업장에 첫 등장…왜 하필 지금? [참견하는 기자]",Economic
대중국 무역수지 4년 만에 흑자전환 유력…반도체 가격 폭등 영향,Economic
"""3분기까지 상승세 이어져 코스피 1만1000까지 오를 것""-한국",Economic
"""네이버는 구조대 왔는데 우리는"" 엇갈린 운명에 고통 받는 카카오 주주들",Economic
"삼성전기, 이틀새 17% 급락에도 성장축 변화 없다…목표주가 210만원 상향-메리츠",Economic
[애프터마켓 리뷰] 증시 연이틀 뒤흔든 '젠슨 황' 테마…로봇주 치솟아,Economic
"[오늘의 증시]지선 후 정책 기대감에 젠슨황 효과까지…코스피, 9000선 터치할까",Economic
"SK證 “삼성물산, 자회사 지분가치 상승·주주환원 기대감…목표가 59만원”",Economic
[마켓뷰] '9천피' 돌파 시도? 숨고르기?…코스피 향배 주목,Economic
"에치에프알, AT&T 투자 확대 수혜 기대-하나",Economic
"""성과급 받아 명품관으로""…삼전닉스 효과에 백화점주 '들썩' [종목+]",Economic
"디케이티, 신사업 가동 본격화…연간 실적 전망 상향-하나",Economic
"""올해 코스피 1만1000"" 파격 전망…삼전·닉스 또 잭팟?",Economic
"한투 ""하반기 코스피 1만1000 찍는다…목표치 상향""",Economic
브로드컴 실적 발표 후 주가 급락…AI 기업 잣대가 높은 이유는 [마켓무버의 국장 힌트],Economic
[르포] 삼성家 반한 한식당 품었다… 美 사로잡은 'L7 시카고' 가보니,Economic
[마켓 프리뷰] 외인 코스피 매도 폭탄에도 강보합…젠슨 황 오늘 방한,Economic
한투증권 “6월 코스피 9500선까지 간다…반도체·IT 비중 확대”[줍줍리포트],Economic
지선 판정승 거둔 민주·재보선 선방한 국힘…엇갈린 민심(종합),Economic
美 뱅가드 운용자산 1500兆 돌파 ETF…“시장 성숙 이정표”,Economic
무료배달에 심야 배달까지…배달앱 2강 치킨게임 본격화되나,Economic
"[투자노트] ‘삼겹살 회동 D-1’… 젠슨 황 랠리, 진짜 수혜주 찾아라",Economic
"美 뱅가드 S&P500 ETF, 운용자산 1조달러 돌파 [투자360]",Economic
"미국증시, 중동 긴장·유가 급등에 3대 지수 일제히 하락…나스닥 0.89%↓ [투자360]",Economic
"뉴욕증시, 3대 지수 일제히 하락…중동 긴장 고조 등 여파",Economic
"[헤럴드광장] 4000만의 실손, ‘세대관리’ 역설 어떻게 풀 것인가",Economic
대형 기술수출·투자유치 겹쳤다…K-바이오 반등 '신호탄',Economic
부동산→주식→결국 부동산?…풍선효과 넘어 부메랑 된 대출규제,Economic
'단일화 무산' 평택을·북갑 모두 승리…국힘 상대적으로 선전,Economic
대형주 ‘웃고’ 중소형주 ‘울고’…심화되는 K자 증시,Economic
퇴직연금 ETF 연내 100조 전망…가입자 직접 운용 시대 열려,Economic
"현대차, 올해 신차 20개 프로젝트 추진…하반기 반등 노려",Economic
"5월 반대매매 7077억 원…올해 최대, 전월比 28.5% 급증",Economic
"엔비디아, 한국 스타트업 잇따라 초청…생태계 파트너 확대",Economic
MS “앤스로픽과 격차 6개월 만에 좁혔다”…자체 추론 모델 출격,Economic
“은행 문 잠그니 회사 금고로”…사각지대 ‘사내대출’에 커지는 금융 양극화,Economic
"젠슨 황, 韓 AI 스타트업 찍었다",Economic
삼성전자 레버리지 ETF 경고등…괴리율 2% 넘겼다,Economic
"버티는 대형사, 무너지는 중소사…건설업계 양극화 ‘가속’",Economic
“거품 아니다?”…‘삼전닉스’ 제외해도 코스피 이익 전망 10% 올랐다,Economic
"젠슨 황, 구광모 LG 회장 왜 만나나…피지컬 AI의 퍼즐이 맞춰진다[Biz-플러스]",Economic
‘빚투 포모’ 개미 ETF에도 몰려…반도체 상품 신용잔고 급증[마켓시그널],Economic
비트코인 1억원 붕괴…금리 인상 우려·스트래티지 충격[코인 모닝콜],Economic
젠슨 황 엔비디아 CEO 오늘 입국…'광폭 행보' 관심 집중,Economic
"""반도체 더 만들어달라""는 젠슨 황...SK실트론 매각 멈춘 SK그룹",Economic
"'1년 표류' 軍 다목적 무인車, 이달 선정…현대 vs 한화 막판 경쟁",Economic
"한투 ""6월 코스피 예상밴드 8500~9000""",Economic
업비트·빗썸 상장 종목 닮아간다…5월 키워드는 AI·DePIN,Economic
"불 탄 현대모비스 공장, 인도 유일 전장·섀시 생산지…현대차그룹 생산 '비상'",Economic
"""피자헛 다음은 백종원?""…차액가맹금 소송 파장 어디까지",Economic
"靑 참모들 엇갈린 성적표…하정우 낙선, 김남준·김남국 국회 입성",Economic
[크립토마켓] 중동 정세 긴장감에 비트코인 6만5500달러까지 하락,Economic
"젠슨 황, 4일 방한 전망…AI·로봇 협력 논의 본격화",Economic
"""목돈 부담 뚝""…불황 속 대세 굳힌 삼성·LG '가전 구독'",Economic
거래금 100兆시대지만…증권株 무작정 살 수 없는 이유,Economic
연말 금리인상 확률 41%로 급등…S&P500 9거래일 랠리 마감[월스트리트in],Economic
불장에 목표주가 넘은 종목 16개…LG전자 상회율 1위[이런국장 저런주식],Economic
'인기 폭발' 액티브 ETF…계열사 주문 몰아주기에 비용 '줄줄' [한경우의 케이스스터디],Economic
배달도 최저임금 받나… 플랫폼 노동자 첫 심의대 오른다,Economic
'맘스터치 1조' 매각설…케이엘앤파트너스 표정 관리,Economic
'변압기·스태콤' AI發 전력 슈퍼사이클…전력 3사 수주잔고 35조 목전,Economic
서버용 기판에 생산 몰린다…LG이노텍 RF-SiP '반사이익' 주목,Economic
"젠슨 황, 나흘간 한국서 광폭 행보…총수·스타트업 만난다",Economic
"당장 아니지만 차근차근 IPO 준비…컬리 김슬아, 부족했던 우군 지분 쌓나",Economic
[Why] 샴푸로 탈모 잡는 시대 오나…로레알이 올릭스 ‘RNA 기술’에 꽂힌 이유는,Economic
반도체·자율주행 등 AI 생태계 전반 협력 확장… 들썩이는 재계,Economic
슈퍼호황 조선업계도 ‘N% 성과급’ 불똥,Economic
세계 최대 암 학회 흔든 ‘차이나 쇼크’…K바이오는 ‘치료 사각지대’ 공략,Economic
코스피 9000 향하는데 IPO는 ‘반토막’… 대어들도 상장 철회 잇따라,Economic
한 병만 마셔도 일일 권장량 초과… 음료업계 단백질 함유량 높이기 경쟁에 소비자 건강 우려도,Economic
서울 아파트 거래 반토막… ‘세 낀 집’ 거래 허용에도 매물은 줄었다,Economic
"[단독] “인수 첫날 매대 꽉 차 있어야지”… 하림, 홈플익스 납품대금 지급보증 추진",Economic
"국제 유가 2% 급등…""美·이스라엘, 필요하면 이란 재공격""",Economic
"전쟁 따른 ‘반짝 실적 개선’ 끝난다… 석유화학 업계, 하반기 역래깅 공포에 적자 경보",Economic
"""젠슨 황 근처 앉을 자리 있나요""…성수동 삼겹살집 예약 폭주",Economic
"""젠슨 황 온다"" 41% 뛰었는데…여의도 증권가 '서늘한 경고' [종목+]",Economic
"[단독] PE는 ‘중복상장 금지’에 이탈... 클로봇, 두산로지스틱스 홀로 인수 추진",Economic
"""반도체 호황 속 가파른 성장 전망""…증권가 주목한 OOO은?[클릭 e종목]",Economic
韓 상륙하는 젠슨 황…반도체 넘어 로봇·AI 동맹 확대,Economic
"배달라이더도 최저임금 적용되나…최임위, 도급제 적용 논의 본격화",Economic
'삼전닉스' 쏠림 더 심해졌다…개미 돈 68%·빚투 증가액 70% 몰려,Economic
"이차전지株, 하반기 쏟아질 수주…주가 반등 기대",Economic
"엔비디아에 네이버 날고, 카카오는 파업에 하락…IT 투톱 주가 '온도차'",Economic
'동학개미' 68조 vs '팔천피' 131조…달라진 돈의 흐름[新머니무브]②,Economic
지금 쓰면 손해?…전셋값 오르자 갱신권 묵혀두는 세입자들,Economic
"젠슨 황 오늘 방한…'제조업 강국 韓, 엔비디아 피지컬 AI 최적 파트너'",Economic
"나트륨 배터리 미는 中 CATL, ‘게임체인저’인가 ‘허장성세’일까",Economic
"[단독]최성안호 삼성重, 바다 위 테슬라 '빈센'에 베팅",Economic
"마통 영끌로 ""삼전닉스 사자""…한도소진율 42%대로 '쑥'[新머니무브]①",Economic
“AI데이터센터 우리 없으면 못짓습니다”…전기차 갈아타는 이 업종,Economic
"9천피 코앞서 멈칫했지만…전문가들 ""1만피 달성 가능성 높다""",Economic
미 증시 내려도 반도체는 올랐다…삼전·SK하닉 향배는?,Economic
노후 적정 생활비 350만원? 노후 위해 착실히 돈 모았던 은퇴자의 결말,Economic
‘강제노동’ 빌미로 12.5% 관세 부과…‘슈퍼 301조’ 체제 본격화[Pick코노미],Economic
“삼전닉스 지금 들어가기엔 늦었죠”…전력·네트워크·로봇 돈 몰린다,Economic
"[뉴욕증시] '사상 최고' 엿새 만에 막 내려…팔란티어, 6.6% 급락",Economic
"""삼전·닉스, 매수 기회""…골드만삭스, 코스피 1만2000 전망",Economic
"美 원유재고, 호르무즈 봉쇄 장기화에 22년만에 최저수준",Economic
“코스닥 죽쑨다? 하반기에 봅시다”…ETF들의 ‘근거있는 자신감’,Economic
다우 1% 하락…美·이란 충돌 재점화에 유가·금리 급등[뉴욕마감],Economic
[속보] S&P500 9거래일 랠리 마감…유가 96달러·30년물 금리 5% 육박,Economic
랠리 끝낸 美증시 엔비디아·델↓…유가·국채금리 '부담',Economic
"NH아문디자산운용, AI 반도체 넘어 '전력·원전 인프라'로 간다",Economic
'방산·고배당' 한화자산운용… 다음은 '액티브'와 '글로벌',Economic
'월 배당·밸류체인' 시장 빈틈에 강한 신한자산운용,Economic
KB자산운용을 선택하는 이유 '투자자 맞춤형 상품 선제 공급',Economic
수익률이 증명…'반도체 투자 원조' ACE ETF로 완성한 포트폴리오,Economic
인류 첫 ‘1조 달러 부자’ 머스크… 기술 독점이 부른 ‘부의 초집중’,Economic
'반도체 ETF 명가' 미래에셋자산운용…TOP10 시리즈 흥행 확산,Economic
“쏠림 단호 대처” 한은 경고에도…1500원대에서 꿈쩍않는 환율,Economic
상부 개발 수익 있어야 '철도 지하화' 가능…서소문 고가도로 못 없앤다,Economic
"6월엔 ‘검은 보석’ 오디를 가까이… 눈·혈관 건강, 항산화 관리 두루 도움[한의사 曰 건강꿀팁]",Economic
미래차 타고 달리는 K-소프트웨어… 글로벌 표준 가시화,Economic
“하루 딱 13분 투자를” 심장병 사망 막는 ‘운동’의 정체,Economic
"술·담배 안하고 건장한 40대男...2주간 발열·호흡곤란 응급실행, 왜?",Economic
"“키스 전 말해야 하나”…입술 포진, 연인 사이 갈리는 평생 감염병 [건강을 부탁해]",Economic
‘부르는 게 값’ 도수치료 대신 4만원 정가제…연간 15회로 제한,Economic
"등산 초보, ‘하산길’ 무릎·발목 부상 조심하세요",Economic
[날씨] 내일 중부·호남 5㎜ 비…더위는 점차 누그러져,Economic
"김정수 삼양식품 회장, 자녀에 주식 20만주 증여…장남 지분율 2.87%",Economic
자기부담금 95%내야 도수치료 받는다…회당 4만원·연간 15회 '제한',Economic
"환자 두고 떠난 마취의·집도의… 사고 나자, 병원은 뒤늦게 인력 보강",Economic
“췌장이 보내는 마지막 경고” 무시하면 암 위험 높아진다는 신호는?,Economic
사명대사 우국의 혼 오늘날 표충비 땀으로 흘렀더라…경남 밀양시 표충비·만어사 탐방,Economic
"임성근 ""우린 발레파킹 안 해""…안성재 '모수' 논란 의식?",Economic
54만 은둔 청년의 소리 없는 비명…우리는 왜 그들을 방 속에 방치했나,Economic
건강에 좋은 1분 습관...이중 몇 가지 실천하고 있나요?,Economic
"40년 저금리 시대 종말…‘비싼 돈’의 세상은 어떤 곳일까, 신간 <머니 쇼크>",Economic
"스크린·무대서 유세장으로…문화예술인들, 강원 선거판 달궜다",Economic
BYD “자율주행 사고나면 전액 보상”…테슬라에 도전장,Economic
“다이어트 하려면 끊어야” 체지방 연소 방해하는 음식의 정체는?,Economic
"박정수, “S전자 8만 원대에 1000주 넘게 샀다”…매도 후회",Economic
"국토부, '스텔스 자동차' 막는다…""자동점등 의무화""",Economic
홈플러스 37곳 결국 폐점한다는데…선거 끝났으니 ‘새벽배송’ 족쇄 풀릴까,Economic
사과도 안 통했다…스타벅스 논란 2주만에 결제액 107억 증발(종합),Economic
칩 종속 벗어난 자율주행…완성차가 주목한 '이식성',Economic
소나기 이후 찬 공기…다음 주 초까지 더위 '주춤',Economic
“나초 먹고 배탈 난 줄” 차에서 쌍둥이 출산한 美 여성,Economic
“얼룩덜룩 팔 때문에 반팔 못 입어” 무턱대고 크림 바르면 안된다?,Economic
천 년의 울림부터 초심지 가위까지…신라 역사 품은 문화유산,Economic
"김성환 ""지역별 전기요금 곧 공개…산업용 전기료 하향 필요""",Economic
"""에어프라이어 그냥 돌렸더니 발암물질 '철철'""⋯안전하게 먹는 쉬운 방법은?",Economic
수출 호조에 역대급 매출까지…잘나가는 K뷰티에 기대감 커지네,Economic
“여름에 꼭 먹어라” 김강우가 추천한 ‘저칼로리 음식’은?,Economic
“한 잔은 몸에 좋대” 이 말 다 틀렸다…의사들의 ‘섬뜩한 경고’ 들어보니 [헬시타임],Economic
"파리로 날아간 현대모비스 노조…OECD 측에 ""램프사업 매각반대""",Economic
"불금의 여유, 책도 좋지만 꼭 책이 아니어도…무려 800만명 다녀갔다",Economic
"계단은 '무조건 올라야' 좋은 운동인 줄 알았는데···전문가 ""그러다 무릎 망가진다""",Economic
"차악을 선택한 영웅, 약소국의 총독이 제국의 칼이 된 이유 [한ZOOM]",Economic
"치과 의사 덕분에 ‘급성 백혈병’ 찾아낸 20대 女, 사연은?",Economic
"""지하철서 방귀 뀌는 사람 때문에 죽을 맛""⋯나도 모르게 새어 나오는 이유는? [헬스+]",Economic
단 것이 땡긴다면…당신은 ‘이 영양소’ 부족한 것,Economic
"“희망퇴직금도 못 받나요?”…결국 문닫는 홈플러스, 3500여명 ‘고용 불안’",Economic
美만 바라보던 시대 끝났다...中 적극 두드리는 K바이오,Economic
"‘6kg 감량’ 문연주, 몸 오히려 무거워졌다는데… 왜?",Economic
빵틀·세숫대야에 남은 40년…소록도 두 간호사의 기록,Economic
"두 배 차이나는 비싼 우유, 영양가 높을까?",Economic
[날씨] 전국 요란한 소나기…때 이른 고온현상 주춤,Economic
"‘여성살롱’ 그 목소리, 임국희 아나운서 별세…심야 여성 DJ 시초",Economic
"""반도체만큼 예민""…삼성바이오 쟁의행위금지 항고심 D-1 쟁점 체크",Economic
"유병재 제작사, 올라운더 6개월 인턴 뽑으면서…정규직 전환은 '0명'?",Economic
"합천으로 떠난 '반값여행', 왈칵 눈물 나게 만든 순간",Economic
"“단백질이 70%” 풀무치, 국내 열 번째 식용 곤충 등재",Economic
"“하루 13분이면 충분하다”… 사망 위험 줄이는 운동, 어떻게 할까?",Economic
콜레스테롤 높은 쪽은 어디?…버터 VS 마가린,Economic
유신진화론이 뭐길래… ‘이단’ 결의 이후 남은 질문,Economic
"[박동창의 맨발걷기學] <32>척추수술 후 접지요법, 소칼 교수가 던지는 시사점",Economic
‘女 라디오스타의 시초’ 임국희 아나운서 별세…향년 88세,Economic
간질약의 반전…관절염 연골 손상 회복 효과 확인[노화설계],Economic
“물만 갈아주면 오래 간다?”…의외로 흔한 두부 보관 실수 5가지,Economic
"콩 파종 후 시작된 눈치 싸움, 새들의 지혜를 엿보다",Economic
"심장 보는 의사, “자녀에게 안 먹인다”는 음식은?",Economic
"“강한 냉방 위험하다”… 생명 위협하는 ‘이 질환’, 여름에 조심해야?",Economic
[2시 뉴스 날씨] 밤까지 전국 곳곳 소나기…낮더위 주춤,Economic
"“다이어트 중 최악” 스윙스, 30kg 감량 중에도 못 참은 음식은?",Economic
"“단백질 많아 아침에 좋아” 선우용여, 매일 먹는다며 추천한 음식은?",Economic
일찍 다가온 더위··· 겨울보다 더 많은 여름 ‘심근경색’ 주의,Economic
"홈플러스, 37개 점포 결국 폐점…희망퇴직 시행",Economic
쓴맛 나지만 혈당 조절엔 탁월… 무슨 채소일까?,Economic
암 잡는 CAR-T치료로 신장 이식 거부 반응도 잡았다,Economic
"""전자담배 규제 심할수록 흡연 사망자 많아질 것"" 호주 의사의 경고, 왜",Economic
금요일 새벽까지 전국 곳곳 천둥·우박 소나기…다음주 중순까지 선선,Economic
“입에서 왜 배설물 냄새가?” 치과의사들이 지목한 진짜 원인,Economic
토마토가 레모네이드에?…미국 SNS 달군 ‘토마토 레모네이드’ 정체는,Economic
"허남준, ‘고기만’ 먹으며 다이어트 중… 효과 살펴보니?",Economic
"왕실 나온 메건, 40만원 캔들 판매 욕먹는 이유…내로남불 과거 발언",Economic
테슬라·BYD 전기차 공세… 국산차 안방 방어 '흔들',Economic
[날씨] 전국 곳곳에 소나기…돌풍·벼락·우박 주의,Economic
"동래봉생병원, 미래관 오픈으로 36년 만의 새 출발",Economic
"“햇빛 안 보고 3년 지냈다”…16세男, 발작 후 고관절 부러져, 왜?",Economic
"시부모 간병 어쩌나…중년 며느리 vs 시누이-남편, 선택은?",Economic
오늘 저녁까지 전국서 소나기…비 그친 뒤 '선선',Economic
"400만 돌파 '군체' 연상호 ""속편 아닌 게임 구상중...10대 주인공""[인터뷰]",Economic
퇴근길 '비상'…천둥·번개 동반 강한 비 온다,Economic
[날씨] 곳곳에 소나기…낮 되면 대부분 '뚝',Economic
수입차 3대 중 1대는 테슬라…중국산 전기차 존재감 커져,Economic
[뉴스12 날씨] 전국 곳곳 소나기…한낮 30도 안팎,Economic
"지방 많이 들었는데, 혈압을 낮춰준다? 무슨 음식인지 보니",Economic
"돌풍·우박 강한 소나기…다음 주도 더위 주춤, 소낙성 비",Economic
“저당 소스면 마음껏 먹어도 된다?”…살 덜 찌는 원칙 3가지,Economic
내일 새벽까지 전국 곳곳 비소식…다음주 중순까지 비교적 선선,Economic
군산이 주말 여행지로 딱 좋은 이유,Economic
“주식하다 망했다” 박정수 투자 실패…“삼전 8만원에 샀다 500만원 남겨”,Economic
"사유리, 버스·지하철 타야 살 빠진다는데… 효과 있나?",Economic
"스타벅스, 닉네임 변경 제한 무기한 연장…혐오표현 등 논란 차단",Economic
"""잘 키운 딸 시집갔다""…오스코텍, 세비도플레닙을 떠나보낸 이유",Economic
퇴근길 최대 80mm '소나기'...돌풍·천둥·번개 동반 [충북·세종 날씨],Economic
"“삼성전자, 몇억 벌 수 있었는데”…박정수, 주식 투자 실패담 고백",Economic
"일본차 밀리고 중국차 뜨고…BYD, 수입차 시장 4위 '껑충'",Economic
"벨기에, 넘쳐나는 감자 때문에 골머리… 무슨 일?",Economic
사과도 통하지 않았다…스타벅스 논란 2주만에 결제액 107억 감소,Economic
"‘푸바오 동생’ 쌍둥이 판다, 3살 맞아 ‘중국행’ 준비…“시기 협의 중”",Economic
대장암 항암제 내성 원인 규명…약효 되살릴 돌파구 열려,Economic
“점심에 먹으면 혈당 튄다”… 내과 의사가 경고한 음식은?,Economic
"서울대병원 ""신장이식 거부반응, 혈액검사로 예측한다""",Economic
"""밭 일구고 배로 호수 건넌"" 50년의 세월을 듣다",Economic
뉴욕 왕복 유류비만 60만원대…폭등한 유류할증료에 여름휴가 해외여행 ‘비상’ [여행+],Economic
존 트래볼타 “LA 한인타운 자주 가… 진짜 한국 보고 싶다”,Economic
수입차 10대 중 3대가 테슬라… 5월에도 국내 판매 1위,Economic
"현대차·기아, 5월 미국 판매 17만4860대…친환경차 역대 최다",Economic
‘심야 여성 DJ의 시초’ 임국희씨 별세···향년 88세,Economic
"[질병백과 TV] 척추 수술 미루면 안 되는 이유, ‘이 경고’ 무시하지 마세요",Economic
쿨한 시어머니 택배에 손가락 하트로 화답한 며느리,Economic
"전 세계 150만명 사망…""HIV·말라리아급 부담"" 전문가 경고",Economic
"“주는 게 더 복되다” 몸소 실천한 60대 목회자, 장기기증으로 4명 살려",Economic
벤틀리 ‘더 뉴 플라잉스퍼’ 韓 주문…영국서 수작업 생산 후 내년 인도,Economic
박지성도 먹었다… 근육 키워주는 ‘의외의 보양식’은?,Economic
편두통 있으면 뇌 더 빨리 늙는다,Economic
"오래 앉아도, 오래 서도 허리가 무너진다…‘S자 척추’ 지키려면?",Economic
멀쩡해 보여도 안심 못하는 ‘신장이식 거부반응’…혈액 속 DNA로 조기 포착,Economic
"현대차·기아, 美 시장서 5월 17만4860대 판매…친환경차 역대 최다",Economic
[뉴스타임날씨] 전국 곳곳 소나기…돌풍·벼락·우박 유의,Economic
"""줄어드는 의료 인력, '전신경화증' 치료의 가장 큰 걸림돌"" [명의열전]",Economic
“노화에 가장 효과있는 영양제”…현직 약사가 먹는 단 한 알,Economic
[신차 드라이브]파격적 변화와 부드러운 주행질감…현대차 AI 탑재한 '더 뉴 그랜저',Economic
"“가슴이 하나처럼 붙어 있다”…가슴 골 안 생기는 이유, 따로 있다고?",Economic
[뉴스광장3부 날씨] 전국 대부분 소나기…더위 누그러져,Economic
영화의 인기가 서점가로 확산…‘스크린셀러’ 돌풍,Economic
미국은 왜 북한 핵을 막지 못했나…35년 협상의 실패,Economic
"""가성비 먹거리였는데""…메가MGC커피·빽보이피자, 줄줄이 가격 인상",Economic
"셀트리온, 1000억원 규모 자사주 소각 완료…연내 2조 규모 주주환원",Economic
당뇨 관리에 참 좋은 해산물…일주일에 ‘이만큼’ 먹어야 한다고?,Economic
“이것만 기억하세요” 암 예방을 위한 열 가지 수칙 [아미랑],Economic
오늘 전국 최대 80㎜·서울 40㎜ 소나기…천둥·번개·우박 동반,Economic
"""사과문 보니 어이없다"" JK김동욱, 중앙선관위 공개 비판",Economic
"'서류 제출 실수' 육아장려금 깎은 지자체…권익위 ""전액 지급""",Economic
기생충이 몸속 '약물공장' 될까…체내 해독제 생산 십이지장충,Economic
‘살찐 사람은 성관계 어렵다’ 사실일까…전문가가 말하는 진실은? [라이프+],Economic
무대 위에 올려진 고시원·원룸…공연계가 기록한 ‘54만 고립 청년’의 자화상,Economic
오후 전국에 '소나기'...우박에 천둥·번개까지,Economic
주유비 200달러 시대…미국서 가성비 중고 전기차 인기,Economic
항암치료 전후 금식…‘이 암’ 치료에 효과적이라고?,Economic
"개봉 사흘만에 제작비 11배 벌었다…텅 빈 노란 방, 이렇게 무섭다니",Economic
고환율에 지갑 열린 외국인…서울 고급호텔서 더 오래 묵는다,Economic
초여름 더위 속 전국 대부분 소나기…출근길 우산 챙겨야,Economic
"유홍준, 김은호 소장 ‘김홍도 금강산 초본’에 신중론…“보물급은 아냐”",Economic
‘우산 챙기세요’…전국 곳곳 천둥·번개 동반 소나기 [오늘날씨],Economic
“러닝으론 부족” 내장지방 없애고 싶다면 ‘이 운동’ 해야,Economic
"부은 건가, 살찐 건가…‘매일 앉아있는 그대’ 틈새 관리 꿀팁",Economic
무등산 실종 남성 극적 구조…생수 2병으로 5일 버텨,Economic
'6선' 송영길의 화려한 귀환…'원조 친명' 김남준도 국회 입성,Economic
전국 대부분 소나기…돌풍·천둥번개 동반 유의(종합),Economic
"제주에 또 다른 복합리조트 나오나…파라다이스, 메종글래드 인수 실사",Economic
'타보면 다른데' 신차 효과 실종 르노코리아…후속작 중요성 커졌다,Economic
[오늘의 운세] 2026년 6월 4일 별자리 운세,Economic
"김대호 ""건강 무너지는 것 같아""…몸이 보내는 '번아웃' 신호 [헬스톡]",Economic
"“고단백, 포만감 커” 이소라가 아침에 먹는 것, 뭘까?",Economic
BTS '보랏빛 특수' 부산 외곽도 들썩…'없던 관광 수요' 터졌다,Economic
셀트리온도 노조 출범…커지는 바이오업계 '성과급 이슈',Economic
"""출근길 우산 챙기세요""…전국 대부분 소나기 속 더위 지속[오늘날씨]",Economic
“전립선암 치료시작”하더니 다음날 퇴원…거짓말이 아닙니다,Economic
“싸고 맛있어서 자주 먹었는데 이럴수가”…편의점·무인카페 위생 상태에 ‘화들짝’,Economic
신천지·JMS 파헤친 故탁명환…피습된 '사이비 헌터' 진실은[왓더OTT],Economic
"“뇌 염증 유발” 몸에 좋다는 사골국, ‘이런’ 사람에겐 독",Economic
IMF때 출연료 기부 내한 공연… 앨범에 ‘아리랑’ 피아니스트 조지 윈스턴,Economic
단순히 ‘잠’ 문제가 아니다…‘불면증’ 3040 여성 ‘암’ 발병 위험 쑥,Economic
“아침 먹었는데 왜 10시에 배고플까?”…범인은 첫 한입이었다,Economic
이부진 요리스승 “췌장암 완치”…90대 장수 노인들의 비밀,Economic
북극곰만 위험하냐고요? 한반도 면적 6배 빙하가 녹으면 생기는 일,Economic
"사제·승려 줄었는데, 목사만 늘었네",Economic
대장암 진행 막는다… 당장 식탁에 올려야 할 ‘두 가지’,Economic
[오늘의 설교] 잊혀진 사람들,Economic
[가정예배 365-6월 4일] 내가 반드시 너와 함께 있으리라,Economic
“우산 없이 나갔다간 낭패”…목요일 전국 흐리고 곳곳 소나기,Economic
"[빅데이터가 점지한 오늘의 운세] 2026년 6월 4일 목요일(음력 4월 19일, 기유일)",Economic
한·일 정상회담 안동 문화유산… 600년 전통마을 불꽃놀이·바위 병풍 ‘한국의 서원’,Economic
과묵했던 아버지 유영국… 추상 그린 이유도 ‘말 없어 좋다’,Economic
"""우산 챙기세요"" 전국 대부분 소나기·'낮 최고 29도'…여름철 단골 '이 질환', 예방하려면 [오늘 날씨]",Economic
"멘탈 관리도 결국 체력 문제…""잘 먹고, 잘 자고, 움직이세요"" 정신과 의사의 처방",Economic
美 현대차그룹 공장서 기아 스포티지 첫 생산,Economic
[오늘의 날씨] 전국 대부분 비…낮 30도 안팎 더위,Economic
"거짓말까지 하는 좀비, 400만명 소름끼쳤다",Economic
[오늘의 운세] 2026년 6월 4일 띠별 운세,Economic
"[미국 250년, 이상과 현실의 투쟁] 광기와 타락의 禁酒法... 세상을 오염시킨 악법은 교훈을 남겼다",Economic
[이응준의 과거에서 보내는 엽서] [69] 덩샤오핑의 두 얼굴,Economic
[알파고의 지식램프] [6] 한국인의 긴장과 방글라데시인의 이완 사이에서,Economic
[천현우의 세상 땜질] 지방 사는 90년생의 서러운 연애,Economic
[근교산&그너머] <1465> 해운대구 운봉산 둘레길,Economic
얼음 ‘이렇게’ 얼리면 세균 폭탄…여름철 얼음틀 위생 관리법,Economic
"“목 너무 아파” 호소하던 女, 백혈병 진단… 대체 무슨 일?",Economic
[뉴스9 날씨] 내일 전국 대부분 소나기…돌풍·벼락·우박 주의,Economic
헤딩 한 번만 해도 알츠하이머 관련 단백질 증가,Economic
"“콜레스테롤 낮춘다” 임미숙, ‘이것’으로 반찬 만들던데… 뭘까?",Economic
[내일날씨] 오후부터 전국 곳곳 소나기⋯돌풍·천둥번개,Economic
20살 감독의 반란 … 영화계 집어삼킨 '노란 방',Economic
“그 책을 뭐하러 읽어요?”…AI 태풍에 뒤바뀌는 ‘독서 지도’,Economic
"발표 5분 전, 손바닥이 먼저 젖었다…몸은 아직도 위험하다고 생각했다",Economic
"백태, 백내장과 다르다?…수술 후 안약 넣은 40대男, 눈동자 축소에 깜놀",Economic
"""한 잔은 괜찮겠지""… 소량 음주도 암 앞에서는 '독'",Economic
'쌍둥이 판다' 루이·후이바오 올겨울 中 귀환 전망…푸바오 간 지 2년만,Economic
"[내일날씨] ""우산 챙기세요""…전국 흐리고 오후부터 소나기",Economic
[문요한의 마음정원] 진심 건네는 조언…‘좋은 꼰대’ 자처해야,Economic
"""작은 차 싫다""는 한국서 주문 폭발…BMW '이 車' 대박 난 이유 [영상]",Economic
"황재형 작가의 운명을 바꾼, 숨진 광부의 작업복",Economic
전립선암 치료 비용·시간·고통 확 줄여... ‘10년 완치율 90%’ 만들었죠 [닥터스 라운지],Economic
“기피제 뿌렸네? 여기 사람이 있구나!”… 똑똑해진 모기의 역습,Economic
[날씨] 선거일 30도 여름 더위…내륙 곳곳 소나기,Economic
“통째로 드세요”… 유방암 위험 낮추는 과일 4가지,Economic
남편보다 오래 살지만… 왜 아픈 사람이 많을까? 중년 여성의 건강 장수는?,Economic
“나 좋다더니 갑자기 잠수”…잘되던 썸 망치는 진짜 이유 [라이프+],Economic
노화 주범으로 알려진 ‘이 세포’… 알고 보니 피부 상처 빨리 낫게 한다?,Economic
하버드 출신 의사가 경고한 ‘조용히 몸 망치는 습관’ 8가지,Economic
아름답고도 슬픈 사연 간직한 육지 속 섬,Economic
지끈지끈 편두통 있으면 뇌가 빨리 늙어...증상 완화에 도움 되는 방법과 식품은?,Economic
이 산의 절경을 봐라... 다들 카메라 들고 모여드는 이유가 있다,Economic
포슬포슬한 식감이 입맛 살려…초여름 햇감자 100% 즐기는 방법 [FOOD+],Economic
"기아, 美 HMGMA서 스포티지 하이브리드 생산 시작…전열 갖춘 공장",Economic
운동했는데 살이 안 빠졌다…체중계가 못 본 변화,Economic
[날씨] 지방선거일 30도 여름 더위…내륙 곳곳 소나기,Economic
"서울둘레길 156.5km, 비로소 서울을 한 바퀴 잇다",Economic
성원 스님 “로봇 스님들 넘어질까 연등 행렬 내내 가슴 졸여”,Economic
원화 약세에 외국인 몰린다…서울 특급호텔 ‘장박 특수’,Economic
"코스닥 바이오 톱3의 엇갈린 선택...알테오젠은 투자 확대, HLB·ABL은 효율화",Economic
"조기 위암 수술, 완전 복강경 vs 보조 복강경...어떤 게 더 나을까",Economic
에어컨만 켜면 재채기·콧물..'혈관운동성 비염' 의심,Economic
[시니어그룹] 100점짜리 후보는 없다... 100점 맞으려는 후보를 찾아야한다,Economic
"[2시 뉴스 날씨] 선거일, 낮 더위 이어져…오후 곳곳 소나기",Economic
“4명 중 1명은 비만” 체질량지수 정상이어도 안심 금물…뜨거운 BMI 기준 논쟁,Economic
"중년 부부가 방울토마토 먹었더니…아내 vs 남편, 좋은 점은?",Economic
"달콤하고 시원한데 심장에도 도움?…“엄마, ‘이 과일’ 사줘”",Economic
"""코로나19 변이에도 통했다""…엑세스바이오, 진단 유효성 확인",Economic
[날씨] 선거일 30도 안팎 더위…내륙 곳곳 소나기,Economic
164㎝·77㎏ 전설의 물고기 ‘돗돔’ 포획…성인 3명이 15분 사투,Economic
"고유가 시대…제주항공, 20년 단일 기종 전략 빛 발하다",Economic
"건강 위해 ‘이것’으로 바꿨는데 … “독성 상당한 수준”, 대체 뭐야?",Economic
"[뉴스12 날씨] 지방선거일, 더위 이어져…내륙 곳곳 소나기",Economic
"한 달에 322km, 새벽 러닝 뛰었더니 삶이 바뀌었습니다",Economic
"발목 삐면 얼음찜질부터 했는데… ""회복 속도만 느려진다"" 왜?",Economic
지자체 5급 이상 여성 공무원 첫 1만 명 시대 열렸다,Economic
"여름 보양식 콩국수, ‘이것’ 추가하면 영양 만점",Economic
"""5000원짜리가 35000원""…SNS서 난리난 다이소 '계산기' [트렌드+]",Economic
“얼굴 비추면 거울이 닳아?” 신개념 바가지 요금 [아하 중국],Economic
35세에 희귀 신장암 진단… 가볍게 넘긴 ‘초기 증상’ 뭐였을까,Economic
이재명 정부 '경제불확실성지수 하락' 속도 가장 빨라,Economic
기초연금 수급 어르신 5명 중 1명만 '현재 수준 적정',Economic
"정애리, 48년 연기 인생 가장 낯선 '더 마더'…""우리 모두의 이야기""[문화人터뷰]",Economic
"“잠결에 성관계 시도하고 기억 못해”… 29세男, 수면 장애라고?",Economic
“회개해야 나라가 산다” 부산에 울려 퍼진 기도의 함성,Economic
택배기사 등 도급제 근로자 최저임금 적용 논의 본격화,Economic
서울 아파트 전월세난에 연립·다세대 전월세 거래 증가,Economic
"“엔도르핀 돈다” 김준수 빠졌다는 ‘이 운동’, 뭘까?",Economic
인천공항 여객 7% 늘었지만…단거리 노선 쏠림 커졌다,Economic
"대만, 작년 韓 관광객 100만명 돌파…“다시 찾는 여행지로”",Economic
푸바오 쌍둥이 동생도 올겨울 중국 가나…“일정 협의 중”,Economic
"""여보, 나 사실 주식으로…"" 1억 수익 숨긴 남편의 '말 못할 고민'",Economic
“남자는 모른다”…여성이 차마 못 말한 성생활 10가지 [라이프+],Economic
치료법 없다던 암 환자 종양 30% 줄인 신약,Economic
‘20kg 감량’ 소유… ‘짜장면 먹는 방법’ 조금만 바꾸라던데?,Economic
"[출근길 날씨] 선거일, 30도 안팎 더위…오후 곳곳 소나기",Economic
"일주일에 90~120분 근력운동, 사망위험 낮춰…120분 초과 시 추가 이점 無",Economic
"""정원인데 꽃이 없네?"" 14년 걸려 꽃 대신 쇠기둥 심은 '이상한' 정원 [요즘 여행]",Economic
"""이러니 금방 상하지""...제철 햇감자, 싹 나고 초록색으로 변한 이유는?",Economic
“좀 적당히들 하입시다”…BTS 공연 앞두고 시험대 오른 부산관광 [트래블ON],Economic
"스님·신부 적은데 목사는 많다…""큰 덩치보다 인식 개선 먼저""",Economic
계란값 석달새 9%↑…'에그플레이션'에 밥상·외식물가 '들썩',Economic
"서울 33도인데 남해 태풍특보 ""바다가 뜨겁다""",Economic
'BTS 효과'에 부산 호텔 해외 팬 급증…외국인 예약 최고 '200배',Economic
“포만감 크다” 다이어트 위해 백지영이 ‘소고기’ 먹는 방법,Economic
"소량 음주, 암 위험 높이는데…치매는 달랐다고?[노화설계]",Economic
"카지노가 끌고 호텔이 밀었다…제주 드림타워, 650억 매출",Economic
"“암도 이겨냈는데”…몸 정화 의식으로 개구리 독 바른 40세男 사망, 어땠길래?",Economic
허리 아프면 무조건 누워라? 척추 건강 망치는 8가지 오해,Economic
눈 가려울 때 절대 비비면 안 되는 이유…'이 병'까지 생긴다 [헬스톡],Economic
“괜찮겠지” 했다가 과태료 폭탄…투표 인증샷 ‘이렇게’ 찍으면 큰일,Economic
"'판매 반토막' 제네시스, 하반기 '하이브리드·EREV'로 반전 노려",Economic
[날씨] 선거일 한낮 30도 안팎 더위…내륙 일부 소나기,Economic
한국·프랑스 140년의 우정… 이야기 ‘선물’ 보따리 푼다,Economic
"“샤워기 물로 입 헹궜는데”…물때 속 균, 폐로 들어갈 수도",Economic
"[헬스&라이프] ""쉬어도 방전돼""…몸이 보내는 경고, 만성피로증후군",Economic
"아침마다 먹는 달걀, ‘여기’ 보관하면 세균 범벅… 어디?",Economic
"""크면 괜찮아질 줄 알았는데""…아이 사시 방치하면 평생 후회 [김효경의 데일리 헬스]",Economic
에버랜드보다 비싸다…‘입장료 9만원’ 양평 산골 정원의 정체,Economic
“뻣뻣한 남자도 딩동댕 ‘요가계의 송해’ 꿈꾸죠”,Economic
보약처럼 힘 솟는 디저트 한 접시... 시니어 소외 껴안는 '봉주르 빵집',Economic
"“제니처럼 힙해 보이려고?”…선글라스, 디자인만 봤다간 낭패",Economic
"“혈압 낮춘다” 정재형, 샐러드에 ‘이 음식’ 넣던데… 뭐지?",Economic
[티는 알지] 녹색 가루의 매력…어디나 어울리는 ‘말차’ 알지?,Economic
“매일 이렇게 먹었는데…” 커피와 함께 섭취하면 안 될 식품들,Economic
“무슨 가격이 이렇게 자꾸 바뀌어?” 짜증내는 사람 많더니…‘이런’ 여행이 뜬다는데,Economic
"이단 피해, 자발적 동의인가 기망에 의한 강요인가",Economic
"경착륙이냐 연착륙이냐 美 교회 리더십 교체, 준비 기간이 갈랐다",Economic
“은혜 대갚음” 장학금 기부한 13년차 환경미화원,Economic
"‘20kg 감량’ 한혜연, “납작배 만들겠다”며 먹은 ‘이 음식’… 뭘까?",Economic
"“대변에 ‘이 증상’ 나타나더니, 암 2기였다”… 40대 女, 무슨 일?",Economic
"이지혜 남편, 마운자로 한 달 맞고 몰라보게 변신… 모습 보니?",Economic
단백질은 많이 먹어도 살 안 찐다? 흔한 다이어트 오해 4가지,Economic
"‘나잇살 없는 50대’ 오나라, 가녀린 팔뚝 비결?… “안 굶고 ‘이렇게’ 먹어”",Economic
“정읍선언은 통일정부 수립 주창한 ‘이승만 독트린’”,Economic
명품 도자기부터 디올 백까지… ‘한국·프랑스 140년 우정’,Economic
"허리 주사 맞고 사지마비 온 70대, 사망… 병원 책임 어디까지?",Economic
"“시험 스트레스인 줄 알았는데”…머리 아프다던 18세 뇌종양으로 사망, 무슨 일?",Economic
사람들은 왜 분노했나...스타벅스 논란이 남긴 질문,Economic
[날씨] 서울 31.8℃ 수도권 최고 더위...남쪽 먼 바다에 태풍특보,Economic
"유홍준, 최근 공개된 김홍도 금강산 초본에 신중론",Economic
"‘23만원 파우치 완판’ 구혜선, 이번엔 1만원대 출시",Economic
"자다가 소변 마려워 꼭 깨는 사람, ‘이렇게’ 하면 통잠 가능",Economic
"“2100원도 못 버텼다”…메가커피, ‘할메가커피’ 200원씩 인상키로",Economic
"건강에 안 좋다고?…“매일 과일주스 한 잔, 우울감 감소 확인”",Economic
선조의 임진왜란 트라우마에 풍수가 결합…동묘의 탄생은 ‘힙’하지 않다[장지연의 역사 상상력],Economic
한국인 엄마처럼 발랐더니…1500억 잭팟 난 '예쁘다' 정체,Economic
"“혈액순환 촉진” 김현주, 카페에서 ‘이것’ 먹던데?",Economic
[날씨] 내일(선거일)도 초여름 더위‥내륙·산지 오후 소나기,Economic
“체지방 녹인다” 입소문 난 30-30-30 다이어트… 방법은?,Economic
[날씨] 선거일 때 이른 더위…오후 한때 곳곳 소나기,Economic
“눈 가려울 때 ‘이것’ 했더니…‘각막 이식’ 수술까지” 美전문의 경고한 치명적 습관,Economic
[날씨] 내일 지방선거일 충북 더위 기승…돌풍·벼락 동반 소나기,Economic
"中 59세 여성, 생선 먹다 '낚싯바늘+낚싯줄' 삼켜… 항문 안쪽에 걸려 제거",Economic
닭가슴살 아냐… 근육 만들 때 가장 좋은 음식 1위는 ‘이것’,Economic
'츄파춥스님' 삼보스님 원적…전 재산 30억 기부한 청빈 수행자,Economic
“밥 그냥 삼키니? 제발 천천히 먹어”…음식 꼭꼭 씹어 먹어야 하는 이유 있었다 [헬시타임],Economic
"“어쩐지 클릭할 수 밖에 없는 몸매더라”… 패션 광고 점령한 이 모델, 진실성 논란",Economic
"[뉴스7 날씨] 내일, 더위 계속…내륙 곳곳 소나기",Economic
"한국에서 이렇게 잘 나갈 줄은…중국 車, “싸도 너무 싸” 통했나",Economic
[날씨] 내일 한여름 더위 기승...서울 낮 32도,Economic
중국산 폐암 신약 쇼크…세계 표준 치료의 벽 흔들어 [건강한겨레],Economic
아침 기상 후 가장 먼저 하는 일…커피는 언제 마실까?,Economic
"“다이어트 시작” 선언 김지혜, 공복에 먹는 음식 봤더니?",Economic
몇명 뽑고 어디서 투표하나…지방선거 전 꼭 알아야 할 4가지,Economic
강한 일사·남동풍에 35도 '육박'…서울 한낮 기온 33.5도까지 '쑥',Economic
[날씨] 선거일 낮 더위 계속…내륙 곳곳 소나기,Economic
"소유 ""10년 전 '삼전닉스'에 1억 투자""…최근 수익 얼마?",Economic
"""한국에선 흔한데"" 마지막에 한 방울 넣었더니…해외서 난리난 '한국의 맛'",Economic
“맹장수술이 치매와 관계있다고?”…AI가 찾아낸 뜻밖의 단서,Economic
더워진 바다에 더 빨리 자주오는 '태풍'…올여름 '극한호우'까지,Economic
"""뜨거워진 제주 바다"" 올봄 해수면 온도 역대 2위... 기온도 '4위' 기록",Economic
"45세 손태영, 미국서 '이 운동' 집중… 여전히 탄탄한 몸매 비결?",Economic
"“단군 이래 최고 화가 김홍도, 당대에도 찬사 받았죠”",Economic
"“약속은 약속”...선운사의 결단, 전시는 대박",Economic
지방선거일 32도 올들어 최고 더위…내륙 오후 소나기,Economic
밀가루 음식 삼가야 할 34세女...가리지 않고 멋대로 먹다가 혈액암?,Economic
"피부암, 레이저로 뺐다가 조기 진단 놓칠라",Economic
알고리즘보다 특허…성숙해진 자율주행 시장의 새 경쟁법칙,Economic
"일본 여행길, 태풍 '장미'에 막혔다…항공편 결항 속출",Economic
175년 전 만남부터 명품 도자기·보석 꽃까지…한-프 140년 여정(종합),Economic
"2주마다 비행기 타던 여행 예능 작가, 제주에서 마주한 최악의 밤",Economic
"“노인, 코딱지도 파지 마라” 뇌 망가뜨리는 뜻밖의 습관",Economic
"“이게 23만원?”…‘고가 논란’ 구혜선, 이번엔 1만원대 파우치 출시",Economic
"""파인애플로 살 뺀다고?"" 백지영이 직접 만든다는 '이 식초', 무슨 효과?",Economic
"열 받은 바다가 부른 '봄 더위'… 5월 중순, 역대 가장 더웠다",Economic
“건강에 그렇게 좋대” 믿고 먹었는데…심장 멈출 뻔한 ‘이 과일’의 배신 [헬시타임],Economic
동물을 위한 나라는 어디에,Economic
더위 먹어서 핑 돈다? 방치하면 사망까지... 어지럼증 위험 신호 2가지 [이러면 낫는다],Economic
현대차 인도 생산차질 현실화…글로벌 판매 5분의 1 생산 '해외 최대',Economic
“엄마 품에 안겼다가 발견”… 28세 女 살린 유방암 신호,Economic
"99세 현역 인간문화재 박선애 선생 ""생명 다할 때까지 제자들과 함께하고 싶어""",Economic
“사공 박명득…” 울릉도 암벽서 조선 수토군 새 각석문 나왔다,Economic
고종이 프랑스 대통령에 선물한 ‘보석 꽃’···140년 만에 다시 피다,Economic
“외식 꿈도 못 꾸던 때 먹은 인생 라면”...‘불닭 며느리’ 고백에 조회수 터졌다,Economic
“눈 좋아진 줄”…앤 해서웨이도 앓은 조기 백내장 신호,Economic
"“건강식인 줄 알았는데, 간 망친다”… 영양학과 교수 의외의 경고, 뭐지?",Economic
400년 전 사라진 거대 야생 소...살아남은 존재 있다,Economic
“무작정 달리면 소용 없어”… 뇌를 깨우고 행복 느끼는 방법 6가지,Economic
“아침에 눈뜨니 침대가 360도 빙글” 한가인 괴롭힌 ‘이 질환’,Economic
올봄 역대 두 번째로 더웠다…1위는 2023년 봄,Economic
"혈압 높은 사람, 운동하면 위험할까?",Economic
역대 2번째 더웠던 봄…5월엔 이른 폭염도 기승,Economic
역대급 뜨거운 바다…올여름 엘니뇨 발생 확률 80%,Economic
금은보화 꽃나무 나란히 피었네…한·프랑스 140년 돌아보는 ‘반화’,Economic
"""30대에 실명"" 앤 해서웨이 깜짝 고백...'젊은 백내장' 원인 뭐길래",Economic
주차장 한구석에서 무릎으로 빚은 ‘하나님의 이름’ 100가지,Economic
"“20대 미모”… 남규리, 매일 ‘이것’ 먹는 게 비결?",Economic
"BYD, '자율주행 사고 전액 보상' 선언…경쟁 축 '기술'서 '신뢰'로 이동",Economic
"잠 못 드는 새벽 2시, 휴지통에 넣은 '숫자들'",Economic
이승환 “구미 세금으로 배상금 지연 이자 12%…내가 다 아깝다”,Economic
"죽은 뒤에야 사라질 고통, 그래도 살아가야 한다…연극 '반야 아재'의 여운",Economic
"""인생 첫 번째 예능""…'AI 깐부' 젠슨 황, '유 퀴즈' 뜬다",Economic
[날씨] 중부 폭염급 더위…남부·제주 비 오후면 그쳐,Economic
"“운동만 하면 체중의 2~3% 빠지지만…심장·혈관엔 좋다, 왜?”",Economic
단백질 70%라는데⋯사람들이 선뜻 못 먹는 이유,Economic
"올해 첫 태풍 영향…제주·남해안 호우, 중부 더위",Economic
"고종의 반화, 이재명의 반화 오마주…140년 이어진 韓佛 우정 전시 (종합)",Economic
"남이섬에서 백담사로, 시 한 편이 눈에 띄었습니다",Economic
탈모 환자 12개월 추적하고 알아낸 사실,Economic
"호텔에서 쓰고 남은 비누, 어디로 갈까",Economic
"춤 대신 말 한마디가 통했다···“헬로우”말하자 수백만 조회수, ‘와우오케이’가 뭐길래?",Economic
[르포] '폐수 없는 제련소' 영풍 친환경 제련의 미래 여나,Economic
"대웅제약, 차임 바이오와 면역질환 치료제 개발·생산·사업화 계약",Economic
"‘AI 황제’ 젠슨 황, 국민MC 유재석 만난다",Economic
"45㎏ 만든 아침 루틴…하지원, 10년째 레몬물에 넣는 가루 정체 [라이프+]",Economic
"""도심 재개발 교회 부지 대토 받았더니 경사면이라면?""",Economic
"커피 각성 효과 오래 누리려면 자몽 주스와 마시라던데, 정말?",Economic
"이규택 전 의원, 40년 정치 현장 담은 회고록 출간...""정치는 권력이 아니라 책임""",Economic
“일본 스모 선수 같다”는 홍현희 과거 모습… 체중이 외모에 미치는 영향,Economic
"""간문맥성 폐고혈압도 간이식 가능""…고위험 환자 생존 길 열렸다",Economic
"""벤츠 중에서도 최고급""…이건희 회장도 탔던 '이 車' [모빌리티톡]",Economic
[2시뉴스 날씨] 태풍 ‘장미’에 제주·남해안 비바람…중부는 33도 더위,Economic
"[단독] ""없으면 안되는 약인데""…퇴장방지약, 5년 새 71건 '퇴장'",Economic
"“미안해요, 이 방법 밖에 없어요”… 그 환자가 ‘존엄사’ 선택한 결정적 이유는?",Economic
“받은 사랑이 많아서”…13년간 쌓은 쌈짓돈으로 장학금,Economic
독감백신 10명중 8명 맞는데…왜 입원환자는 늘 고령층일까,Economic
서울 관광객 3000만 시대 공약 대결…오세훈 '3377' vs 정원오 '착착관광',Economic
"중국차, 미국 진출 왜 어렵나…로터스가 보여준 현실",Economic
"항공료 부담 커진 6월…제주, 2박 이상 체류객에 최대 5만원 지원",Economic
냄새 안 나더라도… 음식 상했다는 신호,Economic
"교회 안 부동산 대화, 전·월세 교인은 말문 막혔다",Economic
마크롱 국빈 선물 ‘반화 오마주’ 원형…140년 전 고종의 선물 공개,Economic
"""울릉도·독도는 우리땅"" 300년도 전에 조선이 울릉도 암벽에 새긴 의지",Economic
"[날씨] 올 최고 더위, 서울 33도…남부 오후까지 비",Economic
“연극은 비싸서 안 본다?”…매출 194% ‘떡상’ 시킨 블록버스터의 저력,Economic
"12세에 생긴 작은 결절, 10년 지나 거대해져 안면 변형까지… 정체 뭐길래?",Economic
"""당뇨 걱정된다면 아침부터 챙겨야""⋯혈당 안정시키는 '이 음식' 정체는?",Economic
"""위고비·수술 다 안 했다""⋯즐기면서 100㎏ 뺀 女, 가장 먼저 버린 '이것' [헬스+]",Economic
[자막뉴스] 긴급재난문자까지 발송...올해 첫 태풍특보에 물난리,Economic
꿀 vs 메이플시럽…칼슘 19배·마그네슘 9배 더 높은 것은?,Economic
소시지 VS 베이컨…굳이 따지자면 어느 쪽이 건강?,Economic
[뉴스12 날씨] 오후까지 남해안·제주 비…서울 33도 더워요,Economic
"넷플릭스 ‘다시, 서울에서’의 그녀, 한국관광 홍보대사 됐다",Economic
땀 흘리면 독소 빠진다고?… 인간이 땀을 흘리게 된 이유는 달랐다,Economic
‘유산균 요거트’ 식전·식간·식후…언제 먹어야 장 건강에 베스트?,Economic
“커피는 오전에만?”… 스타벅스에 오후 손님 몰리는 이유,Economic
나주목사·프랑스 영사 ‘막걸리·샴페인’ 만찬… 그때 그 ‘옹기주병’ 175년만에 귀국,Economic
"에세이 펴낸 요가소년 “몸과 마음이 보내는 신호, 빨리 알아채는 게 중요”",Economic
"""몸속 지방산이 암세포 성장 억제"" KAIST",Economic
"모기 잡겠다며 3200만 마리 푼다…구글의 실험, 정말 괜찮을까",Economic
"큐리언트 항암제 '모카시클립', 유방암 환자 대상 임상 본격화",Economic
4박에 단돈 5만원…누구나 즐기는 비현실적 ‘섬 워케이션’,Economic
"3%대 치솟은 물가…식품업계, '싸고 푸짐하게' 가성비로 돌파구",Economic
코로나 때 ‘암 진단’ 누락…고소득 7개국 5만5000건,Economic
“나트륨 폭탄” 고준희 흡입한 음식의 정체는?,Economic
"현대차 인도법인 ""일시적 생산차질 전망…대체 공급망 모색중""",Economic
‘갑상선 수술’ 환자의 큰 고민거리…“내 목소리 언제쯤 돌아올까?”,Economic
"'다빈치' 장인이 되살린 나무와 꽃…""선배들의 손길 떠올렸죠""",Economic
"젠슨 황, 유재석 ‘유퀴즈’ 나온다…최태원·구광모와 ‘삼겹살 회동’ 어디서?",Economic
"김연경 ‘이것’ 맛있게 먹더니…갑자기 ‘피로감’ 호소, 왜?",Economic
"온코닉 '자큐보', 인도서 미란성 위식도역류질환 3상 성공",Economic
"때 이른 6월 폭염, 수분 96% 채소와 MZ세대 픽 ‘가벼운 보양식’ 뜬다",Economic
디지털 입고 야성 더했다… 한국상륙 30년 포드 익스플로러의 ‘본질적 진화’,Economic
성실했던 청년은 어떻게 빚의 벼랑 끝에 서게 됐나,Economic
에어프라이어에 ‘이 음식’ 넣으면 발암물질 생겨…피해야 할 식재료 3가지,Economic
"‘30kg 감량’ 비결… 이찬혁이 이수현에게 꼭 하라고 시킨 것, 뭘까?",Economic
"“치매로 이어진다”… 백지연 꼽은 ‘의외의 원인’, 뭘까?",Economic
"“나빠진 신장, 생각·생활습관 바꾸면 치유될 수 있다” [건강한겨레]",Economic
"4일 방한 젠슨황, '유퀴즈'에도 출연…세계 최초 첫 예능 토크쇼",Economic
"26년 만에 SK 떠난 '나비'…노소영 관장, 사간동서 새 출발",Economic
"한다감, 임신 위해 ‘이 음식’ 즐겨 먹었다는데… 뭘까?",Economic
[날씨] 남해상 올해 첫 태풍특보...중서부 한낮 최고 더위,Economic
"BYD ""자율주행 사고 나면 전액 보상""…테슬라와 다른 행보",Economic
"이주명, “스트레스 풀 때 매운 ‘이 음식’ 먹는다”… 뭔지 보니?",Economic
책 안 읽는다더니…베스트셀러는 영화·유튜브·증시가 만들었다,Economic
출퇴근길 지하철 응급환자 구한 분당차병원 의료진,Economic
"젠슨 황, 유재석 만난다‥방한 중 '유퀴즈' 출연",Economic
"""대장암 커도 수술 없이 치료된다… 관건은 암세포가 들어간 깊이""",Economic
노소영 아트센터 나비 재개관…SK빌딩 떠나 사간동으로,Economic
[뉴스타임날씨] 제주·남해안 비바람…서울은 33도로 더 더워져,Economic
‘7말8초보다 싸고 쾌적하다’ 장마 상륙 전 6월 피서지 9곳 [여행+],Economic
"1851년 조선인에 샴페인 주고, 막걸리 마신 프랑스인…‘우정의 술병’ 나왔다",Economic
"“겉보기엔 그냥 안경인데”…AI 글래스, 패션업계 새 격전지로",Economic
“늙을수록 암세포 더 잘 퍼진다?”...‘이 나이’ 때 암 전이 가장 높다,Economic
현대모비스 인도 공장 화재에 현대차 공급망 '긴장',Economic
"비타민에 섬유질, 철분, 엽산까지 골고루...‘이런 식품’ 즐겨 먹었더니 영양 보충 “끝”",Economic
젠슨 황 첫 예능 출연이 ‘유퀴즈’?···방한 후 ‘삼겹살·소맥 회동’ 이어 깜짝 행보,Economic
“한국의 핫플은 궁궐·왕릉”…지난해 관람객 4명중 1명은 외국인,Economic
기관마다 따로 내던 어학성적…한 번 등록하면 5년 간다,Economic
젊을 때 피우기 시작한 담배가 평생 장 건강 위협한다,Economic
“아저씨 다리털 보고 싶지 않아”…‘반바지 출근’ 논란이 드러낸 일본 사회 민낯 [이윤정 기자의 소소월드],Economic
"어지럽다고, 속 쓰리다고 '임의 약물 중단' 위험",Economic
프랑스 대통령이 고종에게 선물한 것은…한·불 수교 140년 특별전,Economic
[930날씨] 제주·남해안 비바람…서울은 33도로 더 더워져,Economic
"젠슨 황, 유재석 만난다…“접시 닦던 소년에서 시총 1위 CEO로”",Economic
같은 동네인데 날씨가 딴판? '날씨 복불복'에 기상청 등판 [지금이뉴스],Economic
태풍 수증기에 제주·해안 호우…중부 33℃ 더위,Economic
"젠슨 황, 유재석 만난다…'유퀴즈' 찍고 총수들과 삼겹살 회동",Economic
대통령도 주목 '강진 반값여행'…청년 오면 최대 70% 지원,Economic
"반도체 안 부럽다…세계가 반한 K-콘텐츠·관광, 수출 효자 산업으로",Economic
"젠슨 황, 유재석 만난다… 전 세계 최초 토크쇼 출연이 '유퀴즈'",Economic
"“가슴 커서 성추행 당해”…유방 축소술 늘어가는데, 국가 지원 어려운 이유 [라이프+]",Economic
27년 만에... 대학 축제에 아줌마가 떴다,Economic
“영화 속 공포를 현실에서”…‘살목지·백룸’ 성지순례 안전 주의,Economic
"세계 시총 1위 CEO 엔비디아 젠슨 황, 유재석 만난다…‘유퀴즈’ 전격 출연",Economic
"미나리 해독·낙지 원기회복, 한국은 藥食同源… 프랑스 와인 스파·체코 맥주 목욕 등도 유사한 전통[정주영이 만난 ‘세상의 식탁’]",Economic
태풍이 몰고온 수증기…제주 한라산·우도에 200㎜ 이상 폭우,Economic
노소영 미술관 '아트센터 나비'…SK 떠나 사간동에 재개관,Economic
뜨거운 국물만 먹으면 콧물 줄줄…‘미각성 비염’ 뭐길래[건강팩트체크],Economic
[날씨] 남해 먼바다 첫 '태풍경보'...서울 올 최고 더위 예상,Economic
"“최대 250만원 할인”…쉐보레, 6월 ‘홈커밍 페스티벌’ 혜택 강화",Economic
"""금융위기 때 깎인 임금 그대로""…뿔난 GM 美협력사 파업",Economic
심장 건강엔 역시 운동...유전적 원인으로 인한 심장병 발생 확률도 낮춰,Economic
태풍 장미 영향 남부·제주 폭우…중부지방은 '낮 33도' 무더위,Economic
"""고환율 시대가 바꾼 여행법""…현지서 돈 안 쓰는 '3無' 뜬다",Economic
"암 치료 후 마음 건강, 어떻게 챙겨야 할까요?[아미랑]",Economic
"140년 전 한국-프랑스 이은 역사, 고종이 보낸 선물은?",Economic
1800km 수로가 만든 시장…15~18세기 중국 상인의 부를 읽다,Economic
명품 도자기·보석으로 만든 꽃…한국-프랑스 140년 우정의 흔적,Economic
"고종의 반화, 이재명의 반화 오마주…140년 이어진 韓佛 우정 전시",Economic
"""가족 3명이 수술·암""…박명수 전 매니저, 병원서 전한 근황",Economic
"노소영 미술관 아트센터 나비, SK건물 떠나 사간동서 재개관",Economic
태풍 수증기에 제주·남해안 호우…중부 폭염급 더위,Economic
"벤츠, 美판매 전면 중단 위기…美의회, 中자본 완성차 금지법 발의",Economic
[날씨] 제주·남해안 호우특보…서울 33도 땡볕 더위,Economic
임신 중 앉아 있는 시간 길어질수록 ‘이것’ 위험 높아진다,Economic
"""시간선택제 공무원에 초과근무 1시간 일괄공제는 부당""",Economic
‘애민(愛民)’과 ‘포퓰리즘’ 사이 아슬아슬한 줄타기 [조선생활실록(實LOG) ⑬],Economic
"팔굽혀펴기 40회 넘는 男은…""심장병 위험 96% 적다""",Economic
역대 세 번째 이른 영향 태풍…제주·남해안 호우,Economic
결국 '백종원 얼굴' 지우나…매출·주가 추락에 간판 바꾸려는 더본코리아,Economic
"[출근길 날씨] 중부, 맑고 더워…남해안·제주 강한 비",Economic
무릎 시큰? ‘팔자 페달링’ 고쳐보세요,Economic
[날씨] 남해 먼바다 올해 첫 '태풍경보'...서울은 '최고 더위',Economic
[날씨] 제주·남부 강한 비…수도권 폭염급 더위,Economic
“아침마다 얼굴 퉁퉁 붓는다면?”… 나트륨 배출 돕는 식재료 5가지,Economic
"한미약품, 릴리에 1.9조 기술 수출…랩스커버리 적용 파이프라인 이전 탄력 받나",Economic
"“수박에 ‘이것’ 뿌리면, 전해질 보충 효과”… 약사 추천, 뭐지?",Economic
"""신약 차별성 구체적으로 확인"" 셀트리온, 신약 개발 역량에 기대감 확대",Economic
"대한산악연맹, 히말라야 미답봉 사트SAT(6,220m)봉 초등",Economic
태풍은 일본으로 갔지만 제주 전역 강한 비바람...추자도.동부권 호우경보 발효,Economic
"이승환, 구미시 항소 분노 “세금으로 이자 12%, 내가 다 아깝다”",Economic
"“벤츠, 너 떨고 있니”…‘한국인 소울세단’ 신형 그랜저, 내릴 때도 뿌듯해 [세상만車]",Economic
"팔굽혀펴기 40개, 심장병 위험 96% 낮춘다...중년 남성 '건강 바로미터' 입증",Economic
"[출근길 YTN 날씨 6/2] 남해안·제주 호우, 남해 동부 먼바다 태풍경보...중서부는 고온",Economic
"[출근길 날씨] 올 최고 더위, 서울 33도…남해안·제주 강한 비",Economic
[날씨클릭] 제주·남부 호우…서울 낮 33도 올들어 최고,Economic
[날씨] 오전까지 남부·제주 많은 비…중서부 땡볕 더위,Economic
남해동부먼바다 태풍경보…6호 '장미' 역대 세 번째 이른 영향 태풍,Economic
“하루 한 숟갈로 살 빼고 암 막는 효과” 달콤한 식품의 정체는?,Economic
“통증 일주일 참았을 뿐인데 고환 괴사”… 72세男에 무슨 일이?,Economic
유류할증료 없는 '크루즈 여행' 핫하네…올들어 예약 350% 급증,Economic
6월 멸종위기 야생생물 '담비'…산림개발 서식지 감소,Economic
[이슬기의 무기가 되는 글들] ‘오빠들’의 선거,Economic
“중년男 팔굽혀펴기 몇 개?”…美하버드 내놓은 ‘건강 척도’에 후덜덜,Economic
"""30대인 줄 알았네""…주름 싹 지운 70대 모델의 '안면 회춘술' [헬스톡]",Economic
[날씨] 제주·남해안 호우경보…서울 33℃ 폭염 수준 더위,Economic
밤샘 개표가 남기는 통증…선거 현장 속 허리 건강 주의보,Economic
"""벌써 푹푹찐다"" 서울 낮 최고 33도...제주·남해안 시간당 20~30㎜ 비[오늘날씨]",Economic
"5년 생존율 17%, 신호도 없는 췌장암…“단 음료부터 줄여라”",Economic
화학자는 ‘볶음 요리’에 어떤 식용유를 쓸까?,Economic
아이유도 앓았던 '개방성 이관증'…급격한 체중감량이 원인? [김효경의 데일리 헬스],Economic
"[기자노트]사과도 똑소리 나는 무신사, 데카콘 자격 있다",Economic
"""제발 샤워기 물로 입 헹구지 마세요""…무심코 꿀꺽했다가 끔찍한 결과 [헬스톡]",Economic
“목에 걸리는 느낌도 조심” 무심결에 지나치기 쉬운 암 증상 4가지,Economic
"“단백질 풍부” 이영자, 아침으로 ‘이 음식’ 먹는다… 뭘까?",Economic
"[오늘의 설교] 방주 안에, 오직 예수 안에",Economic
관성 지출 줄이고 재정 공개 넓히고… 헌금 관리 투명하게,Economic
“섬길 땐 동작 빨라야”… 마지막까지 아름다운 나눔,Economic
"[미션 톡!] “택시 세 대 호출, 요금 대납 이보배씨 찾습니다”",Economic
"“아침에 꼭 먹어라” 20kg 감량한 약사가 추천한 ‘이 음식’, 뭐지?",Economic
"탈북민교회 10곳 중 7곳, 북한 출신 목회자가 이끈다",Economic
"[빅데이터가 점지한 오늘의 운세] 2026년 6월 2일 화요일(음력 4월 17일, 정미일)",Economic
"[헬스&라이프] ""잠은 잤는데 왜 피곤하지?""…수면무호흡증 의심 신호는",Economic
심리학부터 명언집까지… “나는 출판계 다이소”,Economic
전자담배가 금연 도구?… “속지 말고 착각 말자”,Economic
‘이완기 단독 고혈압’ 도입… 하루 소금 섭취량 더 줄여,Economic
"검증된 니코틴 대체제, 올바로 쓰면 끊을 수 있다",Economic
"“어진화가 아버지, 단원화첩 모사하라며 후학 가르쳐”",Economic
"“또 식민지배 당할 것인가, 대만에 묻고 싶었다”",Economic
"[라인W 날씨] 내일, 중부 맑고 더위 강해…남부엔 강한 비",Economic
[류호정의 톱밥 먹는 중입니다] [22] 나에게 허용한 오차만큼은 상대에게도 인정하자,Economic
[유덕종의 아디스 레터] 자식이 부모에게 하는 가장 큰 효도,Economic
"여름철 더 거슬리는 뱃살, 쏙 들어가게 하는 습관 5가지",Economic
“5년 이내 암 위험 3배 높인다”… ‘이 습관’ 고쳐라,Economic
[날씨] 내일 더 덥다 '서울 33도'…제주·남해안 많은 비,Economic
아이에게 관절염이? 열 난 뒤 다리 절뚝인다면…,Economic
‘츄파춥스님’ 삼보스님 지난달 원적…반려견 보리 곁으로,Economic
"태풍 일본 향하지만, 한반도 고온·호우...해상 첫 태풍특보 우려",Economic
"""휴대폰 보다 잠들었다?""… 의외로 내 몸 '여기' 먼저 망가진다, 뭘까?",Economic
"“여름에 찾는 ‘이 음식’, 혈당 쫙 올린다” 의사 경고, 뭐지?",Economic
태풍 장미 북상에 제주·남부 비…수도권은 33도 폭염급 더위,Economic
“녹차 티백 버리지 마세요” 냉장고에 넣으면 천연 탈취제…활용법 4가지,Economic
"[날씨] 2일, 서울 33도 한여름 더위…남부·제주 집중호우",Economic
"“지방 축적 막는다” 백지영, 다이어트 식초 직접 만들던데… 재료 뭐야?",Economic
[날씨/XR] '서울 33도' 올 들어 가장 덥다…제주·남부 비,Economic
"'여성암 1위' 유방암 실손보험금 5년간 20% 늘었다, 왜?",Economic
[이슈날씨] 6호 태풍 '장미' 북동진...제주·남해안 최고 120mm 이상 비,Economic
스마트폰 화면에서 벌어지는 전쟁…뇌를 장악하는 자가 이긴다,Economic
[날씨] 내일 서울 낮 33도 불볕더위‥남부·제주 강한 비,Economic
조선 마지막 어진화가 유품서 김홍도 그림 238년만에 발견,Economic
[날씨] 내일까지 제주·남해안 많은 비…서울 33도 더위,Economic
"70대 노인, 매일 '이 과일' 4개씩 먹다가 심정지 직전까지… ""몸에 칼륨 쌓여""",Economic
"오스코텍, 美 아지오스에 자가면역질환 치료제 기술이전…최대 1조 규모",Economic
[내일날씨] 남부 '물폭탄'에 천둥·돌풍…'호우주의보' 발령,Economic
심장 건강 지키려면… ‘저녁 7시’ 이후로 하지 말 것들,Economic
"[뉴스7 날씨] 밤사이 남부 강한 비…내일, 서울 한낮 33도",Economic
[날씨] 6호 태풍 '장미' 북동진...제주·남해안 최고 120mm 이상 비,Economic
"샤워기 물로 양치하거나 입 헹구는 습관 ‘NO’…약사의 경고, 왜?",Economic
“매일 먹는 ‘이것’ 뇌 망가뜨린다”…신경과 의사가 먼저 끊으라는 식품 [헬시타임],Economic
6월과 함께 온 초여름 더위… 열대야 작년보다 19일 빨라,Economic
“중년 여성 환자 많아”… 간암 예방하고 살 빼는 습관 3가지,Economic
현대모비스 인도 첸나이 공장서 불…현대차·기아 부품 공급 차질 예상,Economic
현대차 '사용자성 판단' 또 연기…노사 갈등 장기화 우려,Economic
젊은 장내세균 돌려받은 쥐…간암이 생기지 않았다,Economic
"4276억원 선불금 어디로…스타벅스 환불 첫날 매장마다 현금 증액해 둬, 분위기는",Economic
주말 늦잠이 보약?…알고 보니 수명 깎아먹는 '최악의 습관' [건강!톡],Economic
"잠 못 드는 젊은이들, 암 위험 높아지나",Economic
1억1400만원 받는데… 더 달라는 삼성바이오 노조,Economic
남부 중심 곳곳 비 예보…중부는 한여름 더위 '서울 33도',Economic
뇌경색은 골든타임 내 혈관 뚫어야? 질환 유형따라 달라,Economic
"울산대병원 암병원 ""아이온·다빈치 로봇으로 대기 없이 암수술""",Economic
"“아이돌처럼 내 눈도 스타일링”…K렌즈 대표 주자, 일본 공략 비결은 [신수현의 남돈남산]",Economic
5월 기아만 웃었다…완성차 4사 판매량 4% 감소 뒷걸음질(종합),Economic
“프랑스 밤잼 사려다가 한 시간 순삭”…50일 만에 900만명 클릭했다는데,Economic
“자전거 30분 탔는데 엉덩이 비명”… 초보 라이더 살리는 ‘이 장비’,Economic
"녹차 하루 5~6잔씩 마신 40대女…복통·복부팽만감 부쩍 심해져, 왜?",Economic
중부 ‘폭염’ 남부 ‘폭우’…화요일(2일) 한반도 남쪽 태풍 ‘장미’ 영향,Economic
"중국차, 韓 수입차 판매 3위로 올라",Economic
태풍 '장미' 북상에 한반도 영향…120㎜ 폭우 온다,Economic
"[단독] 고독을 삼킨 프리마돈나, 세상을 끌어안다…호암상 품은 조수미",Economic
"[단독]이인영 전 쓱 대표, 상미당홀딩스 CFO로",Economic
"일본 향하는 태풍 '장미', 수도권에 33도 땡볕더위 만드는 이유는",Economic
아이스크림 먹을 때마다 머리 '지끈'…알고 보니 이것 때문?,Economic
"“아빠가 준 100만원으로 주식”…한유진, 수익률 8000%",Economic
완성차 5월 판매량 전년比 4% ↓… 기아만 홀로 실적 개선,Economic
5월 완성차 5사 판매 66만4370대…현대차 내수 1위 탈환,Economic
"의협, 의원급 수가협상 결렬되자 발끈…""정부가 일차의료 포기한 것""",Economic
“잠 못 자면 20대도 암 위험?”…젊은층 덮친 뜻밖의 경고 [건강을 부탁해],Economic
"[퇴근길 날씨] 중부 오늘보다 더워, 서울 33도…남부 강한 비 주의",Economic
"태풍이 불어넣은 수증기에…제주 ""시간당 30㎜ 강한 비 주의""",Economic
"한미약품, 릴리에 비만신약 1.9조 기술수출..K바이오 한달새 11조원 잭팟",Economic
"기상 관측 이래 가장 더웠던 5월…내일 서울 33도, 6월도 펄펄 끓는다",Economic
"""할머니·할아버지 냄새 너무 싫어요""⋯나이 들어도 안 나게 하는 방법은? [헬스+]",Economic
올해도 탈북민교회 3곳 중 2곳은 북한 여성이 개척했다,Economic
"납작하게 출토된 ‘신라 금관’ 얼굴에 덮었나, 머리에 썼나",Economic
"아스팔트와 실시간 소통… 피렐리, ‘지능형 타이어’ 장거리 테스트 성공",Economic
"국내 완성차, 5월 판매 부진…""기아만 웃었다""",Economic
"불면증 있는 50세 미만 성인, 일부 암 위험 최대 3배[노화설계]",Economic
5평 원룸에 처박힌 청년들의 현실을 만담처럼 풀어내다,Economic
"현대차, 내수 1위 재탈환",Economic
터미네이터 현실화?…우크라에 간 美 ‘휴머노이드 로봇’ 실전 테스트 결과는? [밀리터리+],Economic
"인도 모비스 화재, 현대차 생산 차질 우려 ""공급처 다변화 검토""(종합)",Economic
‘韓 원자력 1세대’가 말한다…파란만장 K원전 일대기,Economic
"“얼죽아 주목” 더울 때 ‘따뜻한’ 커피 마시라던데, 이유는?",Economic
"현대차, 5월 글로벌 판매 32만5473대…부품 수급 차질에 7.7% 감소",Economic
"밥 냉동할 때 식혀야 할까, 뜨거울 때 넣어야 할까?",Economic
"“15년간 암 170번 이겨냈다”… 47세男, 잦은 암 발병 원인 있었다",Economic
"“좀비처럼 걸었다”… 폭염 속 운동, 근육이 보내는 SOS 무시 말아야",Economic
"셀리악병, 장 건강만의 문제 아냐… 심장병·혈액암 위험 ↑",Economic
"책 안 읽는 대한민국, 영화·웹툰만 팔린다…""1020이 마지막 보루""",Economic
"김은호 아들 “어진화사였던 부친, 김홍도 화첩으로 후학 가르쳐”",Economic
"“800잔 마셔도 도전한다”...1만2천명 홀린 메가커피 프리퀀시, 뭐길래",Economic
"'빙수 먹자 머리 띵'…아이스크림 두통, 편두통 위험 신호일 수도",Economic
"스타벅스, 2주간 카드 전액 환불 개시…최대 4000억대 규모",Economic
"월드컵 개최국인데 1만명 확진...""기침만 해도 감염, 백신 꼭"" 당부",Economic
“너무 예쁘고 똑똑해 보였다”…30년 전 길거리 인터뷰 여고생 정체 ‘깜짝’,Economic
"‘병원장’ 많이 배출한 전공, 정형외과 2위… 1위는?",Economic
“차 팔고 조의금까지…” 목사님의 마지막 헌금,Economic
단백질 vs 근력 운동…부모님 근력 유지에 더 중요한 것은?[노화설계],Economic
2박 이상 머물땐 최대 5만원 지원… “개별여행객들 제주 혼저옵서”,Economic
인공지능이 일하면 인간은 해방되는가…AI 시대 노동의 미래,Economic
"""자율주행 레벨3 상용화 쉽지 않아…레벨2+ 고도화 집중""",Economic
[날씨] 내일 서울 최고 더위 예상...밤사이 남부·제주 많은 비,Economic
현대모비스 램프 매각 위로금,Economic
"1인 35역 모노드라마 '나는 나의 아내다', 12년 만에 돌아온다",Economic
"女, 테스토스테론 부족하면 몸에서 어떤 일 일어날까?",Economic
"‘세계 최대 명품 제국’ LVMH 회장 부인, 백화점 아닌 ‘예술의전당’ 찾는 까닭",Economic
김홍도 그린 금강산 사생 초본 10점 나왔다…'해동명산도첩' 계열,Economic
"국립중앙박물관의 아이콘, ‘경천사지 십층석탑’의 저주 [한ZOOM]",Economic
"장송선 헬릭스미스 대표 ""22년 기다린 엔젠시스, 중국서 증명됐다""",Economic
[날씨] 6월 시작부터 여름 더위…제주·남해안 많은 비,Economic
"셀트리온, 민주노총 산하 노조 출범… “노동자 권리 되찾을 것”",Economic
“붕소 부족하면 안 돼”… 매일 ‘이 과일’ 섭취하면 된다는데?,Economic
"내일 서울 33도, 당분간 이른 더위...태풍 '장미'가 불어넣은 수증기에남부엔 많은 비",Economic
"""살 안 빠지는 이유 있었네""⋯똥배·술배 지방 태우고 혈당 관리 돕는 음식은?",Economic
"온코닉테라퓨틱스, 임상종양학회 ASCO서 '췌장암 신약' 임상 발표",Economic
"학교폭력 의혹 휘말린 '솔로지옥' 국동호 측 ""형사 고소""",Economic
"JW중외제약, 피타바스타틴 저용량 복합제 '리바로젯 1/10㎎' 출시",Economic
"치매 위험 높이는 난청…""인공와우, 적기 수술이 결과 좌우""[인터뷰]",Economic
삼성바이오 이직률 '역대 최저'…업계 최고 대우 속 노조는 투쟁,Economic
체온 30분 내 낮추는 ‘맥박점’ 냉각법…영국 적십자가 꼽은 핵심 3곳,Economic
[미션톡]“택시비 대신 내준 청년 ‘이보배’씨를 찾습니다”,Economic
"대장암 환자의 눈물…“음식, 가려서 먹어야 했는데”",Economic
"""김홍도 금강산 초본 238년 만에 세상 밖으로""…'해동명산도첩' 누락 10점 발견",Economic
"고령층 근감소증, 이제 부위별로 ‘콕 집어’ 평가",Economic
"소방 ""한화에어로 사망자 6명에서 5명으로 정정…2명 중경상""",Economic
"""폐만 망가지는 줄"" 담배 피운 골절 환자...1년 후 뼈 사진 '충격 결과'",Economic
"카페업계, '탈벅' 반사이익 경쟁…신메뉴 공세·가격 인상 움직임",Economic
[날씨] 6월 첫날 30도 안팎 더위…제주·남해안 호우,Economic
태풍 '장미' 북상에 제주·남부 비…수도권은 33도 폭염,Economic
아무리 편리해도… ‘이 채소’는 손질 안 된 것으로 구입을,Economic
제주서 2박 이상 머무는 관광객에 여행지원금…최대 5만원 혜택,Economic
“TV와 '이만큼' 떨어져 봐라”…전문가가 말한 최적 시청 거리는?,Economic
"[날씨] 여름의 시작, 30℃ 안팎 더위...제주 최고 150mm 호우",Economic
"현대모비스, 인도 부품 공장 화재…공급망 차질 우려",Economic
한국선 여름에만 이 ‘영양소’ 공짜 섭취?…이때 실컷 저장해둬야,Economic
[날씨] 2일 더위 '절정'…서울 낮 최고 33도,Economic
"""스트레스·불안 때문일까""… 9세 소년 '이것' 먹다 장 막혀, 무슨 일?",Economic
나이 들수록 뿌옇게 변하는 시야···눈부심까지 심해지면 ‘백내장’ 검사받으세요,Economic
"태풍 '장미' 일본 향하지만…제주·남해안 호우, 중부 폭염급 더위",Economic
"[뉴스12 날씨] 6월의 시작, 더위 여전…제주·남해안에 비",Economic
상반기 베스트셀러는 '프로젝트 헤일메리'…소설·투자서 강세,Economic
한강이 연 ‘소설의 시대’ 여전 …상반기 베스트셀러 1~3위 휩쓸어,Economic
“사람은 안 변한다?” 성령의 안경을 쓰면 기질의 약점도 꽃이 된다,Economic
[시니어그룹] 북한 안내통역원이 전하는 북한의 여행 실태,Economic
"""환자 몸에 줄이 사라졌다"" 병동 확 바꾼 AI 웨어러블 '씽크'",Economic
“단종에겐 전하지 못했지만 오늘날 우리에 건네는 얘기”,Economic
"별다방을 잃은 자리, 사랑방을 상상하다",Economic
뜨거운 햇볕에 낮 최고 33도…남부 곳곳 비 [내일 날씨],Economic
"“맹장 터진 줄” 정성호, 극심한 통증에 응급실行… 무슨 일?",Economic
“잘못했다간 동맥 파열” 정형외과 의사가 말리는 SNS 유행 운동,Economic
"골프와 수영의 공통점, 쉰 살 앞둔 물 속에서 깨달았다",Economic
[내일 날씨] 남부지방 곳곳 비…중부는 30도 넘는 무더위,Economic
"“기네스북 해상 전망대 편하게 오른다”…軍, 청라하늘대교 통제 15일 해제",Economic
“게임 속 NPC 해볼까”…롯데월드 알바에 4만명 몰렸다,Economic
[김용삼의 근대사] 항일 언론인 베델의 추악한 정체,Economic
[헤럴딥-백스테이지: 갈 길 먼 ‘모두의 클래식’] 5만원 vs 55만원…같은 공연인데 한국에선 왜 11배로 뛸까,Economic
"""한 병실서 남녀 함께 지내라니"" 잇단 반대에…복지부, 입원실 성별구별 폐지 방침 철회키로",Economic
"서울아산병원, 국내 첫 신장이식 8000례…35년간 말기 콩팥병 환자에 새 삶",Economic
"[날씨] 낮 더위 이어져, 서울 30도…제주·남해안 비",Economic
"""죽음의 유전자가 만성 스트레스 받은 뇌세포 살려""",Economic
"""한두 시간마다 생리대 갈 정도로 출혈 많으면 병원 가보세요""",Economic
"여름철 필수 식재료 소면, 끝까지 제대로 두고 먹는 법",Economic
욕실 청소 스트레스 줄이려면?… 미국서 화제 된 ‘게으른 청소법’의 정체,Economic
방 안으로 밀려난 청년들…'은둔'은 어떻게 삶이 됐나,Economic
"여름철 끈적해진 주방 기름때, 어떻게 청소하지?",Economic
"""성범죄·사생활 침해 우려""… 국민 반발에 입원실 남녀 분리 유지",Economic
[날씨체크] 6월 첫 주도 30도 안팎의 무더운 날씨···강한 자외선 유의,Economic
중고차 허위매물 막는다…남의 차 함부로 광고하면 과태료,Economic
[현장]파티하다 문 열면 공연장…인스파이어 스카이박스 가보니,Economic
"현대차, 하청 사용자성 판단 임박…완성차 노사 관계 변수 될까",Economic
“생존기간 두 배”…췌장암 치료 바꿀 알약 나왔다[노화설계],Economic
"경총 ""도요타는 노조가 먼저 생존전략 고민…한국 노사관계, 이익 분배에 갇혀""",Economic
"성과급부터 미래차 물량까지…완성차업계, 임단협 쟁점은",Economic
<19> 이정의 편지[석한남의 붓길따라 사연따라],Economic
대한민국 최초 연쇄살인마 김대두... 그가 두 달 간 17명 죽인 이유 [유석재의 악인전],Economic
“식습관·생활습관 개선해 신장 투석 횟수 줄이고 만성신장병 벗어나”,Economic
꽃가루 알레르기 시즌 빨라지자…'지르텍' 판매 한달새 69% 증가,Economic
"현대모비스, 인도 공장 화재로 일부 건물 전소…인명피해는 없어",Economic
"장강명 ""하반기 외부 일정 모두 취소…죄송하다""",Economic
올 상반기 베스트셀러 1위는 ‘프로젝트 헤일메리’,Economic
“찬물 샤워가 답 아니었다”…폭염 속 체온 뚝 떨어뜨리는 의외의 ‘이곳’ [헬시타임],Economic
"“비만약 3주차, 생리가 끊겼어요”…무성했던 부작용 루머, 진짜였다",Economic
"장산도에서 1박, 섬 한복판에서 만난 하얀 정원",Economic
"'신장이식 8000례' 돌파한 서울아산병원…""국내 최다 기록""",Economic
[자막뉴스] 바람 방향 바뀌며 서쪽 비상...태풍 비구름에 많은 비 예고,Economic
임금 ·처우 개선해달라더니...삼성바이오 이직률 1.9% 역대 최저,Economic
"[날씨] ""여름 시작부터 뜨겁다"" 내일 서울 33℃...태풍 비껴가도 제주·남해 호우",Economic
"[뉴스타임날씨] 6월의 시작, 낮 더위 계속…오전에 제주도부터 비",Economic
"안과 AI로 심혈관 잡는다…메디웨일, 기술·투자·영업망 '3박자'[문대현의 메디뷰]",Economic
현대모비스 인도 첸나이 공장 화재…현대차 현지 생산기지 ‘비상’,Economic
인간을 부속품처럼 쓰는 시대… 고 문헌은 달리 말했다,Economic
키보드 칠 때마다 찌릿찌릿...손가락 사용 어렵게 만드는 ‘이 질환’ 대처법은?,Economic
"“미국인들, 새벽 3시부터 줄섰다”…올영 美1호점서 고객 쓸어담은 화장품은",Economic
[약손+] 보존하고 완치한다···여성 건강의 적 ‘유방암’ ⑫유방 재건술,Economic
"4박에 단돈 5만원…비현실적인, 섬에서의 워케이션 [트래블ON]",Economic
“야한 기술보다 이게 중요”…여성 2590명이 답한 성생활 만족 조건 [라이프+],Economic
"말기 신부전 환자에 '새 삶'…서울아산병원, 국내 첫 '신장이식 8000례'",Economic
"폐경 후 갑상선암 여성, 지방간 위험 높아…예측모델 개발",Economic
'치매인 줄 알았는데'…걸음걸이 이상이 먼저 나타나는 정상압수두증,Economic
"낮에는 뱃놀이·밤에는 아트쇼…강릉, 체류형 관광으로 '활로'",Economic
"AI가 내놓는 신앙 답변, 얼마나 안전할까?",Economic
낡은 아파트의 노년부터 우주 쓰레기까지…사서가 고른 6월의 책,Economic
"미국인 '오픈런' 뛰게 한 올리브영, 이달 중 LA 2호점 출격",Economic
"“렉서스·도요타 다 합쳐도 BYD 하나 못 이겼다”…중국차, 일본차 첫 추월",Economic
광주 패밀리랜드 새 운영자 공모 유찰…재공모,Economic
‘K-헤리티지’의 힘…이제 궁·능 관람객 4명 중 1명은 외국인,Economic
현대모비스 인도 공장 전소…현대차 공급망 영향 촉각,Economic
"단 5분간 기도 받았더니...통증, 불안증이 뚝 줄어드는 놀라운 건강 효과",Economic
K타이어의 질주… ‘전기차·高인치’ 전략으로 깜짝 실적[자동차],Economic
[날씨] 한낮 30도 안팎 더위…내일까지 제주·남해안 비,Economic
척추질환 치료의 완성은 '재활'… 수술 후 관리가 회복 좌우,Economic
도로 흐름 읽고 충전… 길 막히자 모터 주행… 최고의 갓성비 SUV[자동차],Economic
"[날씨] 6월 여름의 시작, 한낮 더위 지속...제주 최고 150mm 호우",Economic
"대동맥판막협착증, 조기 치료로 생존율 높인다",Economic
종로 4가 창신육회에서 거인을 만났다,Economic
삼성바이오 노사 법정공방 2라운드…가처분 항고심 5일 열린다,Economic
절단 공포 끝나나? 달라진 당뇨발 치료법[밀당365],Economic
"일라이 릴리, 한미 GLP-2에 1조 9000억 원 베팅",Economic
기후위기가 바꾸는 전쟁의 목적…우크라이나 검은흙부터 북극항로까지,Economic
"12월 3일부터 이듬해 4월까지…""'광장 이후'는 왜 다시 위기에 놓이나""",Economic
"제주·남해안 내일 오전까지 많은 비…서울 33도, 남부는 체감 31도",Economic
"이경규가 이끄는 ‘차박원정대’…현대차, 월드컵 응원 콘텐츠 공개",Economic
숙소 예약했는데 갑자기 “돈 더 내라”…한국인 2명 중 1명은 이런 일 겪었다,Economic
‘피임’ 한다지만… 질외사정·월경주기법 의존 여전한 청년들,Economic
선생님은 병동의 오케스트라 지휘자 같아요,Economic
"서점 갔다 깜짝 놀랐다…책 한 권 '2만원' 시대, 참고서는 54% 폭등",Economic
"셀트리온, 코센틱스 바이오시밀러 'CT-P55' 캐나다 품목허가 신청",Economic
김연경도 피하지 못한 '혈당 스파이크'…예방하려면 '이 순서'대로 드세요 [헬스톡],Economic
"한미약품, 릴리에 단장증후군 신약 후보물질 기술이전…총 1.8조 규모",Economic
[오늘의 운세] 2026년 6월 1일 띠별 운세,Economic
"해외선 한번에 7만석…5만석 없는 韓, 축구장 빌려 공연[공연돔 없는 K팝 종주국]",Economic
"법원 ""부당해고…""업무능력 저조로 해고하며 ""경영상 이유"" 통지",Economic
"“쌍둥이 임신, 기쁨 두 배인 만큼 조심할 것도 두 배”",Economic
"""먹고 기운 내려다 힘빠지네""…삼계탕 한 그릇에 2만원",Economic
"매일 먹는 마늘인데…근육엔 직접 안 가고 '지방' 먼저 건드린다, 왜",Economic
"[날씨] 6월 시작, 30℃ 안팎 낮 더위...제주·남해안 '강하고 많은 비'",Economic
중국車 편견은 '옛말'...국내서 처음 日 제치고 '3위',Economic
불법 논란에도 효과는 확실? 서울아산병원 ‘약국 셔틀’ 1년,Economic
충분히 자도 계속 피곤한 이유?…뜻밖의 원인 찾았다[건강팩트체크],Economic
"월간산 추천, 6월에 걷기 좋은 길 4선",Economic
오늘 낮 최고 32도 한여름 더위...남부에 강한 비 ,Economic
“먹자마자 기분이 좋아진다” 주황빛 과육…‘노을 멜론’이 뭐길래,Economic
'만들어 먹어야 되나'…가성비 찾던 직장인들 경악,Economic
"""너무 매워 속 쓰려?""…꽈리고추 매운맛 확 낮추는 '이 방법' 나만 몰랐나?",Economic
"요거트 말고, 프로바이오틱스 풍부한 음식 4가지",Economic
명품 대신 과일잼 판다…29CM '1조 잭팟' 터진 비결 [장서우의 하입:hype],Economic
"[그 영화 어때] 유튜브 바이럴 영상의 공허한 허세, 영화 ‘백룸’",Economic
"""'하트시그널5' 그 일본 어디야?"" 요즘 뜨는 소도시 여행지 ‘도쿠시마’",Economic
"[날씨] 6월 첫날, 낮 더위 이어져...제주엔 '강하고 많은 비'",Economic
낙상 골절 어르신 10년 추적 조사…기대수명은?,Economic
"[출근길 날씨] 낮더위 계속, 서울 30도…제주·남해안 비",Economic
6월 첫 날 '최고 32도' 한여름 더위…제주 강한 비(종합),Economic
[날씨클릭] 전국 대부분 여름 더위…제주 120㎜ 큰비,Economic
BTS 공연 앞 10만원→75만원…방방 뛰는 숙박비 '정찰제'로 묶는다,Economic
"“분유 7번 바꿔도”…수유하면 다 토하더니 13개월 밖에 못산다 는 4개월 아기, 무슨 일?",Economic
[오늘의 운세] 2026년 6월 1일 별자리 운세,Economic
"호두로 인지기능 높이려면, ‘이때’ 먹는 게 좋다",Economic
"""ADC 다음은 방사성의약품?""…K-바이오 새 먹거리 부상",Economic
"'낮 최고 32도 안팎' 한여름 더위…모기 물렸을 뿐인데 두드러기 증상, 대처법은? [오늘 날씨]",Economic
"이영지, 사전투표 날 빨간옷 논란에…""경솔한 행동 죄송""",Economic
태풍 일본 향하지만…제주 집중호우 '강한 너울',Economic
"""한 잔만 마셔도 얼굴 빨개""…김남길 고백한 '음주 홍조' 뭐길래 [헬스톡]",Economic
"中 테슬라 차주 “FSD 믿고 샀는데 광고와 다르잖아”…테슬라, 9억 손배소 휘말려",Economic
“에어컨 끄고 또 눌렀다면?”…전기료 아끼려다 곰팡이만 키운다,Economic
피로·우울감 계속된다면… 다발성경화증 의심 필요,Economic
전국서 흐려도 무더위는 계속…강한 자외선도 주의[오늘날씨],Economic
전자담배가 덜 해롭다고?… “폐도 심장도 위험”,Economic
전수용 원장 “번역도서 52만부서 120만부로…K북 수요 폭발”,Economic
수억대 선인세…K북 해외판권 잇단 잭팟,Economic
이스라엘 모사드가 아르헨티나서 납치… 재판 후 처형 ‘나치 전범’ 아이히만,Economic
"“집에서 운동해도 충분히 효과 보는 법” 김수미, ‘이것’ 추천하던데?",Economic
"[단독] 김홍도가 그린 금강산 초본 찾았다, 전성기 엿볼 보물급",Economic
“첨성대는 은하수왕 내려온 신궁”… 고대 우주관 정립한 15년 집념,Economic
조선 과거제는 능력주의였을까? 500년 급제자 1만 4천명 분석해보니,Economic
"[칼럼] 3대 공공 발레단 예술감독 자격, 정치적 ‘코드’ 아닌 ‘전문성’ 먼저",Economic
"“뇌에 염증 유발” 신경과 의사가 꼭 끊으라는 ‘이 음식’, 뭐지?",Economic
"""폐업 고민했었는데, 매출 3배""...'부산병' 손님, 바글바글",Economic
인스타 하는 재계 임원 “신앙과 기업 연결 가교 역 희망”,Economic
[가정예배 365-6월 1일] 하나님은 침묵 속에서도 일하신다,Economic
"[박종순 목사의 신앙상담] 금요철야 기도 권유, 어떻게 할까요",Economic
"“아침에 마시면 변 딱딱하게 굳는다”… 약사가 꼽은 ‘변비 주범’, 뭘까?",Economic
"[빅데이터가 점지한 오늘의 운세] 2026년 6월 1일 월요일(음력 4월 16일, 병오일)",Economic
"[날씨] 강릉 벌써 열대야, 역대 3번째 이른 밤 더위",Economic
“책 사러 서점 갔다가 깜짝 놀랐다”…한 권에 2만 원 시대 코앞,Economic
“날씬한데 아랫배만 볼록해”… 중년 뱃살도 쏙 빠지는 음식 5가지,Economic
K팝 스타는 많은데 공연장이 없다… 대관 못해 공연 줄이기도,Economic
"신라 금관, 풀리지 않는 비밀… “머리에 썼나, 얼굴에 덮었나”",Economic
[TV조선] 전신 노화 시계를 늦춰라,Economic
"‘46kg’ 한혜연, 50대에 뱃살 나잇살 없는 비결?… “‘이 운동’ 삼매경”",Economic
"43세 男, 식단 ‘이렇게’ 바꾸고 27kg 뺐다… 비결 보니?",Economic
그로구 귀여움에…스타워즈 모르는 젠지도 빠졌다,Economic
"스타벅스 5·18 마케팅 논란, 사안 본질 파고드는 분석 필요",Economic
[강헌의 히스토리 인 팝스] [315] 케네디센터에서 철거되는 ‘트럼프’,Economic
[민태기의 사이언스토리] ‘여왕벌’과 ‘수벌’로 시작한 드론의 100년 역사,Economic
"식품업계 대표들 줄구속 사태…거짓말에 휘둘린 ‘우지파동’, 책임은 누가? [미담:味談]",Economic
"“꽈배기 다른 곳에선 못 먹으니까”...K베이커리, 美매장 500개 달성",Economic
“가슴 크다고 남자들이 성추행” K컵 여성 고통받다 결국… 유방축소술 수천만원에도 英서 인기,Economic
“요거트에 넣어 먹어” 해외서 난리난 ‘이것’…체중 감량·암 예방까지,Economic
"올여름, 찜통 위에 물폭탄 얹나…역대급 '이중고' 예고",Economic
알수록 놀라운 김치 효능…장내 미세플라스틱 배출 가능성 확인,Economic
부글부글 가스 차고 빵빵한 배…뜻밖의 ‘이 음식’ 때문?,Economic
"한밤중 ‘어지럼증’…응급실 갈까, 아침까지 기다려?",Economic
[날씨] 6월 첫날도 덥다…자외선 지수 '매우 높음',Economic
태풍 '장미' 한반도 비껴간다…일본 향해 북상,Economic
“전자담배 피우면 살 빠진대” 진짜?…연구결과 봤더니 반전 [헬시타임],Economic
월요일부터 초여름 더위…2일부터는 비[내일날씨],Economic
"""배 아프고 토하더니""…13세 소녀, '이것' 때문에 2주간 혼수상태, 무슨 일?",Economic
5월에 찾아온 '폭염·열대야'⋯월요일 낮 최고 '32도',Economic
"[날씨] 6월 첫날, 때 이른 더위…제주·남해안 비",Economic
[7시 날씨] 내일도 더위 계속…강한 자외선 주의,Economic
“나이 들수록 먹기 싫어도 무조건 먹어라”…‘이것’ 부족하면 걷기도 힘들어져 [헬시타임],Economic
"온열질환, 폭염 속 어지럼증도 응급신호 [9988 프로젝트]",Economic
"고환율에 괌 여행 망설였다면…투어비스, 항공권 10만원 할인 ‘승부수’",Economic
"살빼는 ‘방방이’ 탄 60대女...뼈 골절 탈골에, 무서운 합병증까지?",Economic
"""잠 못 자는 50세 이하, 암 발생 위험 커진다""",Economic
“엄마 카드 써도 증여세 낼 수 있어요”…상속 등 절세 오해 바로잡는다,Economic
5월에 찾아온 '폭염·열대야'…월요일도 낮기온 30도 안팎,Economic
무더위로 시작하는 6월…최고체감온도 31도 안팎 예상,Economic
"일요일 평화를 깬 경고음, 자나깨나 '조심'해야 하는 것",Economic
어르신들만 백내장? 눈 다치면 젊은층도 예외 아니다,Economic
"""20세기 '갑부 도시' 디트로이트가 전 세계서 모은 명작 감상하세요""",Economic
"“맹장 아니었다” 정성호, 극심한 복부 통증에 응급실행… 무슨 일이?",Economic
똑똑해진 그랜저…말로 창문 열고 맛집 검색도,Economic
고기 싫어서 안 먹었더니…영양제로 해결하다 위험에 빠지는 경우?,Economic
"‘이것’ 적게 먹는 노인, 걷기·장보기 힘들어진다",Economic
"""샤워부터 하지 마세요""…폭염에 체온 빨리 낮추는 뜻밖의 부위",Economic
“진료기록은 AI로 다 보내놨어요” 큰 병원 가는 시간 확 줄인다,Economic
"美 건국 250주년 공연, 일부 가수들 보이콧 선언… 트럼프 ""내가 직접 출연""",Economic
저가 커피에 스틱커피까지…고환율에 줄줄이 오르는 커피값,Economic
"[날씨] 내일, 6월 시작부터 여름 더위...당분간 예년보다 더워",Economic
"난임으로 고통 받는 여성 늘어나… “입안 염증 관리 중요”, 어떤 이유?",Economic
[날씨] 전국 30도 안팎 여름 더위…큰 일교차 유의,Economic
"“전립선암 뇌 전이” 70대 男, 겪은 증상 봤더니?",Economic
"“수억 헌금 어디 썼나요”… 교회 재정, 신뢰부터 샌다",Economic
“이 그랜저는 그 그랜저가 아닌데?”…확 달라진 뉴그랜저 타보니,Economic
"“살이 갈수록 빠져”…48kg 송지효, 운동 없이도 살 뺀 비결은?",Economic
"“떡볶이 먹으니 피곤” 김연경 겪은 이 증상, 위험하다는데?",Economic
[날씨] 휴일 30도 안팎 더위…강한 자외선 주의,Economic
[날씨] 내일도 30℃ 안팎 낮 더위 계속...당분간 예년보다 더워,Economic
"""섬유유연제 냄새가 안나"" 아들 전화에 엄마가 알아챈 것",Economic
"정상에 숟가락이 있는 산, 동해안 경치가 끝내줍니다",Economic
"""독감백신도 초고령 맞춤형으로"" 여야·노인단체 모두 꺼낸 '고면역원성 백신' 카드",Economic
기분 좋으려고 마셨는데 병원으로?…의사들 “당장 멈추라”는 이 습관 [헬시타임],Economic
"[날씨] 휴일 맑고 더워…서울 30도, 포항 34도",Economic
무더위에 지친다고요? ‘이 과일’ 챙겨 드세요,Economic
경비 절반 돌려받는 ‘대한민국 반값여행’…굴비의 고장 ‘영광’으로,Economic
"물 너무 많이 마셨더니…심장, 신장 이상으로 고생할 수도",Economic
폭염에 이곳부터 식힌다…체온 뚝 떨어지는 '비밀 지점',Economic
"""운동 열심히 했는데 오히려 독""…60세 이후 피해야 할 습관 4가지",Economic
[날씨] 전국 30도 안팎 여름 더위…자외선·오존 주의,Economic
“완전자율주행? 허위 광고” vs “일부 기능 구현”…테슬라 차주들 ‘집단소송’ 왜?,Economic
"“장이 일직선이야?”…밥 먹고 바로 대변, 정상일까?",Economic
"[날씨] 5월의 마지막 날, 낮 더위 계속...서울 30℃·강릉 34℃",Economic
“치명적으로 귀엽다”…스타워즈 구원투수 떠오른 ‘베이비 요다’,Economic
초코파이도 찔끔 먹던 신수지 “이젠 맘껏 먹고 행복하게 운동해요”[이헌재의 인생홈런],Economic
“참치회 맛 난다” 토마토 맛있게 먹는 ‘의외의 조합’,Economic
"동료와 격한 말다툼 뒤 숨져…법원 ""업무상 재해"" 인정",Economic
"""손 안 씻고 나오나요?""…공중화장실 감염 줄이는 법 [헬스톡]",Economic
"‘이 간식’ 정말 맛있지만… 의사 “혈당 치솟고, 혈관 좁아져” 경고, 왜?",Economic
"박지훈, 항상 ‘이것’ 챙겨 다녀…당뇨 막고 치매까지 예방한다고?",Economic
"[날씨] 올해 강릉 첫 열대야, 낮에도 여름 더위...강한 자외선·오존 주의",Economic
“먹고 싶은 대로 먹고 운동하면 된다고?”...다이어트 망치는 잘못된 속설들,Economic
맥주가 밥줄이었던 남자가 '뒷방'을 연 순간 벌어진 일 [윤한샘의 맥주실록],Economic
"약 먹으면 괜찮던 허리 통증, 알고 보니 암… 英 방송인 겪은 일 보니?",Economic
레이싱 체험에 게임 입혔다…재방문 부르는 9.81파크의 ‘몰입 공식’,Economic
당신은 ‘열망형 잡동사니’를 안고 사나요?…이것부터 버리세요,Economic
“과식하면 머리도 잘 안 돌아가”...‘이런 습관’ 못 버리면 뇌 손상될 수도,Economic
계란 ‘여기’ 넣지 마세요…포장 용기 그대로 보관해야 하는 이유,Economic
[약손+] 보존하고 완치한다···여성 건강의 적 ‘유방암’ ⑪유방암 수술적 치료-액와부 수술,Economic
“개운해서 좋았는데”…탈모 부르는 의외의 여름 습관은?,Economic
“숙취 싹 사라진다”… 짬뽕 대신 ‘이것’ 먹어보자,Economic
"일본 향하는 태풍…한반도는 34도 더위, 첫 열대야",Economic
아삭한 죽순의 반전…‘이렇게’ 먹으면 오히려 위험[알쓸톡],Economic
“왜 안 꺼져” 에어컨 전원 두 번 ‘강제종료’=최악습관…전기료 아끼려다 건강 놓친다,Economic
"亞 최초로 한국 온 데미안 허스트, 한달 뒤 끝나는데…돈값 했을까?",Economic
“선크림 꼭 발랐는데 기미 생겨?”… ‘이렇게’ 발라야 진짜 효과 나온다,Economic
“탈팡했다 말만 하고 다 쓰더라”…쿠팡 매출 끄덕없게 만든 진짜 이유는,Economic
"""다시는 못 할 것 같다""…박미선 항암 16번, '림프절 전이'가 뭐길래 [헬스톡]",Economic
우유·달걀·생선 덜 먹는 노인… “더 빨리 못 걷게 될 수도”,Economic
"“헛헛할 때 먹는다” 한고은 추천한 ‘이 음식’, 뭐야?",Economic
"[돈+Cars] 출근길엔 효율, 주말엔 질주…카이엔 S E-하이브리드 쿠페",Economic
"'뉴 그랜저' AI에게 ""지방선거 어디 찍을까"" 물어봤더니…",Economic
[타보고서] 플레오스 품은 그랜저…미래는 봤지만 사용성은 숙제,Economic
"현대차 AI 글레오에 물었다…오세훈이야, 정원오야? [타봤어요]",Economic
'아빠차' 아니었어?…'판매량 1위' 4050 여성들 푹 빠진 車 [신차털기],Economic
"[시승기] “글레오, 창문 열어줘”… AI 탑재한 ‘국민 세단’ 더 뉴 그랜저",Economic
"[황지향의 CAR톡] ""기다리길 잘했는데?""…신차급 변화 '그랜저' 타보니",Economic
"[시승기] '국민 세단'의 진화, AI로 똑똑해진 '더 뉴 그랜저'",Economic
"""글레오, 창문 닫고 에어컨 켜줘"" AI 탑재로 진화한 '더 뉴 그랜저'",Economic
"[타보니]""말이 통하는 AI와 달린다"" SDV 품은 '더 뉴 그랜저'",Economic
허가병상수 기준 감염관리료에 지역병원 '울상',Economic
“뜨밤 보내다 응급실行”…관계 중 가장 많이 다치는 순간 [라이프+],Economic
"국물도 없고 양도 적어서 ""한 봉지쯤이야"" 했다가 '깜짝'…비빔면의 반전 [맛잘알X파일]",Economic
‘기생충→케데헌’까지… 한국 영화 성장의 주역들,Economic
"“싹난 감자, 바나나 껍질 버리면 손해”…생활 속 재활용 방법 3가지",Economic
"[헬스토크] 없는 물체 보이는 '비문증', 망막박리 탓일 수도",Economic
[르포] 하회마을부터 찜닭골목까지…안동에 번진 '정상회담 특수',Economic
"[르포]""땡큐"" ""셰셰"" 폐업 고민하던 식당, 매출 껑충...외국인 몰리는 부산",Economic
"""뜻밖의 결과에 깜짝"" 좋은 줄 알고 넣었는데…영양소 84% 날려버린 '이 과일'[실험노트]",Economic
"""아빠, '티니핑車' 보러 가요""…한 달새 10만명 몰린 '핫플'",Economic
"공복에 좋다는 사과·블루베리 먹었는데… 결국 탕비실 갔다, 왜?",Economic
위스키·코냑이 세계 무역전쟁의 단골 표적이 된 이유,Economic
"몰염치했던 서울 집주인, 그와의 두번째 만남 [.txt]",Economic
뼈 건강에 좋대서 챙겨 먹었는데…칼슘 보충제의 배신[일터 일침],Economic
큰 심장 혈관 막히면 더 위험? 통념 깨졌다 [헬시타임],Economic
"“아무것도 하기 싫어”…‘침대 좋아’ 당신, 무너진 의욕 되살리려면",Economic
"""시간은 우리 편""이라던 미국은 왜 북한 비핵화에 실패했는가",Economic
이성계가 고뇌 삭이던 절...숭유억불이 삼킨 양주 회암사 [배기동의 고고학 기행+],Economic
그 시절 버스 안내양에게 인권은 있었을까 [주말 詩 한편],Economic
중동전쟁에 중고차 수출 29%↓…영세 수출업자 울상 대기업도 타격,Economic
"[날씨] ""올여름 폭염·열대야 더 심해""...내일부터 폭염중대경보 시행",Economic
"47세 채연, 아직도 흰머리 안 나… ""밥에 '이것' 넣어먹은 효과"", 뭘까?",Economic
"""거의 지방 덩어리, 동맥 막혀""…심장내과 의사가 절대 먹지 않는다는 식품들은?",Economic
"“폐경, 석류 먹는다? 그게 최악” 암 걸린다던 호르몬 치료 반전",Economic
초록불에 진입했는데 웬 과태료? 교차로 ‘꼬리물기’의 함정,Economic
당신도 미친듯이 돈이 많아진다면…결국 ‘영생’으로 눈 돌립니다 [Book],Economic
"형·누나·어머니 줄초상 고통에…오만한 건축가, 겸허함을 배웠다 [Book]",Economic
"“여자는 집에서 살림하는 게 맞지”…이런 사람, 주변에도 꽤 있습니다 [Book]",Economic
"“소년은 아버지의 김밥이 가장 좋았다”…잡초밭 독학 골퍼 김민규, 450억 '억만장자 리그' 입성기",Economic
‘까마귀에 시체가 뜯기고...’ 국군 반란 주동자의 최후 [호준석의 역사전쟁],Economic
"“다이어트에 좋아” 고소영, 아침에 ‘이 음식’ 먹던데… 뭐지?",Economic
"“불 끄고 딱 10분만 봤는데”…어둠 속 스마트폰, 눈 건강부터 흔든다",Economic
“살얼음 육수 다 비우셨나요?”…냉면 한 그릇에 하루치 나트륨 담겼다,Economic
"""피 한 방울로 치매 잡는 시대 온다"" 서울대 의대 교수가 권하는 조기진단 관리법[건강비책]",Economic
다산 정약용이 탈출 도왔지만… 자수해 순교한 중국인 신부 주문모,Economic
"“내장지방 오히려 늘어난다” 다이어트 중 흔히 하는 실수, 뭐야?",Economic
"아몬드 껍질, 벗겨내? 말아?",Economic
"“입에도 대지 말아야” 살빼려면 가장 먼저 끊어야 하는 ‘이 음식’, 뭘까?",Economic
“먹고 싶은 것 먹으면서 살 빼” 금나나 교수 추천한 ‘황금 균형’은?,Economic
"‘10kg 감량’ 홍현희, 무조건 살빠지는 식단?… ‘3가지 조합’ 혈당에 최고?",Economic
"“중년 군살 싹 잡는다” 차인표 짬 날 때마다 한다는 ‘운동’, 뭐야?",Economic
"""중년 뱃살, 굶어도 안 빠진다면?""…40대부터 꼭 챙겨야 할 '이 음식' 5가지",Economic
하루에 방귀 30번 뀌어도 정상일까?,Economic
"'낮 최고 33도' 맑고 더위 계속…벌 쏘임 후 호흡 곤란, '아나필락시스 쇼크' 뭐길래 [오늘 날씨]",Economic
"""뚱뚱해서 안 됩니다""⋯굴욕 당한 女, 1년 만에 63㎏ 감량한 비결은? [헬스+]",Economic
[오늘의 운세] 2026년 5월 31일 띠별 운세,Economic
술도 안마시는데 젊은여성들 암 폭증…뜻밖의 ‘이 공통점’ 있었다,Economic
췌장암 놓쳐 사망한 50대… ‘이 증상’ 간과했다,Economic
“50대 넘으면 ‘이것’ 먹지마세요”…응급실 의사가 경고하는 치명적 음식,Economic
피부 망치는 지름길…샤워할 때 ‘이 습관’ 피해야 하는 이유,Economic
"선풍기 괴담, 사실이었어? 이비인후과 의사 경고 나왔다",Economic
고기만 먹는다고 근육 안 는다…전문가가 꼭 먹으라는 '이 영양소',Economic
"1인당 28억씩 받는다…로또 1등 10명 당첨, 판매점은 어디?",Economic
“두피에도 선크림 발라야 하나요?”…탈모 치료 권위자의 경고 [의사소통],Economic
당신이 좋아하는 '치맥'… 그 나쁜 유혹 [박창희의 비만 Exit],Economic
"<10> 화랑세기의 재발견, 신라를 다시 묻다 [신화에서 선민까지 한민족 정체성의 문화사적 발견-기고]",Economic
무가치함과 싸우고 있는 재수생 딸에게 하고 싶은 말,Economic
“매일 ‘이것’ 3번 먹었다” 세포 나이 23년 젊어…117세 세계 최고령자 몸 분석했더니,Economic
“당뇨병 발생 위험 높다”… ‘이런 체형’ 조심하라는데?,Economic
"'송이연 50살', 막장 웹툰인 줄 알았는데 지독한 문학이었다",Economic
"‘16kg 감량’ 윤승아, 김밥도 그냥 안 먹는다? “‘이것’ 넣은 특제 다이어트 김밥”",Economic
복대·찜질·걷기…허리통증에 ‘독’ 될수도 [건강칼럼],Economic
바지 헐렁해졌다고 미소 짓다간… 내 몸의 '포도당 공장'이 문 닫고 있다 [몸의 오프더레코드],Economic
"입원한 30대女, 마약진통제 써도 두통 심해져... ‘커피’ 끊은 탓?",Economic
'피로가 싹~' 뜨거운 물 샤워만 했는데…전문가 뜻밖의 경고 [건강!톡],Economic
암 재발 소식을 듣고 처음 한 일,Economic
‘몰입감 최고’ vs ‘전쟁이 장난이냐’…‘콜옵’ 신작이 소환한 게임의 윤리,Economic
"“근육 만들려 먹어?”... 고기와 콩, 장 세포도 회복 시킨다",Economic
아픈 딸 둔 아빠에게 ‘2500원 중고차’ 넘긴 김선태…트렁크에 ‘깜짝 선물’까지,Economic
101세 할머니가 밝힌 장수 비결… 역시 ‘이 운동’,Economic
전두환 사면이 尹 계엄 꿈꾸게 했다? 김대중은 대체 왜 전두환을 사면했나[프레시안 books],Economic
고증 오류·역사 왜곡 ‘21세기 대군부인’의 또 다른 문제들,Economic
“강아지는 괜찮다” vs “사람과 다르지 않아”… 햇볕에 화상 입을까?,Economic
자전거가 무릎에 좋다고? ‘이것’ 모르면 무릎 나간다,Economic
"""욕실에 있다면 당장 버려라"" 약사가 알려준 '최악의 염증 물질' 네 가지",Economic
"강남, 포켓몬카드 구입에 5000만원 썼다 “최악의 남편”",Economic
"""40대 아저씨는 로션만 발라도 된다더니""…김 과장의 배신 [오세성의 탈아재]",Economic
법흥사 주지 '대웅당 삼보 대종사' 영결·다비식 엄수,Economic
"왕창 먹는데 47kg 유지? 김윤지, 출산 후에도 날씬 몸매 비결 보니",Economic
“샤워 ‘이렇게’ 하면 절대 안된다”…심장마비·뇌졸중 온다는 경고 [헬시타임],Economic
"“잠 자주 설쳤더니 살 쪘어요”…잠 잘 자야 혈당, 체중 줄인다",Economic
"간판만 지방 이전…길바닥에 버리는 혈세 122억 [반쪽짜리, 지역 문화 이식②]",Economic
만 원어치 채소로 만든 저장식품 세 가지,Economic
“주말 몰아서 운동” 심장은 괜찮을지 몰라도… ‘이곳’은 비명 중,Economic
"'관악산 오픈런' 2030, 이번엔…""이 팔찌 차면 운 트인대요"" [트렌드+]",Economic
“레몬보다 비타민C 10배” 화장품 원료 직접 먹는 40대 동안 비결 알고보니,Economic
“진작 쓸 걸 그랬네”…의사들이 칫솔질 말고도 무조건 하라는 ‘이 습관’ [헬시타임],Economic
"‘800만 신의 나라’ 일본서 외친 “잇츠 오케이, 위드 지저스”",Economic
더위 식히는 빠른 방법… ‘이 부위’ 차갑게 하세요,Economic
"“심적 시련으로 무너진 몸과 마음, 초월명상으로 다시 세웠죠”[양종구의 100세 시대 건강법]",Economic
"""여성은 원래 약하다""? 선사시대 유골이 말해주는 진실",Economic
"[날씨] 다시 낮 더위, 일요일 30℃ ↑...태풍 비껴간다",Economic
"“당장 내일부터 먹어야겠네”…‘이것’ 안 지키는 사람, 우울증 위험이 무려 [헬시타임]",Economic
"[날씨] 5월 마지막 주말, 맑고 덥다...서울 28℃·대구 32℃",Economic
새벽에도 '잠 못드는 밤'…불면증 환자 4년새 11만명 늘었다,Economic
도대체 몇 살이지?...유독 어려 보이는 사람들의 노화 방지 비결,Economic
아이스크림 대신… 아이와 집에서 ‘이것’ 만들어 먹어요,Economic
"항문에 '이것' 넣었다가...""대장 뚫렸다"" 40대남성 엽기행위 충격[한 장으로 보는 건강]",Economic
"욕실 환기 팬, 계속 돌리면 역효과…‘이때’만큼은 꺼야 곰팡이 파티 막는다",Economic
[이슈진단+] 중국은 3분 배터리 교체 경쟁…현대차가 구독형 택한 이유,Economic
"'애플 감성' 담은 페라리 첫 전기차, 7월 성적표 주목",Economic
“텀블러 물만 넣었는데 왜 냄새나지”…원인 중 하나 ‘바이오필름’이란?,Economic
‘쌀’ 박박 씻는 건 옛말…‘전분층’ 보호하며 맛난 밥 짓는 법,Economic
"“끓인 보리차, 상온에 식히면 위험”…여름철 식중독주의보",Economic
오이는 냉장고 넣으면 안 된다?… 의외로 상온 보관이 적합한 채소들,Economic
"피로, 손발 저림, 집중력 저하...‘이런 음식’ 먹어 비타민B12 섭취 필요해",Economic
콩나물 봉지째 냉장 보관?…“빨리 상하는 이유 이거였네”,Economic
"강남역 여성살해 10주기, 성교육은 얼마나 달라졌나 [.txt]",Economic
"‘불닭면 15봉지 9분컷’ 美유튜버, 다음 목표는 한국의 OOO [이설의 한입 스토리]",Economic
사람처럼 호르몬 이상?…‘노령견’ 그냥 넘기면 안되는 ‘이 증상’,Economic
"도쿄돔은 병뚜껑까지 분리… '종합 쓰레기 산' 잠실과 달랐다 [최다 관중의 그림자, 야구장 폐기물]",Economic
"""혈당만 보는 시대 끝""…오젬픽이 바꾼 당뇨 치료 공식 [약전약후]",Economic
"“벌써 물렸다” 모기, 낮에 숨어있는 ‘의외의 장소’ …집 안 사각지대 확인하세요",Economic
"""결심만 몇년째…올해도 못 끊어"" 반복된 금연 실패, '이것' 때문?",Economic
"음식 라벨 칼로리, 믿어도 될까?… 당신이 흡수하는 ‘진짜 칼로리’ 따로 있다",Economic
운동에 과하게 집착했더니 면역이 무너졌다 [박민선의 건강톡톡],Economic
유방암 새로 발병 과반이 60대 이상,Economic
"대부분 예후 좋다고, 모든 갑상선암이 ‘착한 암’일까[톡톡 30초 건강학]",Economic
인간의 무관심이 우리를 살게 하지 [임보 일기],Economic
"""악마 그린 죄 용서해 주세요""…밤마다 간절히 빈 남자의 최후 [성수영의 그때 그 사람들]",Economic
"“냉동 블루베리가 더 좋다?”…생과일보다 영양 더 높다는 뜻밖의 이유, 왜?",Economic
"“염증 유발한다” 화장실에서 당장 버려야 할 ‘3가지 물건’, 뭐지?",Economic
"[헬스토크] ""끼니 거르면 우울 위험 1.5배…불규칙 식사도 위험""",Economic
“넌 지옥에 떨어질 거야”…독설로 일본을 사로잡은 점술사의 비밀[오마주],Economic
"""그냥 담 온 줄 알았는데""…24시간 안에 생사 갈리는 ‘이 질환’[콕!건강]",Economic
"“다리 저릿하더니”…세균 감염 후 못 걷게 된 60대 女 ‘이 병’ 진단, 뭐길래?",Economic
"시인 이안, 블랙리스트 배상금 1300만원으로 ‘집 나간 동시’ 다시 품다 [.txt]",Economic
"“암 위험 낮춘다” 기네스 팰트로 푹 빠졌다는 ‘이 채소’, 뭐야?",Economic
맞는 말 했는데 “너 T야?”…밀려드는 외로움 [.txt],Economic
오늘부터 머리카락을 지키는 사소한 습관은? [안철우 교수의 호르몬 백과사전],Economic
"""포켓몬 잡다가 쓸개 뗐다""…환자복 입고 근황 전한 유병재, 무슨 일? [헬스톡]",Economic
물 한 잔 마시고 햇빛 10분…몸속 염증 막는 아침 습관 6가지,Economic
"55세 고소영, 치매 걱정에 아침마다 ‘이것‘ 꼭 실천…뭘까?",Economic
"中 PHEV 공세에 무역 장벽까지… 현대차·기아, 유럽서 ‘이중고’",Economic
“스무디에 바나나 섞지 마세요”…심장·뇌에 좋은 물질 흡수 방해한다,Economic
[한동하의 본초여담] 부인은 임신을 한 것이 아니라 귀태(鬼胎)였다,Economic
지커가 뚫으면 덴자도 온다…韓 고가 전기차 시장 노리는 中 브랜드,Economic
"일본 출국세 3배, 유럽 입국절차 변경…""여름휴가 전 꼭 확인하세요"" [여행 라이브]",Economic
"정용진, 리치 이기, 이준석 - 주류가 된 일베 멘탈리티의 삼위일체[위근우의 리플레이]",Economic
"""답이 넘칠수록 삶은 더 쉽게 흔들린다""… 소크라테스식 질문과 인지행동치료의 접점",Economic
"'낮 최고 32도'·자외선 지수 '매우 높음'…더운 날 산행, '이것' 주의해야 [오늘 날씨]",Economic
"급성골수성백혈병, ‘유전자 특성’ 맞춰 재발 발생률 낮추다 [건강한겨레]",Economic
"“달아서 피했는데”…수박, 혈당 걱정된다면 ‘양’부터 보세요",Economic
"‘12kg 감량’ 다영, 아침에 ‘이것’ 먹던데… 뭘까?",Economic
"“달걀, 문칸이냐 안쪽이냐”…결국 답은 ‘온도’였다",Economic
1만6천회 유방암 수술 의사…“만원 거지” 자처하는 사연 [건강한겨레],Economic
역사·언어·철학·문명 비평까지… 매년 2~3권 책 출간 수학자 김용운,Economic
"""아빠 담배 냄새 나""…연초 끊고 전자담배? 위험은 '여전' [엑스레이]",Economic
"“과다 출혈 올 수도” 매일 먹는 ‘이 채소’, 끊어야 할 때 있다는데?",Economic
[헬스&라이프] 에어컨 틀자 눈 뻑뻑하고 침침…초여름 '안구건조증' 비상,Economic
"윤혜진, 늘씬한 이유 있었네… 건강식으로 ‘이것’ 먹던데?",Economic
[가정예배 365-5월 30일] 남의 불행을 기뻐하지 않는 믿음,Economic
"“술 마셔도 내장지방 줄었다” 안선영, 체지방만 3kg 뺀다는데… 비결은?",Economic
“결혼예배 때 성찬식… 청년들 축복의 시간 누렸으면”,Economic
"[빅데이터가 점지한 오늘의 운세] 2026년 5월 30일 토요일 (음력 4월 14일, 갑진일)",Economic
"“천연 위고비 효과”… 의사가 꼽은 ‘이 음료’, 정체는?",Economic
[책의 향기]힙한 유머 뒤엔 증오의 비수가…,Economic
팹리스? 파운드리? 반도체 산업의 모든 것[곽재식의 안드로메다 서점],Economic
"“스위스나 갈까”… 존엄한 죽음인가, 절망적 포기인가",Economic
정치 팬덤 주도자·극단 유튜브들이 ‘반쪽 진실’ 만든다,Economic
[TV조선] 지방선거 막판 판세는?,Economic
혈액 순환에 좋다는 ‘징코’ 항혈전제 대신 먹으면 안 돼,Economic
미국은 왜 북한 핵무장 억제에 실패했나,Economic
“주방에 ‘이 물건’ 있다면 당장 버리세요”… 화학자가 ‘간 망가진다’ 경고,Economic
"""간병하다 지쳐 울고 또 울어""⋯140㎏까지 불어난 女, 77㎏ 감량 어떻게 했나? [헬스+]",Economic
다이어트 중이라면 꼭 읽어야 할 '단백질 100g 법칙',Economic
① 여의도 ‘고구마런’···사이다 같은 한강·샛강을 곁들인 '고구마 한 바퀴'[뛸지도],Economic
‘의외의 증상’ 겪고 담도암 진단 받은 女… 무슨 일?,Economic
[날씨] 주말 맑고 한낮 여름 더위…자외선·오존 주의,Economic
"러닝고글, 머리띠로 사용한다고요?…“45년 한국인 얼굴 분석해 만든 선글라스는 달랐다”",Economic
“다이어트 ·혈당 관리에 좋아”…여름에 열무김치 먹어야 하는 이유 5가지,Economic
"""전자레인지 돌리면 영양 반토막?""…의외로 조심해야 할 '이 음식' 5가지",Economic
"“50세 이후 절대 먹지 마라” 의사가 경고한 ‘패혈증 위험 음식’, 뭐야?",Economic
지예은도 투병 고백한 ‘이 암’…2030 늘어나자 의사들 “식단 당장 바꿔라” [헬시타임],Economic
보물 품었던 월광사 실체 드러나…서울 간 탑비 돌아올까?,Economic
"[날씨/XR] 5월 마지막 주말, 맑고 더워…낮 최고 32도",Economic
"“왼쪽 시력 실명?” 앤 해서웨이, 10년 전 ‘이것’ 진단…무슨 일?",Economic
'중국 규탄' 파룬궁 집회서 난동 피운 중국인들 경찰 조사,Social
시민사회 “부정선거 세력에 땔감준 셈”···‘선관위 해체’ 수준 책임 촉구,Social
李정부 '견제론' 드러난 표심…조작기소 특검·형소법 개정 향배는,Social
"""모자란 집단들과 일 못 해""...선관위 저격한 송파구 공무원 [지금이뉴스]",Social
"‘투표지 부족’ 선관위 부실 해명…송파, 4년 전도 비슷한 투표 추이였다",Social
고농도 방사능 오염 식품까지 버젓이... 일본 정부의 섬뜩함,Social
물리치료 먼저 해야 도수치료…회당 4만원대·연간 15회 '제한',Social
도수치료 수가 회당 4만3850원…주 2회·연간 최대 24회로 제한,Social
"나뭇가지로 '퍽퍽', 버티자 '질질'…반려견 학대 영상 논란",Social
"과잉진료 논란 도수치료, 관리급여로 묶는다···1회 4만원대·연 24회 제한",Social
중부·전라권서 출근길 '약한 비'…하늘 차차 맑아져[내일날씨],Social
"유해 수습 못 해 장례도 못 치러... 경찰, 한화에어로 압수수색",Social
"오세훈, 사상 첫 '5선 서울시장'…'1.02%p 차이' 초접전 [짤e몽땅]",Social
"‘삼쏘’ 먹고 시구까지…젠슨 황, 잠실야구장 뜬다",Social
"""젠슨 황, 어디 가지?"" 관심 폭발...동선 추적 사이트에 7만명 몰렸다",Social
"부정선거 주장 시위대, 과천 중앙선관위 앞서 이틀째 집회",Social
[6·3 지선] 경남 기초의회서 민주당 약진…김해·거제·통영서 다수 의석,Social
"허경영 ""내년 80세, 심각한 고통""석방 호소…세 번째 보석 청구",Social
"박완수, 김경수 꺾고 경남지사 재선…김해 뒤졌지만 창원서 선전",Social
무주택 세입자는 '서민 없는' 오세훈의 서울이 걱정된다,Social
남양주서 이웃 부녀 둔기로 무차별 폭행한 60대 '구속'(종합),Social
"""출구조사 보고 찍었다""…투표용지 바닥난 초유의 선거, 선거무효 가능성은?",Social
"시민단체 '모스 탄 체포단' 발족…""당장 체포해 수사해야""",Social
“아이들 잠 못 자 결석했어요” 투표함 갖힌 우성아파트 80데시벨 치솟은 소음 [세상&],Social
담당 공무원에게 민원인 돈가방 전달한 전 도의원…징역형 집유,Social
‘스텔스車’ 사라진다…9월 신차부터 전조·후미등 자동 점등 의무화,Social
"""생닭도 꿀꺽"" 살찐 늑구가 돌아왔다…오월드, 5일 재개장[컷!노컷잇슈]",Social
"'삼성 합병 손해' 주장한 국민연금…법원 ""책임 구조 정리해야"" [CEO와 법정]",Social
6월 모의평가 '국어·수학' 쉬웠나…영어 난도 평가는 엇갈려,Social
"[영상] 목줄 잡아 질질 끌고, 나뭇가지로 머리 퍽퍽…반려견 학대남 수사",Social
기후장관 “개인컵 사용시 음료값 300~400원 할인”... 이번엔 ‘다회용컵 할인제’?,Social
"6월 모평, 작년 수능보다 대체로 쉬워…'킬러문항' 없었다",Social
"잠실7동 투표소 이틀째 '봉쇄'…시위대 ""인간띠 만들고 막을것""(종합)",Social
"순천고 동문들, 지방권력 '약진'…광양시·순천시·부천시·성동구 단체장 배출",Social
[2026 지선] 충북도의회 현역 35명 중 8명 생환,Social
서울·경남 틀렸다…'사전투표' 벽에 갇힌 방송사 출구조사?,Social
서울 자치구의회 25곳 중 여소야대 5곳…여야 동수 2곳,Social
"KBS 여론조사 유출사건, 17개월 만에 노사 공방위 열렸지만 '평행선'",Social
"초유의 ‘투표용지 부족’ 사태, 피고발된 선관위…법적 책임은 어디까지",Social
"“단숨에 50배 폭등” 바가지 요금, 한 번만 걸려도 문 닫는다…‘일방 취소’ 하면 200% 강력 배상",Social
'폭발참사' 한화에어로 본사 등 압수수색…안전자료 확보,Social
"[단독]""여중생 성폭행 촬영""…10대 3명 소년부 송치 선처",Social
[속보] 고1 남학생이 동급생에 흉기 휘둘러… 피해자 병원 이송·가해자 현행범 체포,Social
"우상호 진보 도지사 인수위, 보수의 중심 최흥집씨가 이끈다",Social
"""어디 보자, 젠슨 황 어딨지?""…동선 추적 사이트 방문자 7만명 육박",Social
"[6·3 지선] 시장·도의원·시의원까지…민주당, 김해서 화려한 부활",Social
'지적장애인 나체구타·추행' 10대 일당 1심 실형에 불복해 항소,Social
"경기 동·북부 민심 대반전…국힘 14 → 8곳, 민주당 1 → 7곳",Social
"[6·3경남]국민의힘, 큰 판 지켰지만…공천 반발 무소속 4곳 내줘",Social
"서울시장·경남지사, 재보선 예측 실패… 출구조사 한계 드러나",Social
삼성전자 '초기업노조' 과반 지위 상실…노노갈등 여파 노조원 급감,Social
"'김건희 불기소' 판단했던 검찰 수심위…시민단체, 명단공개 소송 패소",Social
'투표용지 부족 사태' 후폭풍…잠실·선관위 앞 시위 계속,Social
[영상]광주 길거리서 반려견 폭행하고 끌고 가...영상 공개 '충격',Social
"‘2살 차이’가 당락 갈랐다…고성군의원, 득표 동률에 연장자 당선",Social
[영상] 푸바오 中 간지 2년여…'쌍둥이 판다' 올겨울 중국 귀환 초읽기,Social
"여야 표대결, 정의당이 가른다?…캐스팅보트 쥔 의원 누구길래",Social
당선 축하 현수막 설치하던 70대 추락…중태,Social
"‘일당 독주’ 없어진 부산 기초단체장…민주 7곳, 국힘 9곳서 승리",Social
"“키오스크 알려줬을 뿐인데”…노부부의 뜻밖 보답, 영화관 VIP 됐다",Social
"6월 모평 국어·수학 평이, 영어 어려웠다…고난도 '킬러문항'은 배제",Social
힘없이 끌려가던 강아지...학대 의혹 영상에 '공분' [지금이뉴스],Social
"'李대통령 명예훼손' 모스탄 출국정지 유지…""수사상 필요""(종합2보)",Social
최초 ‘5선 시장’ 오세훈 “주택 31만 채 착공… 글로벌 3위 도시 만든다”,Social
"""선거 신뢰 흔든 초유의 사태"" 지역 교수사회도 우려",Social
"‘심야 여성 DJ 시초’ 임국희 아나운서, 별세…향년 88세",Social
"“이사왔으니, 일회용 말고 쇠젓가락 11세트 주세요” 황당 주문 갑론을박",Social
"[속보] ""복도서 길 안 비킨다""...친구 흉기로 찌른 고교생 체포",Social
"""수상한 통화에 촉이 와""…택시기사 기지로 1억4000만원 피싱 피해 막아",Social
"""당선 확률 10%였는데…"" 오세훈 역전승에 '2억 대박' 터트린 사연",Social
[2026 지선] 불가능을 가능으로 바꾼 손훈모의 역전 드라마,Social
"""사람없을 땐 활발하게 잘 놀아요""…오월드 재개장 전 만난 늑구",Social
"전재수 부산시장 당선자, 노무현 묘역 참배로 첫 일정",Social
“민주주의 근간 흔들린 사건”… 투표용지 부족에 들끓는 대학가,Social
길어지는 '잠실 투표소' 대치…소음·주차난에 주민 불편 호소,Social
'지퍼백 투표지' 논란까지...'재투표'에 대해 달라진 입장? [앵커리포트],Social
TK 민주 기초단체장·광역의원 ‘0’명…기초의원 108명은 김부겸이 뿌린 ‘씨앗’,Social
경기 기초단체장 민주 19·국힘 12…‘토허제’ 8곳중 5곳은 국힘,Social
입장 표명 없는 노태악 선관위원장…위원장으로 대법관 호선 ‘관례’ 비판,Social
출구조사와 완전 달랐다…공표 직전 여론조사가 더 정확해,Social
"""일 빨리 배운다고 칭찬받았는데""⋯박지현, 카페 알바하다 얻은 교훈은?",Social
"""17개구 내주고도 이겼다""…오세훈 5선 시장 만든 '한강 부동산 벨트'",Social
"서울시 부시장 제친 ‘3선 구의원’…김경대, 용산구청장 꿈 이루다",Social
"김상욱 울산시정, 여소야대 넘어야 산다",Social
"""공장 터뜨려놓고 저승으로 도망""…한화에어로 주주, 유족에게 막말 논란",Social
우상호 강원도정 인수위원장에 '전 새누리당 최흥집 강원지사 후보',Social
14마리 중 어떤 게 늑구?…내일 재개장 오월드 “늑구 표시 안해”,Social
"""총알받이로 쓰지 마""…'투표용지 부족 사태' 송파구 공무원의 비판",Social
"[취재현장-조준호] 울릉군, 6·3 지방선거가 남긴 파장",Social
"민주당, 담양·장성·영광·함평 4개 군 석권…이개호 체제 영향력 '재확인'",Social
"배달기사 등 최저임금 적용 공방…""특혜 아냐"" vs ""판단 못해""",Social
"BTS 부산 공연 '바가지 숙박'에…정부, '200% 배상' 초강수",Social
"""우리가 총알받이냐""…투표용지 부족 사태 방패막이 된 지자체 공무원들 '분노'",Social
사고 사흘째에도 차려지지 못한 빈소…마련 시기 미지수 [한화에어로 폭발사고],Social
“지자체 공무원 총알받이로 쓰지 말라” 송파구 공무원 분노,Social
"민주 김상욱, 시험대 올라…울산시의회 사상 첫 ‘여소야대’",Social
'팀코리아' 4조원 규모 미국 FLNG 해양플랜트 사업 수주,Social
"경찰·노동당국, 한화에어로스페이스 압수수색···사고 공정·안전보건자료 확보",Social
부산 금정구청장에 국힘 윤일현 당선…1년 8개월 만에 재선 성공,Social
"담양에서 울고 신안·장흥에서 웃고…조국혁신당, 전남서 '웃픈 결과'",Social
통합현안 어떻게 푸나…시험대 오른 민형배 전남광주시장 당선인,Social
"[6·3 지선] 부정선거 주장 시위대, 과천 선관위 앞서 이틀째 집회",Social
손혜원은 웃었다…기초의회 도전 전·현직 의원들 2승2패,Social
"신천지 이만희, 합수본 첫 피의자 소환…국힘 입당 지시 추궁",Social
"'국민의힘 공천=당선""은 옛말… 더불어민주당, 경주서 역대 최다 6명 기초의원 당선",Social
李대통령 투표소 사례가 모방 소란 불렀나…法 형평성 논란은,Social
"[단독]사상 초유의 '투표지 대란', 첫 '50% 지침' 탓이었다",Social
견제 없는 지방권력…광주·전남 27개 기초의원 75%는 민주당,Social
스타벅스 지난달 결제금액 130억 원 넘게 줄어,Social
"78년 만에 사라지는 檢, 李 정부 사법개혁 성패는 하반기 [이재명 정부 1년]",Social
소나기 속에서도 요지부동…잠실7동 제2투표소 앞 대치 이틀째(종합),Social
‘2077 vs 2077’ 득표수 같자 ‘2살 많은 후보’ 당선…고성군에 무슨 일이?,Social
김성환 기후부 장관 “산업용 전기료 가장 비싼 구조…국제 경쟁 맞게 바로 잡아야”,Social
12.3 비상계엄 고위 장교 징계처분서 공개③ 음모와 거짓,Social
"금양 ‘상장폐지 효력정지’ 가처분, 법원서 오는 24일 첫 심문",Social
"춘천 윤민섭, 강원도 유일 재선 진보정당 시의원됐다",Social
돌아온 '미스터서울' 오세훈…'서울 대변혁' 완성 나선다,Social
친구의 '1300만원 금목걸이' 탐나서..수면제 탄 음료 건네고 '슬쩍',Social
'사업 선정 청탁' 공무원에게 돈가방 전달…前 경기도의원 '집유',Social
"'배달라이더' 최저임금 논의 시작…""권리"" vs ""일자리 감소""",Social
출소 직후 또 '우편함 열쇠' 노려 상가 턴 20대 구속영장,Social
초유의 투표지 부족 사태...이틀째 시위 계속,Social
"'외신에 계엄 정당화' 전 외교부 부대변인, 징계 불복 소송 시작",Social
"의대 정원 늘고, 현행 체제 마지막 수능…6월 모평 N수생 비율 최고",Social
"'계엄 옹호 자료→감봉' 외교부 전 부대변인…법정서 ""징계 부당""",Social
[단독]'경영진 성범죄' 폭로하자…'10억원' 소송 건 성인화보제작사,Social
‘한 번 더 박완수’ 기회 준 경남도민…정권 견제·안정감 선택,Social
"허태정 대전시장 당선인, 거리서 감사 인사…""끝 아닌 시작""",Social
'얼죽민'과 '빙다리 핫바지',Social
"김관영 ""42% 민심 정청래 세력 심판…8월 전당대회 첫 무대""",Social
"“6월모평, 작년수능보다 쉬워” vs “그래도 어려워”…EBS 연계율 55.6%",Social
"민주당, 전남 텃밭 지켰지만…흔들린 '공천=당선' 공식",Social
안 따라온다고 나뭇가지로 '퍽퍽'…광주 거리서 포착된 동물학대,Social
"[기자수첩]'관료' 추경호, 이젠 무릎 꿇고 예산 따올 때다",Social
오세훈 5선 성공했지만…서울시의회·구청장은 민주당 장악,Social
5선 오세훈 “논의 열어두겠다”…TBS 정상화 가능할까,Social
"한동훈 ""보수 퇴행 극복하라는 국민 명령…북구 삶 바꾸겠다""",Social
“울타리 추가 설치로 탈출 불가능”…대전오월드 5일부터 늑구 본다,Social
"“노태악은 범죄자다”…부정선거 시위대, 선관위 차량 막아 세우고 자체 검문도",Social
"'국민늑대' 늑구, 탈출 전보다 살찌고 건강…5일 만날 준비 끝",Social
꺼지지 않은 담배꽁초 '휙'…도 넘은 무단 투기에 주민들 '눈살'(영상),Social
창원이 최대 승부처였다…국힘 박완수·강기윤 동반 승리,Social
선거무효소송까지 나온 ‘투표지 부족 사태’…국가 상대 소송 불씨는 남았다 [세상&],Social
충청 교육지형 ‘3 대 1’ 보수 우위 재편… 세종 전교조 권력 종식·충남 ‘진보’ 유지,Social
"[단독] 법원, '승부조작' 축구 심판 영구정지 징계무효 선고...""절차상 하자""",Social
'좀 수상한데?'…택시기사 신고로 '1억4000만원' 사기 피해 막았다,Social
"'진보' 정근식, 서울시 교육감 당선…재선 성공(종합2보)",Social
롤스로이스도 못 비빈다…사고 나면 무서운 ‘이 차’,Social
인천 군수·구청장 선거서 민주당 압승…11곳 중 8곳 당선 ,Social
"뺨 때리고, 머리채 쥐고…'노동자 폭행' 섬유공장 대표가 구속기로에 남긴 말",Social
"'부정선거' 모스 탄, 출국정지 유지...선거사범 무더기 적발",Social
"[티조AI] ""부탁 아니다, 명령 들어라""…선관위 직원, 동료 공무원 '잡부' 취급까지?",Social
"학교 복도에서 흉기 휘두른 고교생...""동급생 어깨 다쳐 병원행""",Social
"종합특검, 김용현·이상민 첫 소환 조사…홍장원 11일 소환 예정",Social
"강원 권력지형 뒤집혔다…민주당, 도지사 탈환·'빅3 도시' 석권",Social
득표 수 같았지만 ‘연장자’라 당선 [이색 당선인],Social
진보·보수 교육감 모두 “기초학력·마음건강 강화”…수월성 교육은 갈려,Social
"'단 1표 차 낙선' 충남도의원 후보 ""주민 선택 존중""… 깨끗한 승복",Social
"'견제와 균형', 안동의 민심 무서웠다",Social
예천군의회 지각변동 오나?…보수진형 사상 첫 과반 확보 실패,Social
"조개 캐다 갯벌에 '푹푹' 하반신까지, 곧 밀물…2명 구조",Social
"김관영 ""지선 '전북도민-정청래 지도부' 대결…민주 전당대회서 심판""",Social
오세훈 이겼지만 시의회 '민주당 과반석'...협치가 '최대 변수',Social
우상호 당선인 “강원도 사는 것이 자부심 되게 하겠다”,Social
"의원급 수가 협상 결렬에…의협 ""일차 의료 외면""",Social
"부산경찰 선거사범 총 280명 적발 2명 구속, 53명 송치",Social
당선인 축하 현수막 설치하던 70대 사다리서 추락…의식불명,Social
‘당선 축하’ 현수막 설치 중 추락사고…70대 중태,Social
"평가원장 사퇴 부른 수능 영어…“6월 모평, 쉬웠지만 변별력 확보”",Social
'집단 입당 의혹' 신천지 이만희 총회장 합수본 첫 출석,Social
'푸른 바람' 휩쓴 경기도…국힘 일꾼들 '잔혹사' 깨고 사상 첫 연임 성공,Social
서울시장 표차 5만3465표… 법조계 “투표용지 부족에도 선거무효 인정 어려워”,Social
"임형주 율촌 변호사, 지식재산·개인정보 분야 최고의 변호사",Social
후보자 폭행에 물병 세례도…'선거 범죄' 4100여명 수사 속도,Social
"“군대는 연장, 임신·출산은 안된다”…변시 5년 제한 형평성 논란",Social
"""총알받이로 쓰지 마라…모자란 집단"" 선관위 저격한 공무원",Social
"""날씬한데 어떻게 처방?""...'위고비 성지' 논란에 전문가 경고 [지금이뉴스]",Social
"울릉군, 사상 첫 민주당 군의원 탄생…세 명 초선 의원 입성",Social
전원 국민의힘서 4대3 구도로… 영양군의회 지형 변화 주목,Social
"'투표용지 부족' 사태, 법적 쟁점은?'...후보자 소송·손배 가능성도",Social
선거 끝나도 남은 '15% 장벽'…후보들 선거비 정산 돌입,Social
[르포]선거 끝났는데…거리 채운 폐현수막 어디로 가나 봤더니,Social
"투표율 61% 기록한 날, 112엔 신고 399건 쏟아졌다",Social
"[6·3 재보궐선거] 청와대 출신 3인방, 여의도 입성",Social
"""질질 끌고 나뭇가지로 찰싹""…광주서 반려견 학대 수사",Social
"""백신이 암 치료""…'면역항암제 병용' 난치암 공략",Social
"온라인 쇼핑몰 '장애인 차별' 위자료 기각에 재판소원…헌재, 각하",Social
"경북 영천시의원 출마, 민주당 후보 전원 당선…지역 정치권 '예상밖' 호평",Social
"대전시민단체 ""한화에어로스페이스 폭발참사 책임자 처벌하라""",Social
"오세훈, 무상급식 때처럼 여소야대 직면…협치 가능할까",Social
"카카오 노조 ""엔터프라이즈, 경영실패 책임 노동자에 전가""",Social
"'국민의힘 집단 입당 의혹' 신천지 이만희, 합수본 첫 출석…묵묵부답",Social
새벽엔 제빵사 낮엔 이장… “운동하고 정치하고 빵 굽죠”,Social
"[6월 모평] 작년 불수능 여파?…EBS·입시업계 ""대체로 쉬워""(종합)",Social
"‘1억 공천헌금’ 강선우 의원, 보석 청구",Social
선관위 앞에서도 보수 단체 시위…후폭풍 이어져,Social
'7명 사상' 한화에어로 압수수색…폭발 원인·안전 의무 위반 규명 착수,Social
"‘재선 성공’ 박완수 경남지사, 업무 복귀…“실천과 성과로 보답”",Social
전재수 부산시정 협치 시험대…민주당 약진에도 국힘 과반,Social
잠실7동 투표소 대치 17시간째…투표함 이송 아직,Social
전북 지방선거 당선인 상당수 수사선상…'네거티브' 후폭풍,Social
신용한 당선인 “통합과 화합 길로” 고발 취하 시사,Social
"헌재 ""임신·출산해도 변호사시험 응시 5년 제한 합헌""",Social
"새벽까지 안갯속 승부…최기영, 봉화군수 선거 혈투 끝 승리",Social
"‘李 대통령 소년원설’ 모스탄, 출국정지 기각…“수사 필요”",Social
'삼세번'만에 이룬 46표차 초박빙 승리,Social
"""노인과 바다 오명 벗길""…전재수 당선에 부산 시민 ""기대""",Social
'외신에 계엄 옹호 입장 배포' 전 부대변인 감봉 취소 소송 시작,Social
"강원교육감 낙선 후보들 ""도민 선택 겸허히 수용""",Social
오세훈 5선 고지 올랐으나 서울시의회는 민주당 석권,Social
"김태석 부산 사하구청장 ""말아닌 행정결과로 증명할 것""[당선인 인터뷰]",Social
2천표 가둔 ‘부정선거론 행패’…선관위 직원 잡고 밀치며 “재투표”,Social
"법원, 금양 ‘상장폐지 효력정지’ 가처분 24일 심문",Social
"‘대역전극’ 오세훈, 바로 서울시장 업무 복귀해 GTX 먼저 챙겼다···‘강북전성시대’도 속도",Social
"대법·헌재, 재판소원 기록 공유 해법 찾는다…내주 실무 협의(종합)",Social
홈플러스 37개 점포 결국 폐점… 3000명 사실상 실직 수순,Social
전남 시장·군수 지선 결과 2년 뒤 총선에 영향 미치나,Social
2027학년도 6월 모평 작년 수능보다 쉬워… ‘사탐런’ 반드시 유리한 것 아냐,Social
"'이주 노동자 폭행' 섬유공장 대표 영장심사 출석‥""죄송하다""",Social
‘투표용지 부족’ 사태 대치 계속…이 시각 잠실7동 제2투표소,Social
"EBS ""6월모평 영어, 작년수능보다 쉬워"" 학원가 ""그래도 어려워""(종합)",Social
"젠슨 황, 7개월 만에 방한…재계 총수들과 연쇄 회동",Social
"""공장 터트리고 저승으로 도망? 유족들이 배상해야""…한화에어로 주주 막말 논란",Social
"전한길, 吳 당선에도 ""선거 무효""…점령 당한 잠실 투표소",Social
‘민주당’에 표 몰아준 제주…압승 예상 투표율은 전국 최하위,Social
"'선거 범죄' 수사 본격화…경찰, 4천여명 적발·260여명 송치(종합)",Social
"참여연대, '투표용지 부족 사태' 맹비판…'부정선거 의혹'엔 거리두기",Social
"이원택 ""김관영 지사 만날 것…송영길 발언은 해당 행위""",Social
"허경영, 세 번째 보석 청구...""냄새 민감해 추행 못해""",Social
삼성바이오 '쟁의행위금지' 항고심…범위 확대 촉각,Social
바뀌는 부산시장…글로벌허브도시 대신 해양수도 띄울까,Social
똥꿈 꿨더니 대박…5억 복권 당첨됐다,Social
[화제의 당선인]최연소 서울시의원 31세 이광희…최고령 72세 김기덕·양평호,Social
"금양 '상장폐지 효력 정지' 가처분, 오는 24일 심문기일",Social
택시기사 기지로 1억4000만원 피싱 피해 막아,Social
"변시 '오탈제' 또 합헌이지만… 헌재 과반 ""임신·출산 예외 둬야""",Social
"김영훈 장관, 한화에어로 사고에 ""그간 방산업체 외부 감시·견제 소홀""",Social
잠실 7동 주민들의 피해는 누가 보상하나 [현장메모],Social
"'나번'도, '무소속'도 생환…천안·아산시의원, 감격의 당선",Social
"아들 상견례 앞두고 떠난 아버지, 장기기증으로 4명 살려 [따뜻했슈]",Social
“‘내란 동조’ 박덕흠 국회부의장 선출 반대” 부마단체 2차 성명,Social
"노동장관, 한화에어로 재발방지 지시…사고 반복 사업장 감독",Social
"다시 진보 교육감 시대 열렸다...'경기·강원·제주', 현직 이겼다",Social
제천 고교서 1학년 학생 흉기 휘둘러…동급생 부상,Social
권순기 막판 대역전극으로 경남교육감 당선,Social
"인천 외국인 노동자 상습 폭행 공장주…""죄송합니다""",Social
[6·3 지선] 김해시장 선거 '투표율 54％ 이상=민주 후보 승리' 공식 재확인,Social
'박근혜가 통했다'…대구시장 선거 결과 '영향력' 입증,Social
"李, 투표용지 부족 사태에 ""매우 큰 유감...문제 발생 이유 명확히 밝혀야""",Social
"홈플러스 휴업 점포 37곳, 영업 재개 없이 접는다",Social
"대낮 음주 운전한 20대, 시내버스와 ‘쾅’… 경찰 입건",Social
"밀물 차오르는 갯벌 고립된 2명, 신고 33분 만에 생환",Social
광주·전남 지방의회 여성 비중 30% 돌파…청년은 후퇴,Social
"[당선인 인터뷰] 서태경 부산 사상구청장 ""살고 싶은 사상 만들겠다""",Social
"‘여당 후보론’ 민주, 광주전남 통합의회 석권…단체장도 선방",Social
세종 첫 여성교육감 강미애…“교육 때문에 선택하는 도시로 만들 것”,Social
원주시장 선거 사전투표가 승패 갈랐다,Social
"검찰, 회삿돈 자녀 유학비로 사용 의혹 BBQ 회장 불기소",Social
"서울시의원 118명 당선…민주당 81명, 국민의힘 37명",Social
"[6월 모평] ""영어, 작년 '불수능'보단 쉬웠지만 일부 변별력""(종합)",Social
"공약 믿고 찍었다가 실망...""정신적 고통 책임져"" 실제 소송 결과 어땠나",Social
국회의원에서 기초의원으로…손혜원 목포시의원 당선 [이색 당선인],Social
"“내년이면 80인데, 수술 완치도 안돼”…허경영, 법원에 세 번째 보석 청구",Social
"서울시의회, 6·3 지방선거 서울시의원 당선인 현황",Social
[영상] 뚜껑이 '쾅' 깊은 맨홀에 갇힌 여성…아무도 못 봤다면?,Social
충북 제천 한 고등학교서 동급생에게 흉기 휘두른 1학년 재학생 체포,Social
사업 선정 청탁받고 공무원에 돈가방 전달한 전 도의원 '집행유예',Social
서울교육감 선거 끝났지만…고소고발·정책 실종 등 한계,Social
투표용지 부족 사태 후폭풍…도마 오른 선관위 선거 관리,Social
"법정으로 가는 '투표용지 사태'…""선거 무효"" 주장, 실현 가능성은",Social
신천지 이만희 첫 소환…'집단 입당 의혹' 묵묵부답,Social
"EBS ""6월 모평 영어, 작년 수능보다 쉬워…수험생 시험부담↓""",Social
"'1억 공천 헌금' 강선우, 보석 청구",Social
"5년만에 '권력 교체' 앞둔 부산시, 조직개편 예고에 긴장",Social
한덕수 '내란 가담' 사건 상고심 대법 2부 배당…주심 오경미,Social
"""총알받이로 쓰지 마라""…선관위 저격한 송파구 공무원",Social
'공천 헌금' 혐의 강선우 의원 보석 신청…기일 미정,Social
"경기북부 단체장, 민주 6곳·국힘 4곳 당선",Social
"'외국인 근로자 폭행' 인천 섬유공장 대표 영장심사…""죄송""",Social
"시민단체, '김건희 무혐의' 檢수사심의위 명단 공개소송 패소",Social
"민주, 전북 사실상 독식…무소속·조국혁신당, 벽 못 넘어",Social
"오세훈, 복귀 후 첫 일정은 안전점검…""서소문 사고 유가족께 위로""",Social
"""저 차 와이라노, 술 무긋나"" 부산 커플 추격...음주운전자 잡았다",Social
민주당 전북지역 단체장 '싹쓸이'…일당독주 가속,Social
‘초박빙’ 부산시장 선거서 웃은 전재수…‘낙동강벨트’서 승기,Social
경북도의회 새 의장 누가 되나…다선 의원들 물밑 경쟁,Social
"""나뭇가지·주먹 맞으며 끌려다녀""...광주 반려견 학대 경찰 수사",Social
"'진보' 정근식, 서울시 교육감 당선…재선 성공(종합)",Social
경창산업 창업주 고 손기창 명예회장 별세,Social
"친구 음료에 수면제 탄 20대들, 안 통하자 1300만원 금목걸이 들고 튀었다",Social
"“민주당이 진 선거, 창피해”…남배우, 결과에 일침",Social
아들 상견례 앞두고 쓰러진 아버지… 장기 기증으로 4명에게 새 삶,Social
침묵한 이만희…‘신천지 국민의힘 가입 의혹’ 첫 피의자 조사,Social
제12대 서울시의원 118명 당선…민주 81석·국힘 37석,Social
"내란특검, ‘한덕수 재판 위증’ 尹 1심 무죄 불복해 항소",Social
44표 역전극부터 80% 압승까지…지방선거 빛낸 ‘이색 기초단체장’,Social
[6·3 지선] 8대17→17대8…4년만에 서울 구청장 지형 반전(종합),Social
"'쉬었음 청년' 10명 중 6명 ""조건 맞으면 당장 일하겠다""",Social
"대법원, '재판소원 1호' 녹십자 사건 답변서 헌재 제출 않기로",Social
"민주당, 서울시의회 81석 확보…시장 재의요구권 무력화 가능",Social
"""장난 아닌 범죄""…끊이지 않는 스와팅, 사회 불안 키운다",Social
"종합특검, '관저 이전' 이상민·'반란' 김용현 피의자 조사",Social
'투표 중단' 항의 시위 계속...이 시각 중앙선관위,Social
폴리마켓서 오세훈 당선 맞힌 이용자...2억4000만원 수익 '대박' [지금이뉴스],Social
"조상호 세종시장 당선자 ""행정수도특별법 처리 사활… 올가을 적기""",Social
다시 진보교육감 시대…민주시민교육·학생인권조례 탄력 예상(종합),Social
"""선배들이 든 언론자유 횃불, 후배들이 현장서 이어받길""",Social
"""사업 선정 도와줘"" 공무원에 돈가방 전달 前도의원 징역형 집유",Social
"'사기·준강제추행' 허경영, 법원에 세 번째 보석 청구",Social
"[당선인 인터뷰] 4년 만에 탈환 정명희 ""26만 북구 구민 모두의 구청장 될 것""",Social
같은 빌라 이웃 부녀 둔기로 무차별 폭행…60대 구속 갈림길,Social
전북 도백대전 혈투 끝났지만 고발사건 산적…수사 주목,Social
당진 철판 제조 공장서 70대 근로자 숨져…철판 무너져 깔려,Social
"이만희, ‘국민의힘 집단 가입 의혹’ 피의자 조사 출석···취재진 질문에 ‘묵묵부답’",Social
"경실련 ""중앙정치 대리전 전락…투표용지 부족, 진상규명 필요""",Social
생활비 때문에…출소하자마자 또 상가 턴 20대 구속영장,Social
"'당원 강제 가입 의혹' 이만희 신천지 총회장, 합수본 첫 출석…묵묵부답",Social
"""당선이고 낙선이고 원천 무효""…전한길, 선관위서 부정선거 시위",Social
가짜 진료·가짜 환자 잡는다…2년 멈췄던 건보 기획조사 재개,Social
"박용선 포항시장 당선인, 첫 행보는 포스코 장인화 회장 회동 “상생 협력”",Social
다음주 더위 한 풀 꺾여…종종 소나기도,Social
"법원, '상장폐지 결정' 금양 효력정지 가처분 24일 심문",Social
"충남 표심 ‘크로스보팅’ 뚜렷… 도지사 따로, 시장·군수 따로 왜?",Social
"‘공천 헌금’ 전면 부인한 강선우 의원, 보석 청구",Social
[데스크칼럼] 청주시민은 또 시장을 바꿨다,Social
"[6·3 지선] ""투표자 급증해서…"" 인천선관위, 투표용지 부족사태 사과",Social
당진 철판 제조 공장서 70대 근로자 사망…철판 무너지며 깔려,Social
이재명 정부 출범 1년 만에… 보이스피싱 피해액 48% 줄었다,Social
도대체 왜?…제천서 동급생에 '흉기' 휘두른 고교생 체포,Social
"사상 초유 '투표용지 부족' 사태…유권자들, 국가배상 등 법적 대응 가능",Social
"대법, 한덕수 내란 사건 상고심 배당…주심 오경미 대법관",Social
"가짜 진료·가짜 환자 잡는다‥복지부, 기획조사 재개",Social
"진주시장 선거, 조규일 당선…지방자치제 이후 첫 무소속·첫 3선 시장 탄생",Social
"법원, '이대통령 명예훼손' 모스탄 출국정지 집행정지신청 기각",Social
"특검, '관저 의혹' 이상민·김대기 소환…홍장원 내주 2차 조사(종합)",Social
승객 거동 수상히 여긴 택시기사 신고가 1억여원 피싱 피해 막아,Social
"합수본, '신천지 국민의힘 집단 입당 의혹' 이만희 총회장 첫 소환",Social
‘17곳 승리’ 숨은 성적표는 독점 균열?···전남 기초단체장 선거 후폭풍[6·3 지방선거],Social
오늘 전국 곳곳 천둥·번개 동반한 소나기…더위는 '주춤',Social
'공천=당선' 전통 구도 흔들…경북에 몰아친 '무소속·민주' 바람,Social
부산 기장군수 최초로 민주당 우성빈 당선…남성정치 벽 넘었다,Social
"종합특검, 김용현·이상민 첫 소환…김대기 재소환",Social
"[현장영상+] 한동훈 ""보수 재건하고 정권 폭주 막으라는 시민들 선택""",Social
"대법, 한덕수 '비상계엄 가담' 상고심 2부 배당…주심 오경미 대법관",Social
광주서 반려견 질질 끌고 나뭇가지로 때려…경찰 수사,Social
"""재선거"" 소리치고 밀치고...잠실7동 투표함 아직도 못 옮겼다",Social
"""변기 똥 넘쳐 온몸에 범벅""…'똥 꿈' 꾸고 긁은 복권 '5억 대박'",Social
"시민단체 “강원랜드 사장, 정치적 보은인사 안된다""",Social
"PK 기초단체장 여야 ‘상처 입은 승리’, 울산은 ‘보수 결집’ 뚜렷",Social
[경북 원전 르네상스 시대를 열다]마지막 남은 여론조사에 군민들 한마음으로 뭉쳤다,Social
"욱일기 띄우고 ""올레!""…'월드컵 응원' 멕시코 유튜버 결국 사과",Social
"'1억 공천 헌금' 강선우 보석 청구…""방어권 행사 지장""",Social
"합수본, '국민의힘 당원 가입 의혹' 이만희 신천지 총회장 첫 피의자 소환",Social
[6·3선거]완도군의회 민주당 5석…무소속도 3석 '인물론 건재',Social
‘국힘 텃밭’ 경북 기초단체장 선거...무소속 후보 4명 당선,Social
"내란 특검, 尹 '계엄 국무회의 위증' 1심 무죄에 불복 항소",Social
'반쪽 승리' 민주당…오만했던 공천이 부른 격전지 참패,Social
"'이차전지 테마주' 금양, 상장폐지 효력정지 가처분…法, 24일 심문",Social
가뭄 여파 31년 보수 텃밭 무너졌다…강릉서 첫 진보시장 당선,Social
한화 참사 대전사업장 등 첫 ‘압수수색’…안전공업 추가 ‘합동 감식’,Social
"박찬대 인천시장 당선자 ""유능한 지방정부 본보기 세울 것""",Social
[6·3 지방선거] 농업계 인사 누가 당선됐나,Social
"""6월 모평 수학, 작년 수능 난도와 유사…계산량 많지 않아""",Social
아버지 이어 군정(郡政) 이끌게 된 윤희신 충남 태안군수 당선인,Social
"오스코텍 ""기술수출 '세비도플레닙' 2030년 상업화 목표""",Social
이만희 신천지 총회장 첫 소환조사…국힘 집단 입당 의혹,Social
한화 폭발사고 사망자 5명 신원 확인…오늘 분향소 설치,Social
서울 구청장 민주 17명·국힘 8명…4년 전과 정반대,Social
"""친중·좌파·공산주의자 아냐""…146만 유튜버, 화들짝 해명한 이유",Social
작년 마약 감정 14만건 '역대 최다'…청소년층 합성대마 남용 심각,Social
경남경찰 6·3 선거사범 292명 적발…219명 수사,Social
최초 여성 광역단체장·경기 최고령 기초단체장·수도권 최초 무투표 당선 등 눈길 [이색 당선인],Social
"[6·3선거]목포 기초의원 선거, 민주당 '가'는 웃고 '나·다'는 쓴웃음",Social
"종합특검, 김용현·이상민 첫 소환…'관저 이전' 김대기도 재소환(종합)",Social
교육감 당선인 평균연령 63세·재산 33억원…3명은 전과기록,Social
"추경호, 김부겸 꺾고 '보수 심장' 수성...이철우 3선 성공",Social
지선 끝나자마자 칼 빼든 경찰…'선거사범' 4천여 명 적발,Social
최상기 당선인 ‘인제군 최초 3선 당선’,Social
"종합특검, 김용현·이상민 첫 피의자 조사…윤석열, 6일 조사 예정",Social
"“기억보다 훨씬 작네”···한국 태생 104세 영국 할머니, 간절히 찾은 ‘색동저고리’와 기쁨의 재회",Social
담양군 민심은 왜 민주당 박종원을 선택했나,Social
"혼합투약 사망 속출·청소년 ‘브액’ 남용… 대한민국, ‘마약오염국’ 됐다",Social
"6월 모평 수학, 작년 수능과 비슷하거나 쉬워…공통 22번 '수열'로 변별",Social
광주·전남 금요일 아침까지 비…주말 최고 29도,Social
"선거 끝, 남은 건 고소·고발…경찰, 선거 범죄 75건·107명 수사 본격화",Social
"""투표권 침해한 선거 참사""…대학가 '용지 부족 사태' 비판",Social
"국토부, 서소문 고가 붕괴 수시검사 착수…협의·승인 과정 조사",Social
당진 철판 제조 공장서 철판에 깔린 70대 근로자 숨져,Social
[6·3 지선] 득표수 같은데 나이로 갈린 승부…경남 고성 기초의원 선거,Social
"합수본, '당원가입 의혹' 신천지 이만희 교주 첫 소환",Social
"""투표용지 못 받은 국민들 가만있겠냐""…야인시대 대사가 현실로",Social
"선관위 야산 화재 2차 현장감식…경찰 ""실화 등 가능성 조사""",Social
"광주·전남 선거사범 683명 적발, 25명 송치…수사 본격화(종합)",Social
[이시각헤드라인] 6월 4일 뉴스현장,Social
집권여당 후보 바람…선거인수 ‘빅3’ 승리·사전투표 싹쓸이,Social
"특검, '1호 구속' 김대기 추가 소환…관저예산 불법전용 수사 속도",Social
"조지훈 전주시장 당선인 ""지난 4년 실패, 모든 어공 물러나야""",Social
'가뭄에 단비' 녹색당 창당 이래 첫 의원… 안동 허승규 당선,Social
재검표까지 했으나 '딱 1표차'로 당락 갈린 충남도의원,Social
임신·출산 예외 없는 ‘변호사시험 5년 내 응시’ 제한… 헌재 “합헌”,Social
세종시의회 민주당 18석 독식…국힘 3석 차지,Social
"관내사전투표 몰표, 민주당 김정중 당선 견인",Social
시장은 민주당인데 시의회는 국민의힘 압승··· 부산 ‘불편한 동거’ 시작 [6·3 지방선거],Social
[6·3선거] 민주당 텃밭 '흔들'…승리보다 '민심의 경고'새겨야,Social
"박찬대, 인천시장 당선…민주당, 4년 만에 시정 탈환",Social
지사부터 도의원까지 싹쓸이…제주 6·3지방선거 의미와 과제,Social
제주도의회도 민주당이 장악 '45석중 34석'…국힘은 8석,Social
"6ㆍ3 지선, 천안시장 장기수, 아산시장 오세현 당선 …민주당 석권",Social
보수 텃밭 경북 흔든 '무소속 돌풍'…국민의힘 '상처뿐인 승리',Social
체급 낮추고 7번 도전하고…전남광주 지선 '이색 당선인 4인방',Social
서류 빠졌다고 육아휴직 장려금 일부만 지급?…권익위 “전액 지급해야”,Social
"정교유착 합수본, 신천지 이만희 총회장 첫 피의자 조사",Social
"""사전투표 숨기고 또 본투표"" 선관위, 이중투표자 고발",Social
"합수본, '국힘 집단입당' 이만희 신천지 총회장 첫 소환",Social
사과만 하면 끝? 투표용지도 수급 못한 선거관리위원회 '고질병',Social
"'이재명의 1번 타자' 김남준, 인천 계양구을 '역대 최다 득표율' 당선",Social
"‘집단 입당 의혹’ 신천지 이만희, 합수본 출석…정당법 위반 혐의",Social
'동수→144 vs 22' 경기도의회 민주 장악…힘받는 추미애,Social
"합수본, ‘국민의힘 당원 가입 의혹’ 이만희 신천지 총회장 첫 소환…묵묵부답",Social
"'공천 헌금' 전면 부인한 강선우 의원, 보석 청구",Social
“아빠도 자녀돌봄 휴직 대상”… 인권위 “여성만 허용은 차별”,Social
법원에 보석 신청한 강선우 “방어권 행사 지장”,Social
[6·3 경남]권순기 교육감 당선…개표 13시간 10분만에 역전,Social
"신천지 이만희, 합수본 첫 출석…'당원 강제 가입' 의혹 묵묵부답",Social
정영두 김해시장 후보 당선 … 4년 만에 민주당 깃발 다시,Social
오세훈에 베팅해 “2억4000만원 벌었다”…역대급 글로벌 ‘쩐의 전쟁’ 한국에서도 가능할까?,Social
"송영길, 연수구갑 보궐선거 통해 6선 등극",Social
‘이 대통령 명예훼손’ 모스탄 출국정지 유지…“즉시항소”,Social
"이만희 신천지 총회장, 합수본 첫 출석…정교유착 의혹 조사",Social
귀환·이변·고배…민주당 부산 여성 단체장 후보들 엇갈린 성적표,Social
40세 이동석 충주시장 당선인 충북 역대 최연소 단체장 등극,Social
민주당 텃밭서 '9%p 진땀승'…정청래 지도부 책임론 솔솔?,Social
송파구 국힘 서강석 재선…'강남 3구' 지켜냈다,Social
"EBS ""6월 모평 수학, 작년 수능과 유사…중상위권 고루 변별""(종합)",Social
오세훈 당선됐지만…잠실 투표소 '초유의 사태',Social
충주 40대 역대 최연소 시장 나왔다,Social
아들 상견례 앞두고 뇌사…4명 살리고 떠난 아버지,Social
"신천지 이만희, 검경 합수본 첫 출석…국힘 집단가입 의혹 '묵묵부답'",Social
시위대로 잠실7동 투표함 봉쇄 장기화…오세훈 당선 확정 못 해,Social
“이게 바로 초박빙”…딱 ‘1표’ 차 극적 승부 [이색 당선인],Social
"정교유착 합수본, '신천지 당원가입 의혹' 이만희 총회장 첫 소환",Social
"'1억 공천 헌금' 혐의 강선우 의원, 보석 청구",Social
"강원 우상호, 접전 끝에 승리...제주 위성곤 당선",Social
"[6월 모평] 엇갈린 수학 난이도…""작년과 비슷"" vs ""쉬웠다""(종합)",Social
"법정서 '공천 헌금' 전면 부인한 강선우 의원, 보석 청구",Social
"전직 국회의원서 시의원으로…손혜원, 목포시의회 입성 '성공'",Social
"이상일 ""반도체 프로젝트 사수""…시정 복귀 후 첫 일성",Social
"민주당 평택 시정 지켰다…압승한 최원용 ""평택의 30년 준비""",Social
"""조용해서 이사 왔는데""…잠실 아파트 주민들 '날벼락' [현장+]",Social
"“부정선거다”…시위대, 서울선관위 관계자 밀치며 실랑이 [르포]",Social
"헌재 “변호사시험 ‘로스쿨 졸업 후 5년 내 합격 룰’, 임신·출산도 예외 없다”",Social
이상민·김용현 나란히 특검 출석…윤석열은 모레 소환,Social
"16개 시도교육감 선거 진보 10곳, 보수 6곳 당선",Social
선관위 설득에도 잠실 투표함 반출 무산…시위대 봉쇄,Social
경기도의회 민주당 144석 압승…추미애 도정 '추진력' 확보,Social
"경찰, 선거사범 4191명 단속…흑색선전 '최다'",Social
"고려아연 직무정지 사외이사 4명 전원 사임…영풍·MBK ""거버넌스 정상화 첫걸음""",Social
주말 구름 많아…다음주 초 평년보다 '선선',Social
"'1억 공천헌금' 강선우, 보석 청구…""방어권 행사에 지장""",Social
"법원, '李대통령 소년범 주장' 모스 탄 출국금지 유지...""수사 위해 필요""",Social
한 직장 머무는 사람 늘고… 새 취업·이직은 줄었다,Social
"""투표권 행사 권리 박탈당했다""…오민석 서울시선관위원장 직권남용 혐의 피고발",Social
"선거일 저녁 과천 선관위 산책로에 불… 경찰 ""실화 등 가능성 조사""",Social
민주당 변광용 거제 첫 3선 시장에 당선,Social
외국인 600여명 바이어로 위장해 국내 초청한 브로커 검찰 송치,Social
“국민을 개돼지로 보나”…잠실7동 찾은 선관위 멱살 잡혔다,Social
"""수영 후 귀가 왜 이러지?""…여름철 '이것' 주의",Social
"외부인 접근 안 되는데…“선관위 뒷산 화재, 내부인 실화 가능성 조사”",Social
"잠실 투표소 찾은 서울시선관위, 시위대에 20분간 갇혀 봉변",Social
"‘단 1표 차’ 민주당 후보, 충남도의원 선거 재검표 후 극적 당선",Social
"[사건X파일] ""날씬한데, 어떻게 마운자로 처방을?"" 비만치료제 과잉처방·과장광고 논란",Social
"""술 묵읏나?""…음주 의심 차량 발견한 부산 커플의 '침착한 대응'",Social
"종합특검, '尹 출석' 앞두고 이상민·김용현 첫 피의자 소환…'윗선' 수사 속도",Social
"법원, 모스 탄 출국정지 집행정지 신청 기각…""수사 필요""",Social
사상 초유의 투표용지 부족 사태…선관위 강제수사 가능성은 [법조계에 물어보니 725],Social
'투표용지 부족'에 투표소·선관위 봉쇄…2000표 개표 '오리무중',Social
울산시장 김상욱…울산교육감 조용식 당선,Social
"시정 복귀한 오세훈 ""GTX-A 삼성역부터 챙긴다""",Social
잠실7동 투표함 대치 여전…오세훈 당선 확정 못해,Social
“징징대지 말고 퇴사해” 20년 차 선배에 조롱 댓글 남긴 신입…결국 신상 털렸다,Social
무관심·깜깜이 논란 또 반복…위기의 교육감 직선제,Social
"[6·3 지선] 잠실7동 투표소 봉쇄 장기화…오세훈 당선에도 ""선거 무효""(종합2보)",Social
잠실7동 투표함 이송 아직…선관위 직원과 충돌,Social
"경기도의회, 민주 144·국힘 22·혁신 1석…'여당 절대우위'",Social
"‘한밤의 음악편지’ 등 ‘여성 DJ’ 스타…임국희 前 아나운서, 88세 일기로 별세",Social
"당근에 올라온 ""천연 곰 가죽 팔아요""…""아무리 봐도 개"" 쏟아진 의혹",Social
[프로필]박완수 경남도지사 당선인,Social
"""파업불참 배신자"" 선넘는 파업동참 요구는 직장내 괴롭힘",Social
'원청 사용자성 부정' HD현대重 대법 판결의 세 가지 교훈,Social
"가짜 환자·진료로 챙긴 이득만 100억… 정부, 3년 만에 기획조사 착수",Social
"""6월8일 징계위 출석하세요"" 5일전 통보라며 6월3일에 했다가는…",Social
"GKL, 여성만 자녀돌봄 휴직… 인권위 “남성 차별”",Social
성과급 잘못 줬다가는 부당노동행위로 형사처벌,Social
가짜환자로 새는 건보재정 年96억…기획조사로 잡아낸다,Social
"동물단체 ""비둘기 굶겨 죽이는 정책""…서울시 단속 강화 반발",Social
작년 마약 감정 14만여건 ‘역대 최다’···압수품 절반은 ‘필로폰’,Social
"""부정선거 사형"" 험악한 잠실 투표소…선관위 설득에도 반출 무산",Social
여대야소로 재편된 옥천군의회…민주당 황규철 군수 '반색',Social
"[인터뷰] 오세훈 ""방향전환 안 하면 참혹한 부동산 참사로 이어질 것""",Social
"조지훈 당선인 ""전주 발전에 시민의 절실함 확인했다""",Social
서울·경기 진보 교육감 당선… 교육감도 진보 우위,Social
주 4.5일제에 여성 노동은 없다,Social
"용인·안산 첫 연임 재선 시장, 안성·과천은 첫 3선 여성시장 탄생",Social
"민주당 경북도당, 제9회 지선서 역대 최고 성적…기초의원 등 63명 당선",Social
'광역의원 물갈이' 광주 65.2%·전남 55.7%…초선만 53명,Social
"윤준병 ""당내 통합 필요하지만 해당행위는 징계 불가피""",Social
"임지락 화순군수 당선…""밀실정치 않겠다"" 약속",Social
경남도지사 박완수 재선 성공…‘경남대도약’ 시동,Social
"[6·3 지선] 안민석, 경기교육감 당선…진보 계보 잇는다(종합)",Social
"“지방선거, 與 승리했지만… 공소취소 논란에 유권자 견제심리도 작동”",Social
국회의원에서 시의원으로…체급 낮춘 손혜원 당선,Social
‘44표차 진땀 승리’ 통영시장…‘77세 노장 투혼’ 하남시장,Social
"특검, '한덕수 재판 위증' 윤석열 1심 무죄에 불복해 항소",Social
"전북 뒤덮은 푸른바람…단체장, 재보궐 민주당 싹쓸이",Social
김상욱 당선…범진보 단일화로 울산시장 교체,Social
"""일은 팀장급, 월급은 인턴급?""…유병재 회사 채용 공고 논란",Social
"남해군수 선거, 131표 차 초접전…선관위 이의 제기에 재검표 결정",Social
"""노모 곁에서 콩고물 먹을려고""…독박 간병한 아들에게 험담한 5자매",Social
"오세훈 즉각 업무복귀 ""일할 기회 줘서 감사… 밀린 일 처리하겠다""(종합)",Social
"아들과 야구장 약속 앞두고…조영삼 씨, 4명 살리고 하늘로",Social
"다시 진보교육감 시대, 7명이 전교조 출신… 학교서 커지는 ‘이념·인권’ 목소리",Social
"‘사과하세요’ 우성빈, 보수 강세 기장서 첫 여성 군수로…“토호 정치 끊고 교통부터 풀겠다”",Social
"'李대통령 명예훼손' 모스탄 출국정지 유지…""수사상 필요""(종합)",Social
보수색 더 굳힌 대구…'변화'보다 '균형추' 선택했다,Social
“70 평생 처음 투표 못해” 투표용지 부족에 멍든 참정권,Social
"‘N수생 역대 최다’ 6월 모평… 국어, 작년 수능보다 쉬웠다",Social
"'통곡의 벽' 못 넘은 김부겸, 왜 졌나…민주당 실책, 박근혜 등판 결정타",Social
"합수본, 이만희 총회장 첫 조사… ‘신천지 국힘 집단 입당’ 등 추궁",Social
[단독]폭발위험 낮다더니… 한화에어로 사고현장엔 인화성 물질 수두룩,Social
건별 수수료 대신 최저임금? 배달기사들 ‘관심집중’,Social
"'5선 달성' 오세훈 ""상식의 승리…경험·역량 쏟아붓겠다""",Social
"吳 당선 확정에도, '잠실7동 투표소' 난장판…""재선거해야""",Social
30년 '보수 독점' 끊어낸 강릉…'보수 텃밭' 강원 동해안 민심도 '변화',Social
'李대통령 범죄 연루설' 모스 탄 출국정지 집행정지신청 기각,Social
“재직조건부 상여금도 통상임금” 서교공 퇴직자 퇴직금소송 승소”,Social
[2026 지선] 서울 25개 자치구 성적표⋯'민주 17·국힘 8곳',Social
"'5선 시장' 출근한 오세훈 ""삼성역 철근누락 가장 먼저 챙길 것""",Social
"‘8:17→17:8’ 서울 구청장은 파란물결… 국힘, 한강벨트만 겨우 지켰다",Social
‘124표 차’ 이동석 충주시장 대역전극... 전국 최연소 단체장 기록,Social
"우상호, 면적에선 졌다..“지지 안한 분도 포용”",Social
"‘수능 만점’ 변호사 박지원, 첫 금배지…‘대통령 입’ 김의겸도 재기",Social
'1억 공천헌금' 강선우 보석 청구...이번엔 인용될까,Social
공천 배제·경선 잡음 딛고 당선…경남 기초단체장 무소속 돌풍,Social
"오세훈 '장동혁 거리두기' 계속하나…""대권 위해 화합할 것"" [팩트앤뷰]",Social
민주당이 싹 쓴 대전…시장·구청장·의회 지방 권력 완전 교체,Social
"격변과 균형의 '경기민심'…'첫 여성 지사' 추미애 열고, '보수 결집' 신상진·이상일 지켰다",Social
초유의 투표용지 부족 사태에 소송 제기될까…법조계도 촉각,Social
31년 보수 독점 강릉ㆍ동해ㆍ화천 뒤집혀…민주당 18곳 중 11곳 석권,Social
"경남 거제·진주, ‘3선 시장’...거제 변광용, 진주 조규일 당선",Social
"범여권 아쉬운 성적에 김어준 ""출발점은 민주당-조국당 합당 실패""",Social
[2026 지선] ‘야당’ 이상일 용인특례시장 당선인 “여야 넘어 용인 발전 힘 모아야”,Social
“정원오 인수위 자료 준비했는데”…뒤바뀐 결과에 놀란 서울시 공무원들,Social
"반복된 폭발 참사 원인 밝힌다…노동부-경찰, 한화에어로 압수수색",Social
"전재수 당선인, 충렬사 참배…""오직 부산 위해 일하겠다“",Social
선관위 앞 수백 명 인파...'투표지 용지 부족' 사태 비판,Social
"만취 20대, 몰던 SUV로 시내버스 들이받아",Social
'심야 여성 DJ 시초' 임국희 아나운서 별세…향년 88세,Social
"어머니는 주검을, 60대 아들은 장기기증…‘나눔이 받는 것보다 복되더라’",Social
"""'포괄임금' 핑계 공짜노동 안돼""…노동장관, 직장인과 간담회",Social
투표용지 부족 이어 투표함 대치...현장 혼란 심화,Social
'진보 1번지' 울산 동구의 반전…국힘 구청장 나왔다,Social
"“우릴 총알받이로 쓰지 마”... 송파구 공무원, 선관위 저격",Social
“주는 게 더 복되다”…장기기증해 4명에 새 삶 선물한 60대,Social
'8표'와 '나이'가 가른 희비…경남 고성군의원 초접전 결과,Social
"'부정선거론' 모스 탄, 출국정지 집행정지 기각에 즉시 항고(종합)",Social
평생 의회와 함께했다…국내 첫 '10선 의원' 이재갑 당선인,Social
"“행정수도 완성하겠다”…세종시장, 조상호 당선",Social
"‘불륜 스캔들, 여성 폭행…’ 논란의 전 김제시의원 4선 성공",Social
9:8→10:6 ‘진보교육감’ 약진…현역프리미엄 여전,Social
"통영·양산 ‘벼량끝 당선’…'44표차’, ‘2%p 차이’ 초접전 승부",Social
당선소감 냈던 후보 누르고 충주시장 당선인 124표차 막판 신승…충북 역대 최연소,Social
"""투표함 나가야 오세훈 확정"" 설득했지만…""재투표 해야"" 잠실7동, '개표 저지'",Social
"민주당 민경선, 고양시장 선거 압승…4년 만에 뒤집힌 민심",Social
민주 대 국힘 8대17→17대8…서울 구청장 권력지형 4년만에 뒤집혔다,Social
"대법, '재판소원 1호' 녹십자 사건 답변서 헌재에 내지 않기로",Social
지방선거 끝 '형소법 개정' 재시동…검찰 보완수사권 운명은,Social
'파란옷 입고 선거유세' 악플 견딘 아이돌...아빠 '강릉시장' 당선,Social
"'재선' 정근식, 서울교육청 '금의환향'...""화해·통합 서울교육 복원""",Social
쿠웨이트공항 또 드론 공격…인천공항공사 직원 피해 없어,Social
"""민주당 구하기 성공"" 이원택 승리에 한숨 돌린 전북도당",Social
"""개표 완료돼야 당선인 확정""…선관위 나섰지만 잠실 투표소 시위대 항의에 후퇴",Social
"단 1표가 당선 갈랐다…기호엽, 충남도의원 1선거구서 극적 승리",Social
“졌지만 잘 싸웠다”…충남 15개 시·군 중 10곳 국힘 승리,Social
"서울 자치구청장, 민주 17 vs 국힘 8…4년 만에 정반대로",Social
4년 만에 '진보 교육감 시대' 열려…16곳 중 10곳 휩쓸어,Social
“월드컵 4강 100배 감동”…이동석 충주시장 당선자 124표차 역전승,Social
단 1표차로 웃었다…‘무효→유효표’ 재검표 끝에 당선된 與기호엽,Social
"잠실7동에 묶인 2000표…“오세훈 당선에 끝 아냐, 부정선거 밝혀야”",Social
"전남서 선거사범 550명 적발, 경찰 수사 본격 나선다",Social
"종합특검, ‘관저 이전’ 이상민·‘반란’ 김용현 피의자 조사",Social
5곳이나 1000표 안팎 '초박빙 승부' 펼쳐진 전남광주 기초단체장,Social
"오세훈, 한강벨트서 대승…16년만에 대역전 드라마",Social
진양화학 왜 난리났다 했더니…오세훈 테마주 ‘요동’,Social
"종합특검, 김용현·이상민 前 장관 첫 피의자 조사",Social
막판 역전 드라마 쓴 나동연 양산시장 4선 고지,Social
"오세훈 ""시민들이 견제와 균형 대원칙 다시 확고히 세워""[영상]",Social
"‘대역전극’ 오세훈, 바로 업무 복귀 “다시 한 번 일할 기회 준 시민께 감사”",Social
한덕수 '내란 가담' 사건 상고심 배당…주심 오경미 대법관,Social
"""누군지 다 보이니 차라리 길바닥이 편해요""…성범죄·폭력에 노출된 서울역 노숙인들",Social
승리 선언한 오세훈 “국무회의 참석해 부동산 정책 방향 전환 건의”,Social
"[주니어전자]앤트로픽, 미토스 참여 기관 확대…삼성·SK·KISA 포함",Social
저축금액 두 배로 돌려주는 청년통장 참여자 모집,Social
"종합특검, 김용현·이상민 첫 소환 조사…윤석열은 6일 조사 예정",Social
헌정사 최초 5선 광역단체장…새 역사 쓴 '대역전' 오세훈,Social
"20년간 이웃 돌본 목회자, 장기기증으로 4명에 새 삶 선물",Social
"[2026 지선] 하중환 추경호 캠프 수석대변인 ""밤새 가슴 쓸어내렸지만…대구가 결국 보수의 불씨 살렸다""",Social
"라면·빵 이어 쌀과자까지…서울시, 3번째 서울형 먹거리 공개",Social
끝내 보수의 벽 못 넘은 김부겸…대구시장 '눈물의 분투',Social
"오세훈 ""바로 업무 복귀…삼성역 철근누락부터 챙길 것""",Social
"서울 지킨 오세훈…""시민의 삶 짓누르는 문제부터 해결하겠다""",Social
"""결국 오세훈이었다""…다 졌다던 선거서 만든 '대역전극'",Social
"서울선관위 사무처장, ‘용지 부족’ 잠실7동 투표소 찾아… “개표 안 돼 오세훈 당선 확정 못 해”",Social
"'경남과 사는 남자' 박완수 도지사, 접전 끝 연임 성공",Social
"유세 중인 시의원에 ‘물병’ 던져…선거사범 4천여명 단속, 8명 구속",Social
"경찰, ‘7명 사상’ 한화에어로스페이스 압수수색 [세상&]",Social
흑색선전에 공무원 개입까지... 제주 선거사범 수십명 줄줄이 덜미,Social
'탈당 무소속 출마' 조규일 진주시장·김윤철 합천군수 당선,Social
제주도의원 선거 또 한 번 ‘파란 물결’… 민주당 34석으로 압승,Social
김경대 용산구청장 당선인 “진짜 용산사람이 펼치는 용산 행정 보여드리겠다”,Social
4년 만에 통영시장 탈환한 민주당…시의회도 역대 최초 과반,Social
"'막판 역전' 오세훈 ""첫 업무는 GTX 철근누락""",Social
전주시의회 당선인 36명 확정…조국·진보·무소속 10명,Social
친구의 1300만원 금목걸이 탐났다…수면제 먹인 후 들고 튄 20대들,Social
"""상급지 친구 집서 월 50만원 생활, 염치 없나""...동창회서 쏟아진 지적",Social
"강삼영 '16개 시·군 석권'…""안정론·심판론 통했다""",Social
"'李대통령 소년원설' 모스 탄 출국정지 유지…法 ""공공복리 우선""(종합)",Social
"'원팀' 앞세운 민주당, 여수 선거서 5석 제외 '싹슬이' 완승",Social
‘티빙’도 털렸다…아이디·이름·생년월일 유출 “비밀번호 바꿔야”,Social
부산 현직 구청장들 줄줄이 수성…'3선 구청장'도 다수,Social
"경찰, '김수현 허위사실 유포 혐의' 김세의 가로세로연구소 대표 구속 송치",Social
초대 전남광주통합특별시의회 의원 91명 확정…민주독점,Social
‘투표용지 대란’ 잠실7동 제2투표소 밤새 시끌···“잠 못 잤다” “나라 지키는 거잖아” 충돌도[현장],Social
"[에듀플러스]수도권 교육감 선거, 진보 진영 3곳 모두 차지",Social
제주도의원 민주당 '압승'…의석 75% 차지 독주 체제,Social
버젓이 나도는 의료용 마약류…펜 대신 약을 쥐는 아이들 [넘버링+],Social
"법원, 이재명 대통령 '명예훼손' 모스 탄 출국정지 처분 유지",Social
"‘연매출 100억’ 유병재 회사, ‘경력직급’ 인턴 채용 논란…해명 들어보니",Social
"아들 상견례 앞두고…60대 목회자, 4명에게 새 삶 주고 떠나",Social
경남 국힘 '도지사' 수성…기초단체장 민주4·국힘10·무소속4,Social
"'부정선거 음모론' 모스 탄 교수, 출국정지 유지",Social
"복지부 제약바이오 공무원, 관련 주식 신규투자 안 된다",Social
"'이재명 대통령 범죄 연루설' 주장한 모스 탄, 한국 못 빠져나간다",Social
오세훈 “업무 복귀해 삼성역 철근 누락부터 챙길 것”,Social
"대법원, 한덕수 내란 사건 상고심 배당…주심 오경미 대법관",Social
투표용지 부족 '초유의 사태' 여파...선거 관리 부실 도마,Social
진보교육감이 수도권 장악…“수월성 보다 평준화 교육에 힘 실린다”,Social
"엇갈린 PK 단체장 지형, 부산경남 행정통합 '가시밭길' 예고",Social
"'더 견고해진 야대여소' 영동군의회, 3대 5→2대 6 재편",Social
[이색 당선자]안동서 국내 첫 10선 기초의원 탄생…무소속 이재갑 당선인,Social
"[결혼과 이혼] ""내 엄마도 아닌데 왜?""⋯시모 생일상 차리라는 남편에 아내 '분통'",Social
"[당선인 인터뷰] 출구조사 뒤집은 박완수 ""말보다 실천, 계획보다 성과""",Social
"종합특검, 김용현·이상민 첫 조사…""불법 수사 맞서 싸울 것""",Social
광주 고교 인근 교차로서 음주운전 20대가 15명 탄 시내버스 ‘쾅’…입건,Social
교육감 당선인 평균 나이 63세…젊은피 왜 안 보일까,Social
오세훈 “4년 더 뛸 기회 준 시민께 감사…GTX 철근 누락부터 살펴볼 것”,Social
[단독] 선거법 위반 1500건 넘었는데…검찰청 폐지와 '정면충돌',Social
교육감선거서 진보후보 10곳 승리…4년만에 진보교육감시대 부활(종합3보),Social
"20년 차 선배 글에 ""징징대지 말고 퇴사해""⋯익명 댓글 딱 걸린 '신입사원'",Social
뒤바뀐 인천 기초권력…민주 승리 지역 4년 만에 2곳→8곳,Social
"진보당 ""30년간 대형마트 하나뿐인 전남광주, 경쟁 되살리려 했지만…""",Social
"젠슨 황, 7일 잠실 마운드 오른다… 두산-키움전 시구, 박정원 구단주가 시타",Social
“국힘 재입당 추호도 없다”… 무소속 울릉군수 당선인의 불편한 심기,Social
“같은 인천인데 왜 더 내나”…‘버스요금 역차별’에 영종주민 분통,Social
"권순기 경남교육감 후보, 하루 꼬박 초접전 끝 '당선' … 12년 만의 보수 성향 교육감",Social
"월드컵 응원 영상 '욱일기' 논란에…해외 유튜버 ""평범한 깃발인 줄"" 사과",Social
‘부정선거 감시’ 입국 모스탄 발 묶였다…‘李대통령 명예훼손’ 출국정지 유지 [세상&],Social
"강기윤, 대역전극으로 창원시장 당선… ""일자리 1등도시 만들겠다""",Social
"""깜이 되네, 안 되네"" 했던 이원택 당선인…민주 경합 7곳 중 '격차 1위' 달렸다",Social
"'李대통령 명예훼손' 모스탄 출국정지 유지…법원, 집행정지 신청 기각",Social
잠실7동 투표소 대치 계속…투표함 이송은 아직,Social
반대로 바뀐 구청장 권력지형…17대8에서 8대17로,Social
"'1억 공천헌금' 강선우, 보석 청구…""방어권 행사 지장 있어""",Social
"경찰, 6·3선거사범 4천여명 적발… 허위·가짜뉴스 유포 32.5%",Social
"'계엄 메시지 전달 의혹' 홍장원, 11일 2차 조사",Social
"역전 드라마 쓴 서울시장 선거…오세훈 ""저의 승리 아니다, 변화로 보답""",Social
'용지 부족' 잠실7동 투표소 대치 12시간째…2000여표 묶여,Social
경찰 '7명 사상' 한화에어로 대전사업장·서울 본사 등 압수수색,Social
"후보 때리고, 조작영상으로 선거운동…선거사범 4191명 단속",Social
"오세훈, 한강벨트 석권으로 16년만에 대역전 드라마",Social
'이 대통령 명예훼손' 모스탄 출국금지 유지,Social
오세훈표 메가프로젝트 본궤도…용산·잠실·상암·세운 개발 본격화,Social
'5명 사망' 한화에어로 대전 사업장·본사 압수수색(종합),Social
"노동부·경찰, 한화에어로 압수수색…폭발사고 수사 본격화",Social
민주당 의석이었던 충남 2곳…국민의힘 1곳 차지,Social
연세대 학생들 “투표용지 부족?…민주주의 근간 흔들렸다” 강력 규탄,Social
[지방선거]조국당 이복남 ‘최다선 5선’ 순천시의장 탐낼 만,Social
'경북선 보수 깃발 꽂으면 승리' 공식 흔들…무소속 4명 당선,Social
"주낙영 경주시장 당선자, “경주 최초 3선 시장, 더 큰 책임으로 보답하겠다”",Social
지방선거 선거사범 4191명 단속…흑색선전 33% 최다,Social
"경찰·노동부, 5명 숨진 한화에어로 대전공장·본사 압수수색",Social
‘7명 사상’ 한화에어로스페이스 본사·대전사업장 압수수색,Social
"더불어민주당 박찬대 52.8% 득표, 인천시장 당선…유정복 현 시장 연임 실패",Social
최대호 안양시장·김성제 의왕시장 4선 고지…경기도 최초,Social
"민소매 입고 출근한 남자 직원...""기지개 켰는데 겨털 무성"" 고충 토로",Social
[6·3 지선] 경남 기초단체장 성적표는…국힘 10·민주 4·무소속 4,Social
"조선일보 ""선관위, 투표용지 부족 고의로 숨겼나""",Social
‘폭발사고’ 한화에어로 본사·대전사업장 압수수색,Social
"경찰·노동청, '7명 사상' 한화에어로 대전공장 등 3곳 압수수색",Social
"울산 민심은 행정균형… 시장은 여권, 구청장은 야권",Social
권익현 부안군수 사상 첫 3선 도전 성공…지역구 군의원도 모두 민주당 소속,Social
오세훈 정원오 역전 순간 '수십억 원 순식간에 잃었다'…서울시장 베팅한 외국인들 '비명',Social
"'첫 5선 시장' 오세훈의 서울, 31만가구 짓고 '세계 3위 도시' 간다",Social
"종합특검, 김용현·이상민 첫 소환…'반란·관저 이전' 피의자 조사",Social
"종합특검, 김용현·이상민 전 장관 첫 소환…金 ""중복 불법 수사""",Social
"법원, '부정선거론' 모스 탄 출국정지 유지… ""공공복리 우선해야""",Social
오세훈 막판 대역전극…사상 첫 '5선 서울시장' 신화 썼다,Social
서울 구청장 민주 17·국힘 8…한강벨트 10곳 중 6곳은 국민의힘,Social
"""벤틀리보다 삼성 탑차가 무섭다""…온라인 달군 '194억 반도체 차 사고' 진실은",Social
"5선 서울시장 탄생… 오세훈 ""상식의 승리, 역량 쏟아붓겠다""(상보)",Social
6월 모의평가에 몰린 졸업생…9만7000명 응시해 역대 최다,Social
'친노' 정영두 당선…민주당 김해시장 4년 만에 탈환,Social
"'3선 성공' 이철우 경북지사 당선인 ""더 큰 경북·더 강한 대한민국 만들겠다""",Social
“왜 계엄 했는데”…김계리 등 윤석열 변호인단 ‘부정선거’ 주장,Social
"목포시의회에 진보당·혁신당 첫 진출…""다당제 구도로""",Social
충북 기초의원 당선인 명단,Social
"사상 초유 투표용지 부족…법조계 “선거무효소송, 표차가 관건”",Social
"“겸허히 수용” 국힘, ‘재선거’ 급선회…“결과수용 불가”",Social
점인 줄 알았는데 암?…빠르게 악화되는 '이 질환',Social
'10명 당선' 진보교육감 시대 재개…서울 정근식·경기 안민석(종합2보),Social
"'보수 텃밭' 강원, 민주당 우세지역으로 급변",Social
한강버스·감사의정원 동력 얻었다…오세훈표 '매력서울' 시즌2는?,Social
"막판에 역전 허용한 정원오…""기대에 보답 못해 송구""",Social
"'민주 19 vs 국힘 12'…경기 기초단체장, 예상된 '압승'은 없었다",Social
모스 탄 ‘출국정지 처분 멈춰달라’…법원 기각 “공공복리 영향”,Social
초유의 ‘투표용지 부족’ 사태…선관위·송파 투표소 밤샘 시위,Social
"법원, '이재명 대통령 명예훼손 혐의' 모스탄 출국금지 유지",Social
"검은 머리는 원형 탈모, 빨간 머리는 피부암 잘 걸린다",Social
"'최연소'에서 '최초 5선'까지…'미스터 서울' 오세훈, 정치사 새로 썼다",Social
"정원오 승복 선언…""모든 것이 제 탓, 오세훈에 축하""",Social
마트 화장실 유아용 의자에 뾰족 나사못…“큰 사고 날 뻔”,Social
[속보] '5명 사망' 폭발사고 한화에어로스페이스 압수수색,Social
"강원도의회 보수 우위…국민의힘 30석, 민주당 24석",Social
"[속보]‘이 대통령 소년범’ 모스 탄 출국정지 유지···법원, 집행정지 신청 기각",Social
'李대통령 소년원설' 모스 탄 출국정지 유지…집행정지 기각,Social
"'李 대통령 범죄 연루설' 주장 모스 탄, 출국금지 유지",Social
"전주시의원 당선인 36명 확정, 민주당 26석 '압도적 과반'",Social
[기획]선거는 끝났지만…전남·광주 가야할 길 '산넘어 산',Social
"[속보]法, '이 대통령 소년범설' 모스탄, 출국정지 집행정지 기각",Social
‘李대통령 명예훼손 혐의’ 모스 탄 출국정지 유지… “공공복리 우선”,Social
[속보] ‘李대통령 범죄 연루설’ 모스탄 출국정지 집행정지신청 기각,Social
안산시 첫 연임 시장 탄생…국힘 이민근 ‘역전승’,Social
"부산 기초단체장 민주 7곳, 국힘 9곳 당선…정치 지형에 ‘균열’",Social
임신·출산자도 변호사시험 제한…‘오탈제’ 가까스로 합헌,Social
대통령 꿈꾸시나요...51조 쥐락펴락 '소통령' 서울시장 자리는,Social
'李대통령 범죄 연루설' 모스탄 출국정지 유지... 집행정지신청 기각,Social
울산시장 민주당 김상욱·울산교육감 진보 조용식 '당선',Social
'교사·교수 35년' 천호성 전북교육감 당선인…삼수끝에 수장으로,Social
"대법, 헌재에 '재판소원 1호' 녹십자 사건 답변서 제출 않기로",Social
"[속보] 법원, 모스 탄 출국금지 집행정지 기각…""공공복리 우선""",Social
"이원택, 역대 최저 격차로 전북도지사 당선…김관영과 9.44%p 차",Social
[속보] 경찰 ‘7명 사상’ 한화에어로 대전사업장 압수수색,Social
"오세훈, 막판 정원오에 '역전승'...사상 첫 5선 '미스터 서울'",Social
이재명 정부에 힘 실은 전남·광주…민주당 압승(종합),Social
[2026 지선] 6·3 선거 '대전지역 지방권력' 4년만에 대재편,Social
"'김수현 명예훼손' 혐의 김세의, 구속 상태로 검찰에 넘겨져",Social
"반도체 벨트 싹쓸이 저지, 이상일 용인시장 “반도체 흔들림 없이 추진”",Social
[주니어전자]IT 핫픽 - AI 때문에 전기 부족해진다? 미국이 꺼낸 새로운 해법,Social
‘국회의원 출신 기초의원’ 손혜원 당선자…무소속으로 목포시의원 당선,Social
"'처음처럼'·'참이슬' 만든 손혜원, 국회의원 거쳐 시의원으로",Social
아들 상견례 앞두고 뇌사…4명 살리고 떠난 60대,Social
"폐동맥고혈압, 40대 여성 주의보! 조기 진단과 치료가 생존율 좌우한다",Social
경북 동해안 5개 시·군 기초의원 국힘 67%·민주당 23%,Social
"""끝날 때까지 끝난 게 아니다""…오세훈 역전승, 여기서 갈렸다",Social
"""요즘 제일 무서운 차""…사고 났더니 보험금이 194억",Social
'개표 저지' 2000표 묶였다…잠실7동 투표소 밤샘 대치,Social
"종합특검, '관저 이전' 이상민·'반란' 김용현 前장관 피의자 조사",Social
"출구조사 '환호성'에서 낙선으로…김경수 ""균형발전 꿈 계속""",Social
"[2026 지선]한동훈, 부산 북갑서 무소속 당선…부산 보수 지형도 변화 예상",Social
"조국혁신당 김태성, 신안군수 당선…""함께하는 군수 되겠다""",Social
9대 8→10대 6 …진보 교육감 우위 커졌다,Social
언니 푸바오 떠난 빈자리 채워주더니… 루이바오·후이바오도 '이별 준비',Social
민선9기 추경호號 대구시정 방향은? TK신공항 건설 속도 낼 수 있을까?,Social
"오석진, 대전시교육감 '초박빙' 끝 당선 확정",Social
태백 '보수 텃밭' 재확인… 도의원·시의원도 국민의힘 석권,Social
단일화 갈등·혐오경쟁·이념공세…과제 남긴 서울교육감 8파전,Social
"""투표 날인데..."" 수학여행 떠난 순천 중학교 '논란'",Social
"푸바오 이어 루이·후이도… 한국서 태어난 첫 쌍둥이 판다, 중국행 준비",Social
'투표지 부족' 선관위 앞 밤샘 시위...차량 출입도 막아,Social
"셀트리온, 1000억 규모 자사주 소각 최종 반영…“기업가치 제고 가속”",Social
부울경 광역화 로드맵 안갯속…민주·민주·국힘 '엇박자' 출발,Social
"민주당, 전북 시·군 단체장 석권…교육감은 천호성 당선",Social
"대법 ""5·18 가족 정신적 손배권 유효 소멸 안돼""... 파기환송",Social
"신상진, 李대통령 정치 고향서 재선 성공...정치적 위상 급부상",Social
"잠실 투표소 대치 지속...""2천 표 개표 차질""",Social
"당근에 올라온 ""천연 곰 가죽 팔아요""…""다시 보니 개 가죽"" 충격",Social
야간에 수로 빠져 차량 전복…탑승자 3명 무사 구조,Social
"""안 걷는다고 회초리로 머리 내리쳐""…광주서 동물 학대 수사",Social
'당선 인터뷰'도 했는데 124표차로 뒤집혔다...충주 '40세 시장' 탄생,Social
"[6·3 지선] 대역전극으로 5선 '금자탑'…오세훈, 대선가도 달릴까",Social
전·현직 경남도지사 빅매치 … 막판 접전 끝 승자는 '박완수',Social
7월 신설 인천 자치구 4곳 중 민주 3곳·국힘 1곳 승리,Social
"국민의힘 조주홍, 영덕군수 당선...'극적 단일화'가 가른 승부수",Social
[6·3 지방선거] 서울시장 오세훈 ‘대역전극’…경남 박빙 승부선 박완수 승리,Social
성남 개표소서 안산 투표지 섞여 나와…선관위 “기권 처리”,Social
"수상한 '130만원 곰 가죽'의 정체…""아무리 봐도 개 가죽"" 의혹 확산",Social
"셀트리온, 자사주 소각 완료…""연내 2조 주주환원""",Social
당 따라 찍던 충북도의원 이번엔 어땠을까…초박빙 승부,Social
"연매출 100억이라던 유병재 회사, 인턴 채용 공고 '이게 맞아?'",Social
아들 상견례 앞두고 뇌사…4명 살리고 떠난 60대 아버지,Social
반전에 반전 거듭한 경남지사 개표전…아침 끝에 웃은 '박완수',Social
"[2026 지선] '최종 50.52%' 전재수, 초접전 끝 당선…역대 두 번째 민주당 부산시장 탄생",Social
"교통사고 위장해 아내 살해…보험금 내연녀와 탕진한 50대 남편, 징역 40년",Social
손혜원 “큰 정치는 골목 눈물 못 닦아”…국회의원 출신이 기초의원 됐다,Social
첫 통합시 출범 앞둔 광주전남 지방선거…민주당 '압승' 무소속·혁신당 '약진',Social
"전재수, 협치로 성장판 다시 연다…8년만에 부산 탈환",Social
"초유의 투표용지 부족 사태…JK 김동욱, 선관위 맹공 ""특검받아야""",Social
"盧 고향서 승리, 김해시장은 민주 정영두…4년만에 탈환",Social
"“투표권 침해당했다” 잠실 주민들, 투표소 앞 이틀째 농성",Social
커피 프랜차이즈 속속 가격 인상...도미노 인상 가능성도,Social
"충청권 4곳 모두 '파란 물결'...민주당 완승, '국정 안정론' 통했다",Social
보수 아성 넘은 '기장 첫 여성 군수' 우성빈…부산지방선거 최대 이변,Social
"연어에서 추출한 '이것'…""크론병 치루에 탁월효과""",Social
4표 모자라 전액 보전 탈락…선거비에 울고 웃는 후보들,Social
전남광주특별시의회 민주당 83석 압승…진보당 5석 약진(종합),Social
전남 기초단체장 선거 곳곳서 '초박빙' 승부…200여 표 차로 당선되기도,Social
민주당 텃밭 뚫은 전남 5곳…지역 표심은 왜 갈라졌나,Social
"한동훈 당선·박민식 3위, 북구갑이 남긴 '보수 재편' 과제",Social
투표 관련 112 신고 164건…'용지 부족' 잠실7동 투표소만 135건(종합),Social
"경찰, ‘김수현 명예훼손 혐의’ 김세의 구속 송치",Social
"강남경찰서, '김수현 명예훼손' 혐의 김세의 구속송치",Social
"""재택 중 4시간 연락 두절 팀원 지적했더니, '꼰대'라네요"" [어떻게 생각하세요]",Social
교육감선거서 진보성향 후보 서울·경기 등 11곳 석권(종합2보),Social
"치매 남편 간병한 노모에게 재산분할 소송 건 두 딸…""아파트 넘겨달라""",Social
6·3 지방선거 경북 동해안 단체장 국힘 3·무소속 2 당선,Social
'용지 부족' 서울 송파구 잠실7동 밤샘 대치‥112신고 135건,Social
"박완수 재선 성공, 부·울·경 중 유일 ‘수성’…‘李風’ 꺾은 ‘일 잘하는 도지사’",Social
"4년 만에 판 뒤집혔다…민주당, 인천 지방권력 탈환",Social
"국민의힘, 텃밭 지켰다…대구 9곳·경북 18곳 기초단체장 석권",Social
"4년 만에 탈환···민주당 정영두, 김해시장 당선",Social
세종교육감에 교장 출신 강미애…‘교육 장관 후계자’ 제치고 당선,Social
"사망사고 사흘 만에 ‘올스톱’…한화에어로, 창사 후 첫 전사 생산중단",Social
"‘김수현 명예훼손’ 혐의 김세의…강남경찰서, 구속송치",Social
"'반도체 강소기업' 리노공업, 노조 파업 찬반투표 92.6% 압도적 가결",Social
"""한열이를 살려내라"" 투표용지 부족 사태 비판한 연세대생의 외침",Social
"[6·3 지선] 민주 정영두, '노무현 고향'서 승리…4년만에 김해시장 탈환",Social
"민주, 경기 시·군 기초단체장 선거 국힘에 판정승",Social
"'공천 배제' 딛고 쓴 대역전극… 무소속 박성현, 현직 꺾고 광양시장 당선",Social
"尹정부 부당조치 원복, 유튜브 매체들 기자단 합류… 지난 1년 언론지형 변화 보니",Social
보험금 노리고 아내 살해 후 교통사고로 위장한 남편⋯징역 40년 확정,Social
"치매 아빠 떠나자...왕래 뜸했던 두 딸 ""아파트 넘겨줘"", 엄마 '황당'",Social
"교육감, 서울·경기 등 10곳 진보…5곳 보수 당선",Social
“민주당 26년 독식 이어간다”… 서귀포 보궐 김성범 당선,Social
"생명연 ""암세포 '내성' 극복, 항암제 효과 회복 가능해""",Social
"투표용지 부족, ""부정선거"" 주장…중앙선관위앞 밤샘시위",Social
"‘전·현직 맞대결’ 박완수, 출구조사 열세 뒤집고 경남도지사 재선",Social
사상 초유 ‘투표용지 부족’ 사태에 시위대 집결… 송파 투표함 2개 미반출,Social
"""34평 새 아파트 1억 싸게 팝니다"" 입주폭탄 광주 '마이너스피' 나왔다",Social
'용지 부족' 잠실7동 투표소 112 신고 135건…선관위 밤샘 대치도,Social
"이 대통령 취임 1년… 靑 출입기자들 ""소통 의지"", ""SNS 압박""",Social
"임신·출산해도 변호사시험 5년 내 5번 만 기회…헌재, 합헌 결정",Social
'추다르크'에서 첫 여성 도백까지…경기도 품은 추미애,Social
개편 전 마지막 수능 '6월 모평'…'N수생·사탐런' 역대급,Social
민주당 우세 속 국민의힘 견제력 유지,Social
이원택 전북지사 당선…51.22% 득표,Social
"""어르신은 택시 어떻게 타야 할까요?""…땡볕에 지친 93세 할머니 대신 택시 잡아준 여성 [따뜻했슈]",Social
"전한길, 투표용지 부족에 ""부정선거""...시위대, 선관위 몰려가 '밤샘 대치'",Social
영업이익은 누구의 것인가? [율촌의 노동법 라운지],Social
"[2026 지선] 이변은 없었다…추경호 선택한 대구, ""경제 살려라"" 민심이 승부 갈랐다",Social
[전남광주 통합①]320만 슈퍼 지자체…새로운 100년 기대와 과제,Social
"정부, 이주노동자 인권침해 대책 발표…“사업장 이동 자유 빠진 반쪽 대책”",Social
"‘시장후보 막내 아들’ 아이돌, 당선에 시선집중",Social
"""선생님, 우리 아들 옷 좀 보세요""…'학폭 의혹' 제기한 학부모에 ""증거 없다""는 담임, 무슨 일",Social
[단독] '남양주 스토킹 살인' 부실대응 경찰관 3명 중징계,Social
강릉시 더불어민주당 김중남 후보 당선…첫 진보진영 시장,Social
"국힘, 텃밭 경북서 무소속 4곳 단체장 자리 내줘…공천 실패 지적",Social
밤샘 대치 투표함 반출 차질...이 시각 잠실 투표소,Social
"3선 고지 오른 이철우 경북지사, 현안 추진 속도 낸다",Social
"인천 구멍가게 아들 박찬대, 인천시장 선거 승리",Social
권토중래 김의겸·세대교체 박지원,Social
"잠실7동 ‘투표함 대치’ 계속…2천명분 담긴 2개, 개표장 못 가",Social
경기 기초단체장 민주 19곳·국힘 12곳 승리…사실상 판정승,Social
'3번 도전 끝에 당선'.. 평교사·평교수 출신 교육 전문가,Social
"[속보] 박완수, 경남지사 당선…김경수 승복 선언",Social
민주당 텃밭 지켜낸 이원택 당선자는 누구?,Social
"부정선거 시위대, 10시간 넘게 투표소 봉쇄… 아직도 개표 못해",Social
"마트 화장실 유아 의자에 '뾰족한 나사못'…""아이 앉았으면"" 아찔",Social
더불어민주당 파주시 지방선거 완승,Social
"강원도가 달라졌어요..李대통령 “평화는 혜택” 언급, 강원접경 진보색",Social
"""지사부터 시장·군수, 더불어민주당 압도적 승리""",Social
"""'탈벅' 인증 쏟아졌는데""…스타벅스, 카톡 선물하기 1위 탈환 '여론과 소비의 온도차'",Social
오늘 2027학년도 수능 6월 모의평가…졸업생 비율 역대 최다,Social
정책 대신 진영·혐오만 남긴 서울교육감 선거…개편 요구 커진다,Social
전북도지사 이원택·교육감 천호성 당선,Social
"'재선 성공' 이상일 용인시장 ""용인르네상스 시즌2 열겠다""",Social
"신장이식 후 거부반응…""조직검사 대신 피검사로""",Social
"‘칸트’ 읽던 친구 민형배, 통합 전남광주의 미래를 맡다",Social
광역단체장 민주 12곳·국힘 2곳 승리…서울·경남 초접전,Social
발 묶인 2천표…'용지 부족' 잠실 투표소 밤샘 대치중(종합),Social
"“그만 징징대고 퇴사해” 조롱댓글…반도체 대기업 신입, 신상 파묘 당해",Social
"[자막뉴스] ""2천 명 투표 날아갔다""... 투표함 통째로 묶여버린 '초유의 사태'",Social
"한화에어로 주주 ""주가 급락, 유족이 배상하라"" 주장에 비난 '봇물'",Social
울산 기초 국힘 4곳·민주 1곳…‘야권 단일화’ 삼킨 막판 보수 결집,Social
전국 곳곳 소나기…천둥·번개에 우박 떨어지는 곳도,Social
[6·3 지선] 이번엔 누가…경기 기초단체장 5곳 '리턴매치' 결과는,Social
잠실7동 투표소 밤샘 대치…투표함 이송 아직,Social
이변 불허한 '보수 성지' 대구 국힘 싹쓸이…경북도 국힘 강세,Social
"잠실 투표소 앞 밤샘 대치...""2천 표 개표 못 해""",Social
선관위 '대국민 사과'에도 밤샘 집회 이어져...경력 배치,Social
변화는 없었다…대구 기초단체장 9곳 국민의힘 '싹쓸이',Social
동부 중심 강한 소나기…돌풍·천둥번개도 '주의',Social
춘천 도의원 선거 민주당 압승…8석 중 7석 차지,Social
"JK김동욱, '투표용지 부족' 사태에 ""사과문 보니 어이가 없다""",Social
술잔에 분루 삼키던 이동석 캠프 새벽 4시 '반전 드라마',Social
"부산시장 격전, 승자는 전재수...더불어민주당 6년 만에 탈환",Social
"'아이 무릎 통증과 열, 급성화농성관절염 의심해야 하는 이유'",Social
"""부정선거""·""선관위 해체""…잠실7동 투표소 대치 여전, 투표함 반출 못해",Social
"박수현, 8년전 눈물 흘리며 접었던 충남도지사 꿈 '실현'",Social
"""반도체 차와 부딪혔더니 보험금 194억원…롤스로이스보다 위험하다""",Social
"[속보]잠실7동 투표소 봉쇄…투표함 2개, 2000표 못 열어",Social
"""CCTV 못 보여줘"" 승강기서 떨어진 고양이, 31시간 만에 찾아",Social
"“대한민국 퇴보, 선관위 특검 해야” JK김동욱, 투표용지 부족에 분노",Social
[현장] 잠실에 갇힌 투표함…초유의 ‘투표용지 부족’ 밤새 뜬 눈으로 일촉즉발 대치 [세상&],Social
‘보수 장벽’ 여전히 견고한 TK…민주당 단체장 배출 실패,Social
예년 수준 더위 이어지는 가운데 전국 소나기…'우박' 주의,Social
"""시장후보 막내아들 선거운동"" 홍보하던 아이돌, 웃었다",Social
"보험금 타려고 아내 살해 후 교통사고 위장…50대 남편, 징역 40년 확정",Social
"'146만 유튜버' 고재영 ""친중·좌파 아냐…북한에 20배로 갚아주고 싶어""",Social
"‘친윤’ 국힘 김태규, 울산 남구갑 보선 당선…새벽에 역전",Social
통합수능 마지막 해 6월 모평 시행…N수생 비중 역대 최고,Social
"'원조 친명 꺾고 수성' 성남시장 재선 신상진 ""관건선거에 대한 준엄한 심판""",Social
[교육감 선거]수도권 석권한 진보의 ‘사실상 압승’…교육판이 뒤집혔다,Social
[지방선거] 인구밀집지역 순천·여수·광양시장 전부 교체,Social
당선 예측 족집게 ‘디시전K+’ 비결은?,Social
"인천 11개 군·구 단체장 선거 민주당 8곳, 국민의힘 3곳 승리",Social
"우상호, 도시지역 강세, 강원 지사 당선, 김진태 “축하”",Social
"”새로운 충남으로 도민께 반드시 보답” 박수현, 충남지사 당선",Social
"[6·3지선]경기 시장·군수 '민주19vs국힘12'…""최초 4선 탄생""",Social
"""임산부석 비어 있는데 왜 일반석에?""…출근길 지하철 목격담에 갑론을박",Social
초접전 벌인 창원시장 선거...‘정권 견제론’ 앞세운 강기윤 당선,Social
[6·3 지선] 잠실7동 투표소 봉쇄 계속…2천명 투표분 묶여(종합),Social
"민주 압승에 동아일보 ""장동혁 사퇴하라"" 한겨레 ""이재명 지원 국힘 심판""",Social
"박찬대, 인천시장 선거 승리…민주당 4년 만에 시정권 회복",Social
"‘노무현의 고향’ 김해, 민주당 품으로…정영두 후보 당선",Social
부산 영도구청장에 민주당 김철훈 당선…4년 만의 귀환,Social
나주선 3표차·광주 서구선 20표차…기초의원 당락 갈랐다,Social
박수현 입성한 충남도정…'행정통합' 재시동 전망,Social
잠실7동 투표소 밤샘 대치…투표함 이송은 아직,Social
““북극항로 개설 빨라져…러와 관계 개선 필요””,Social
‘금의환향’한 경북도 출신 행정가들…시장·군수 도전 잇따라 성공,Social
"[취재석] '아웃사이더' 박용선의 비상, 시험대에 오른 '평범함의 힘'",Social
"조상호, 세종시장 첫 도전에 당선…행정수도 완성 승부수",Social
"재택 중 4시간 연락 두절된 팀원…지적하니 ""꼰대세요?"" 적반하장",Social
"""징징대지 말고 퇴사해""... 20년차 선배 조롱 댓글 남겼다가 신상 털린 신입",Social
부산시의회 '45대 2'서 '37대 11'로…민주당 회복에도 국힘 우세,Social
잠실7동 투표소 밤새 수백명 대치…경찰 투입,Social
"[속보]오세훈 48.66%, 정원오 48.62%…골든 크로스",Social
"[6·3 지선]'투표용지 부족' 부정선거 주장 시위대, 밤샘 시위(종합)",Social
안동서 국내 첫 10선 기초의원 탄생…무소속 이재갑 당선인,Social
[속보] 서울시장 정원오·오세훈 '0.08%p차' 초박빙…경남지사도 막판 승부,Social
"[6·3강원] 춘천권 시장·군수 당선자…민주 4곳, 국힘 2곳 당선",Social
날이 샜다… 잠실7동 투표함 반출 저지 계속(종합),Social
투표함 못 옮긴 잠실7동 '밤샘 대치'…경찰 470명 투입,Social
"교사에서 5선 의원, 다시 교육감으로…안민석은 누구?",Social
[6·3 지선] 8대17→17대8…서울 기초단체장 지형도 4년만에 정반대로,Social
충북 정치지형 '여대야소' 재편…민주 단체장 7석 차지,Social
"[6·3통영] 피 말리는 통영시장 선거 개표장, 역전에 재역전…39표 차이",Social
[6·3전북지선 입체 분석] ①프롤로그-전북도민의 '현명한 선택',Social
"""아파트 빼앗고 공제회 돈까지?""…치매 남편 간병한 노모에게 칼 겨눈 두 딸의 상속 분쟁",Social
"""CCTV만 빨리 봤어도""…31시간만에 되찾은 냥이, 골절·실명 만신창이",Social
인천 초대 제물포구장에 국힘 김찬진 당선…득표율 50.22%,Social
[6·3전북지선 입체 분석] ③두드러진 '김관영 현상'…전북 정치의 ‘철옹성’에 난 균열,Social
[6·3 지방선거] ‘국정 안정론’에 민주당 압승…서울·경남 등 승부처서 마지막까지 접전,Social
리턴매치 승리 김원기…의정부시장 당선,Social
"[6·3선거]김신 완도군수 후보, '혈투' 끝 우홍섭 꺾고 '당선'",Social
"민주당 19승·국민의힘 12승…경기도 선거, '압승' 없었다",Social
"선관위 ""이송 강행 안 해""…잠실7동 투표소 8시간째 대치(종합2보)",Social
'투표지 부족' 사태에 '발칵'…후폭풍 예고,Social
내란 청산 내세운 '허태정'…4년 만의 대결 '승리',Social
"전국 16개 시도교육감, 진보 11곳·보수 5곳 당선 유력(종합)",Social
"박형준 낙선에 市 산하 12개 기관장도 '임기 종료'…""순장조 조례 적용""",Social
"‘""누가 누군지 몰라 그냥 찍었어요""…교육감 직선제 20년째 깜깜이[6월 선거]",Social
"""해양수도 부산, 다시 뛴다"" 전재수 당선, 시정 대전환 예고",Social
[6·3 지방선거] 교육감 선거 진보 11곳 우세…4년 만에 판세 재편,Social
4년 만에 정반대 된 서울 구청장 판세…민주 18곳·국힘 7곳 우세,Social
"추경호, 숱한 고비 넘어 대구시장 당선",Social
"""김관영 패배했지만 도민 뜻은 패배하지 않았다""…""해야 할 역할 다할 것"" 재기 의지",Social
“이송 안한다” 선관위 발표에도…잠실 7동 투표소 밤샘 대치 중,Social
"전재수 부산시장 당선 확실…""부산 위한 길, 시민과 끝까지 가겠다""",Social
"[6·3선거]'1호 단체장 수성' 무산…담양, 민주당 박종원 품으로",Social
"[6.3지선]양양군수선거 민주당 김정중 1,100여표차로 국민의힘 김호열 앞서며 ‘당선 유력’",Social
[정책돋보기] 폭염 때 어르신 안부 매일 2번 묻는다 外,Social
[조선왕조실록·의궤 톺아보기] 단종정순왕후복위부묘도감의궤(下),Social
무면허 10대에 ATV 대여하며 안전교육 소홀히해 사망사고 유발한 업주 처벌,Social
언니 푸바오 따라… ‘쌍둥이 판다’ 中 간다,Social
[법조브리핑] ‘덕적도 어민 간첩 조작 사건’ 피해자 2심도 무죄 外,Social
[당신의 생각은] 이재명發 ‘일베 폐쇄론’에 커뮤니티 술렁… “플랫폼 책임” vs “표현 자유 위축”,Social
"""키오스크 도와드렸더니 영화관 VIP 됐어요""…노부부의 특별한 보답 화제",Social
"홍수처럼 쏟아져 나오는 AI 에이전트들…""누가 돈 버는지 증명해야""",Social
"의대 정원, 과학적 증원…인력 양성 확충[지역·필수·공공의료 강화①]",Social
"[단독]검찰, BBQ 회장 ‘자녀 유학비 횡령 의혹’ 최종 불기소…제보자가 말 바꿨다",Social
"尹, 오늘 군 수뇌부 재판 증인으로…비상계엄 모의 입 열까",Social
"비극 앞에서도 편 가르기…'애도' 사라진 자리, '정쟁'이 남았다",Social
"대법 ""5·18 피해자 형제자매도 정신적 손해배상 청구 가능""",Social
6월 모평 오늘 시행…N수생 역대 최다에 '사탐런' 변수,Social
6·3지선 '선거사범' 누가 잡나…검찰·보완수사 폐지 후폭풍,Social
"대법원 ""5·18 피해자 가족, 보상금 받았어도 위자료 줘라""",Social
"아들 새 옷에 구멍 '숭숭'...학폭 면담 담임 선생님 ""증거 없다""",Social
[오늘 날씨] 전국 소나기 주의보…곳곳 시간당 30㎜ 강한 비,Social
"종합특검, 오늘 김용현·이상민 첫 피의자 조사…尹 6일 소환",Social
"김상욱 울산시장 당선…민주당, 8년 만에 탈환",Social
잠실7동 투표소 앞 밤샘 대치…투표함 반출 못해,Social
'푸바오 동생' 쌍둥이 판다 올겨울 중국 귀환 초읽기,Social
잠실7동 투표소 밤샘 대치…2개 투표함 결국 반출 못 해,Social
8년 만에 부산 탈환한 전재수…부산 정치지형도 바뀐다,Social
"[6·3 재보궐선거] 한동훈·유의동·윤용근, 접전지서 민주 후보 꺾고 당선",Social
임신출산도 예외 없는 변호사시험 응시 5년 제한…가까스로 합헌,Social
충북 단체장 12곳 중 7곳 민주당 판정승…국민의힘 예상 밖 선전,Social
"[6·3 지선] '李대통령 지근거리 보좌' 김남준, 국회의원으로 '우뚝'",Social
[6·3 지선] '대통령 지역구' 인천 계양을서 '대통령 측근' 김남준 당선(종합2보),Social
124표차 대역전극…충주시장 선거 40대 이동석 당선,Social
"[6·3지선] '0.45%p 초박빙' 김찬진 초대 제물포구청장 ""쉼 없이 뛸 것""",Social
[6·3 지선] 인천 연수갑서 송영길 당선…6선 고지 올랐다(종합),Social
"""징징대지 말고 퇴사해"" 20년차 선배 조롱...햇병아리 신입, 탈탈 털렸다",Social
부산 앞바다 '전설의 심해어' 돗돔 잡혔다…길이 164㎝,Social
'투표지 부족 사태' 후폭풍…법적 분쟁 이어지나,Social
외제차 뽑고 내연녀 태웠다…아내 살해 뒤 행동 '경악',Social
부산 사상구청장에 민주당 서태경 당선…3파전서 승리,Social
교육감선거서 진보성향 후보 11곳서 승리전망…보수 우세는 5곳(종합),Social
"""우리도 모두 늙는다""...폭염 속 택시 기다린 할머니 도운 먹먹한 사연 [지금이뉴스]",Social
"박형준, 3선 문턱서 '멈춤'…글로벌허브도시 꿈 미완으로",Social
최저임금 오늘 3차 회의…'배달라이더' 적용 논의 본격화,Social
"합수본, 오늘 신천지 이만희 첫 소환 통보…국민의힘 집단 가입 의혹",Social
"결혼식 안 부른 '불청객' 남성…""축의금 봉투엔 1000원짜리 30장, 찝찝""",Social
[6·3전북지선 입체 분석] ②두 동강 난 민심…화합과 치유 '갈 길'이 너무 멀다,Social
"역전, 또 역전 … 초초초접전 창원시장 선거서 강기윤 승리",Social
[6·3 지선] 창원특례시장에 국민의힘 강기윤 당선…초접전 끝 신승,Social
"메모리 신입이 파운드리 수석한테 ""징징대지 말고 나가""...조롱했다 결국 [지금이뉴스]",Social
"국힘 김태규, '보수 아성' 울산남갑 수성…""멈췄던 일 움직이겠다""",Social
"처가 도움은 다 받아놓고…""엄마 서운해해"" 장모 '환갑여행' 거절한 남편",Social
충청권 광역단체장 민주당 싹쓸이…정권안정론에 힘 실어,Social
"초유의 투표지 부족 사태...""투표함 못 나가"" 밤샘 대치",Social
"""외제차 몰고 와 '공짜 세차'?""…한밤중 셀프세차장 무단 이용 논란",Social
[르포]무능한 선관위에 '부정선거론' 분출…음모와 혐오의 밤,Social
"재택근무 중 4시간 연락 안돼 지적했더니…""꼰대냐"" 반발",Social
[6·3 지선] 잠실7동 투표소 밤샘 대치…2개 투표함 반출 못 해,Social
"""싹쓸이·압승 無""…부산 기초단체장, 민주 7 vs 국힘 9로 갈린 민심",Social
국민의힘 의원서 민주당 울산시장으로…김상욱 '파란만장 2년',Social
서울교육감 정근식 선두 속 ‘투표용지 부족 파행’…보수 진영 “재투표” 반발,Social
"‘폭발 사고’ 한화에어로, 쥐꼬리 예산에 안전담당 임원도 없다",Social
성착취물 구하려다 ‘피해자’ 되는 남성 청소년…갈수록 는다,Social
부산 강서구청장에 민주당 박상준 당선…'40대 구청장' 탄생,Social
[단독]'김건희 수사무마' 피해자가 허위공문서 피의자? 특검 해법은,Social
"""스노클링 중?""…외국인 관광객 시선 강탈 '청계천 잠수부' 정체",Social
"""수입차 타고 와서 양동이에 물 담아 공짜 세차""…셀프세차장 사장 '황당'",Social
오늘 '수능 가늠자' 6월 모평…졸업생 9만7천명 역대 최다,Social
"""금값 올랐으니 커플링 차액 보내라""…헤어진 남친 2년 만에 황당 연락",Social
"""난 기독교 모태신앙, 무교라 속이다 결혼 전 고백…시댁 발끈"" 파혼 위기",Social
"당근에 '130만원짜리 곰 가죽' 판매 글…""자세히 보면 개 가죽"" 충격",Social
"특검, 尹정부 핵심 인사들 정조준…오늘 김용현·이상민·김대기 소환",Social
"서울시장 선거, 끝까지 열어봐야 안다…초접전된 선거",Social
괴산군수 '삼세판' 리턴매치 승자 송인헌…재선 고지(종합),Social
"[6·3 지선] '대통령이 보낸 사람' 우상호, 강원도정 탈환 성공",Social
"""친중·화교·공산주의자 아니다""…146만 유튜버의 웃픈 해명",Social
"국민의힘 김태규 , 울산 남구갑 국회의원 보선 당선",Social
다시 ‘진보교육감’ 전성시대…교육감 선거 진보 11곳 우세,Social
여의도 복귀 성공한 이광재… 경기 하남갑 국회의원 당선,Social
"‘푸바오 동생’ 쌍둥이 판다, 올겨울 中 돌아간다",Social
“생애 첫 투표” 과잠 입은 19세… “나라 잘돼야” 평생 개근 111세,Social
"추미애, 헌정 사상 첫 여성 도지사...인천시장 박찬대 당선",Social
“당신들이 내 아들 지옥불로 집어넣어” 유족 분노,Social
"다시 진보 교육감 독주 체제, 16곳중 11곳 앞서… 보수 5곳 우세",Social
"울산 국힘, 진보 정당 단일화 돌풍에도 4개구군·남구갑 승리",Social
'초접전 관심' 전북...결국 텃밭 지킨 민주당 이원택,Social
"노옥희·천창수 비서실장 조용식, 울산교육감 당선 '확정'",Social
광주 민주 압승·전남 범야권 5곳 당선…민주 '경고음'(종합),Social
두 번째 도전 민경선…현역 꺾고 고양시장 당선,Social
‘투표용지 부족’ 사태에 부산시선관위 앞도 항의 시민 대거 몰려,Social
"[6·3 지선] 민주, 강원 기초단체장 11곳 석권…8년 만의 대승",Social
"민주 우상호, 강원지사 당선…“획기적 변화 위한 구상, 잘 실천하겠다”",Social
담양 잃고 신안·장흥 얻은 혁신당…광역·기초 확장 한계,Social
"""전북도민은 '대한민국 원팀' 선택했다""…모두의 예측 깬 이원택 '과반 득표' 당선",Social
"민주당, 대전 단체장 선거 싹쓸이…지방권력 재편",Social
'무주공산' 노원구청장에 우원식 보좌관 출신 민주 서준오 당선,Social
"낙선 조국 ""이번 결과는 저의 실패…평택은 마지막 고향""",Social
"[6·3 지선] 민주당 우상호 후보, 강원도지사 당선 유력",Social
정근식 서울교육감 ‘재선 확실’…5연속 진보교육감 당선,Social
"[당선인 인터뷰] 하남시갑 이광재 ""하남을 행복하게 만들겠다""",Social
"""상급지 아파트서 월 50만원 생활""…'월세 더 내야 하나' 직장인 갑론을박",Social
"한동훈, '격전지' 부산 북갑 당선...""보수 재건""",Social
"선관위 ""투표지 부족 사태, 선거 연기·재선거 사유 아냐…개표 중단도 불가""",Social
"지방선거 끝낸 정부·여당, 檢개혁 후속 입법 논의 '속도'",Social
‘원조 친명’ 김남국… 국회 재입성 성공,Social
“지퍼백에 투표용지? 실화냐”…선관위 또 관리 부실 ‘논란’,Social
거소투표 막히고 현장선 '눈치'… 시각장애인 '막막한 한표',Social
전국 첫 광역의회 중대선거구제서 진보당 2명 입성 유력,Social
전남 기초단체장 선거서 관료 출신 성적표는,Social
"서울 자치구 권력지도 재편…민주 20곳 우세, 국힘 5곳 수성 전망",Social
"청주시장 이장섭 당선 ""경제와 민생 최우선 가치로 둘 것""(종합)",Social
부산서도 100명 모여 ‘부정선거’ 항의 시위,Social
장윤기 휘두른 흉기에 중상…광주 고교생 의사상자 지정 추진,Social
교사·교수·5선 의원 거쳐 교육감으로…안민석 경기교육 대전환 이끈다,Social
"광주 중대선거구, 民 11석·진보 2석 '찻잔 속 태풍'",Social
"""해수부 장관에서 부산시 수장으로"" 전재수 시장 당선 유력",Social
"""중구 발전 완성할 터"" 국힘 김영길 울산중구청장 당선 '확정'",Social
광양 '정당의 무덤'인가…5번 연속 무소속 당선 진기록,Social
박성현 광양시장 당선…공천 박탈 딛고 무소속 승리,Social
"이상일, 역대 최초 '재선 용인시장'…반도체 도시 이끈다",Social
[프로필]신용한 충북지사 당선인,Social
고깃집부터 태권도장까지…전국 곳곳 '이색 투표소',Social
"심상치 않던 강릉, 30년 보수 독점 '판 엎었다'…강릉시장 민주 김중남 당선",Social
"'보수·진보 넘나든 경제 전문가' 신용한, 충북지사 당선(종합)",Social
"전남 기초단체장 선거, 민주당 압승…무소속 미풍에 그쳐",Social
'대역전' 손훈모 당선…4선 도전 노관규 꺾고 민주당 탈환,Social
연임 도전 광주·전남 기초단체장 22명 중 14명 생환,Social
"초유의 투표 용지 부족 사태…선관위 ""깊이 사과""",Social
용지 없어… 서울 강남 등 17곳 초유의 투표 중단 사태,Social
K-GX전략 이달 발표 무산…지역별 차등요금제로 산업용 전기료 추가 인하 예고,Culture
"“계단, 과하게 오르기만 하면 무릎 망가진다”…‘안전한 내려오기’ 운동도 병행해야",Culture
"“치매로 이어진다”… 백지연 꼽은 ‘의외의 원인’, 뭘까?",Culture
"“나빠진 신장, 생각·생활습관 바꾸면 치유될 수 있다” [건강한겨레]",Culture
"4일 방한 젠슨황, '유퀴즈'에도 출연…세계 최초 첫 예능 토크쇼",Culture
"26년 만에 SK 떠난 '나비'…노소영 관장, 사간동서 새 출발",Culture
"한다감, 임신 위해 ‘이 음식’ 즐겨 먹었다는데… 뭘까?",Culture
[날씨] 남해상 올해 첫 태풍특보...중서부 한낮 최고 더위,Culture
"BYD ""자율주행 사고 나면 전액 보상""…테슬라와 다른 행보",Culture
"이주명, “스트레스 풀 때 매운 ‘이 음식’ 먹는다”… 뭔지 보니?",Culture
책 안 읽는다더니…베스트셀러는 영화·유튜브·증시가 만들었다,Culture
출퇴근길 지하철 응급환자 구한 분당차병원 의료진,Culture
"젠슨 황, 유재석 만난다‥방한 중 '유퀴즈' 출연",Culture
"""대장암 커도 수술 없이 치료된다… 관건은 암세포가 들어간 깊이""",Culture
노소영 아트센터 나비 재개관…SK빌딩 떠나 사간동으로,Culture
[뉴스타임날씨] 제주·남해안 비바람…서울은 33도로 더 더워져,Culture
‘7말8초보다 싸고 쾌적하다’ 장마 상륙 전 6월 피서지 9곳 [여행+],Culture
"1851년 조선인에 샴페인 주고, 막걸리 마신 프랑스인…‘우정의 술병’ 나왔다",Culture
"“겉보기엔 그냥 안경인데”…AI 글래스, 패션업계 새 격전지로",Culture
“늙을수록 암세포 더 잘 퍼진다?”...‘이 나이’ 때 암 전이 가장 높다,Culture
현대모비스 인도 공장 화재에 현대차 공급망 '긴장',Culture
"비타민에 섬유질, 철분, 엽산까지 골고루...‘이런 식품’ 즐겨 먹었더니 영양 보충 “끝”",Culture
젠슨 황 첫 예능 출연이 ‘유퀴즈’?···방한 후 ‘삼겹살·소맥 회동’ 이어 깜짝 행보,Culture
“한국의 핫플은 궁궐·왕릉”…지난해 관람객 4명중 1명은 외국인,Culture
기관마다 따로 내던 어학성적…한 번 등록하면 5년 간다,Culture
젊을 때 피우기 시작한 담배가 평생 장 건강 위협한다,Culture
“아저씨 다리털 보고 싶지 않아”…‘반바지 출근’ 논란이 드러낸 일본 사회 민낯 [이윤정 기자의 소소월드],Culture
"어지럽다고, 속 쓰리다고 '임의 약물 중단' 위험",Culture
프랑스 대통령이 고종에게 선물한 것은…한·불 수교 140년 특별전,Culture
[930날씨] 제주·남해안 비바람…서울은 33도로 더 더워져,Culture
"젠슨 황, 유재석 만난다…“접시 닦던 소년에서 시총 1위 CEO로”",Culture
같은 동네인데 날씨가 딴판? '날씨 복불복'에 기상청 등판 [지금이뉴스],Culture
태풍 수증기에 제주·해안 호우…중부 33℃ 더위,Culture
"젠슨 황, 유재석 만난다…'유퀴즈' 찍고 총수들과 삼겹살 회동",Culture
대통령도 주목 '강진 반값여행'…청년 오면 최대 70% 지원,Culture
"반도체 안 부럽다…세계가 반한 K-콘텐츠·관광, 수출 효자 산업으로",Culture
"젠슨 황, 유재석 만난다… 전 세계 최초 토크쇼 출연이 '유퀴즈'",Culture
"“가슴 커서 성추행 당해”…유방 축소술 늘어가는데, 국가 지원 어려운 이유 [라이프+]",Culture
27년 만에... 대학 축제에 아줌마가 떴다,Culture
“영화 속 공포를 현실에서”…‘살목지·백룸’ 성지순례 안전 주의,Culture
"세계 시총 1위 CEO 엔비디아 젠슨 황, 유재석 만난다…‘유퀴즈’ 전격 출연",Culture
"미나리 해독·낙지 원기회복, 한국은 藥食同源… 프랑스 와인 스파·체코 맥주 목욕 등도 유사한 전통[정주영이 만난 ‘세상의 식탁’]",Culture
태풍이 몰고온 수증기…제주 한라산·우도에 200㎜ 이상 폭우,Culture
노소영 미술관 '아트센터 나비'…SK 떠나 사간동에 재개관,Culture
뜨거운 국물만 먹으면 콧물 줄줄…‘미각성 비염’ 뭐길래[건강팩트체크],Culture
[날씨] 남해 먼바다 첫 '태풍경보'...서울 올 최고 더위 예상,Culture
"“최대 250만원 할인”…쉐보레, 6월 ‘홈커밍 페스티벌’ 혜택 강화",Culture
"""금융위기 때 깎인 임금 그대로""…뿔난 GM 美협력사 파업",Culture
심장 건강엔 역시 운동...유전적 원인으로 인한 심장병 발생 확률도 낮춰,Culture
태풍 장미 영향 남부·제주 폭우…중부지방은 '낮 33도' 무더위,Culture
"""고환율 시대가 바꾼 여행법""…현지서 돈 안 쓰는 '3無' 뜬다",Culture
"암 치료 후 마음 건강, 어떻게 챙겨야 할까요?[아미랑]",Culture
"140년 전 한국-프랑스 이은 역사, 고종이 보낸 선물은?",Culture
1800km 수로가 만든 시장…15~18세기 중국 상인의 부를 읽다,Culture
명품 도자기·보석으로 만든 꽃…한국-프랑스 140년 우정의 흔적,Culture
"고종의 반화, 이재명의 반화 오마주…140년 이어진 韓佛 우정 전시",Culture
"""가족 3명이 수술·암""…박명수 전 매니저, 병원서 전한 근황",Culture
"노소영 미술관 아트센터 나비, SK건물 떠나 사간동서 재개관",Culture
태풍 수증기에 제주·남해안 호우…중부 폭염급 더위,Culture
"벤츠, 美판매 전면 중단 위기…美의회, 中자본 완성차 금지법 발의",Culture
[날씨] 제주·남해안 호우특보…서울 33도 땡볕 더위,Culture
임신 중 앉아 있는 시간 길어질수록 ‘이것’ 위험 높아진다,Culture
"""시간선택제 공무원에 초과근무 1시간 일괄공제는 부당""",Culture
‘애민(愛民)’과 ‘포퓰리즘’ 사이 아슬아슬한 줄타기 [조선생활실록(實LOG) ⑬],Culture
"팔굽혀펴기 40회 넘는 男은…""심장병 위험 96% 적다""",Culture
역대 세 번째 이른 영향 태풍…제주·남해안 호우,Culture
결국 '백종원 얼굴' 지우나…매출·주가 추락에 간판 바꾸려는 더본코리아,Culture
"[출근길 날씨] 중부, 맑고 더워…남해안·제주 강한 비",Culture
무릎 시큰? ‘팔자 페달링’ 고쳐보세요,Culture
[날씨] 남해 먼바다 올해 첫 '태풍경보'...서울은 '최고 더위',Culture
[날씨] 제주·남부 강한 비…수도권 폭염급 더위,Culture
“아침마다 얼굴 퉁퉁 붓는다면?”… 나트륨 배출 돕는 식재료 5가지,Culture
"한미약품, 릴리에 1.9조 기술 수출…랩스커버리 적용 파이프라인 이전 탄력 받나",Culture
"“수박에 ‘이것’ 뿌리면, 전해질 보충 효과”… 약사 추천, 뭐지?",Culture
"""신약 차별성 구체적으로 확인"" 셀트리온, 신약 개발 역량에 기대감 확대",Culture
"대한산악연맹, 히말라야 미답봉 사트SAT(6,220m)봉 초등",Culture
태풍은 일본으로 갔지만 제주 전역 강한 비바람...추자도.동부권 호우경보 발효,Culture
"이승환, 구미시 항소 분노 “세금으로 이자 12%, 내가 다 아깝다”",Culture
"“벤츠, 너 떨고 있니”…‘한국인 소울세단’ 신형 그랜저, 내릴 때도 뿌듯해 [세상만車]",Culture
"팔굽혀펴기 40개, 심장병 위험 96% 낮춘다...중년 남성 '건강 바로미터' 입증",Culture
"[출근길 YTN 날씨 6/2] 남해안·제주 호우, 남해 동부 먼바다 태풍경보...중서부는 고온",Culture
"[출근길 날씨] 올 최고 더위, 서울 33도…남해안·제주 강한 비",Culture
[날씨클릭] 제주·남부 호우…서울 낮 33도 올들어 최고,Culture
[날씨] 오전까지 남부·제주 많은 비…중서부 땡볕 더위,Culture
남해동부먼바다 태풍경보…6호 '장미' 역대 세 번째 이른 영향 태풍,Culture
“하루 한 숟갈로 살 빼고 암 막는 효과” 달콤한 식품의 정체는?,Culture
“통증 일주일 참았을 뿐인데 고환 괴사”… 72세男에 무슨 일이?,Culture
유류할증료 없는 '크루즈 여행' 핫하네…올들어 예약 350% 급증,Culture
6월 멸종위기 야생생물 '담비'…산림개발 서식지 감소,Culture
[이슬기의 무기가 되는 글들] ‘오빠들’의 선거,Culture
“중년男 팔굽혀펴기 몇 개?”…美하버드 내놓은 ‘건강 척도’에 후덜덜,Culture
"""30대인 줄 알았네""…주름 싹 지운 70대 모델의 '안면 회춘술' [헬스톡]",Culture
[날씨] 제주·남해안 호우경보…서울 33℃ 폭염 수준 더위,Culture
밤샘 개표가 남기는 통증…선거 현장 속 허리 건강 주의보,Culture
"""벌써 푹푹찐다"" 서울 낮 최고 33도...제주·남해안 시간당 20~30㎜ 비[오늘날씨]",Culture
"5년 생존율 17%, 신호도 없는 췌장암…“단 음료부터 줄여라”",Culture
화학자는 ‘볶음 요리’에 어떤 식용유를 쓸까?,Culture
아이유도 앓았던 '개방성 이관증'…급격한 체중감량이 원인? [김효경의 데일리 헬스],Culture
"[기자노트]사과도 똑소리 나는 무신사, 데카콘 자격 있다",Culture
"""제발 샤워기 물로 입 헹구지 마세요""…무심코 꿀꺽했다가 끔찍한 결과 [헬스톡]",Culture
“목에 걸리는 느낌도 조심” 무심결에 지나치기 쉬운 암 증상 4가지,Culture
"“단백질 풍부” 이영자, 아침으로 ‘이 음식’ 먹는다… 뭘까?",Culture
"[오늘의 설교] 방주 안에, 오직 예수 안에",Culture
관성 지출 줄이고 재정 공개 넓히고… 헌금 관리 투명하게,Culture
“섬길 땐 동작 빨라야”… 마지막까지 아름다운 나눔,Culture
"[미션 톡!] “택시 세 대 호출, 요금 대납 이보배씨 찾습니다”",Culture
"“아침에 꼭 먹어라” 20kg 감량한 약사가 추천한 ‘이 음식’, 뭐지?",Culture
"탈북민교회 10곳 중 7곳, 북한 출신 목회자가 이끈다",Culture
"[빅데이터가 점지한 오늘의 운세] 2026년 6월 2일 화요일(음력 4월 17일, 정미일)",Culture
"[헬스&라이프] ""잠은 잤는데 왜 피곤하지?""…수면무호흡증 의심 신호는",Culture
심리학부터 명언집까지… “나는 출판계 다이소”,Culture
전자담배가 금연 도구?… “속지 말고 착각 말자”,Culture
‘이완기 단독 고혈압’ 도입… 하루 소금 섭취량 더 줄여,Culture
"검증된 니코틴 대체제, 올바로 쓰면 끊을 수 있다",Culture
"“어진화가 아버지, 단원화첩 모사하라며 후학 가르쳐”",Culture
"“또 식민지배 당할 것인가, 대만에 묻고 싶었다”",Culture
"[라인W 날씨] 내일, 중부 맑고 더위 강해…남부엔 강한 비",Culture
[류호정의 톱밥 먹는 중입니다] [22] 나에게 허용한 오차만큼은 상대에게도 인정하자,Culture
[유덕종의 아디스 레터] 자식이 부모에게 하는 가장 큰 효도,Culture
"여름철 더 거슬리는 뱃살, 쏙 들어가게 하는 습관 5가지",Culture
“5년 이내 암 위험 3배 높인다”… ‘이 습관’ 고쳐라,Culture
[날씨] 내일 더 덥다 '서울 33도'…제주·남해안 많은 비,Culture
아이에게 관절염이? 열 난 뒤 다리 절뚝인다면…,Culture
‘츄파춥스님’ 삼보스님 지난달 원적…반려견 보리 곁으로,Culture
"태풍 일본 향하지만, 한반도 고온·호우...해상 첫 태풍특보 우려",Culture
"""휴대폰 보다 잠들었다?""… 의외로 내 몸 '여기' 먼저 망가진다, 뭘까?",Culture
"“여름에 찾는 ‘이 음식’, 혈당 쫙 올린다” 의사 경고, 뭐지?",Culture
태풍 장미 북상에 제주·남부 비…수도권은 33도 폭염급 더위,Culture
“녹차 티백 버리지 마세요” 냉장고에 넣으면 천연 탈취제…활용법 4가지,Culture
"[날씨] 2일, 서울 33도 한여름 더위…남부·제주 집중호우",Culture
"“지방 축적 막는다” 백지영, 다이어트 식초 직접 만들던데… 재료 뭐야?",Culture
[날씨/XR] '서울 33도' 올 들어 가장 덥다…제주·남부 비,Culture
"'여성암 1위' 유방암 실손보험금 5년간 20% 늘었다, 왜?",Culture
[이슈날씨] 6호 태풍 '장미' 북동진...제주·남해안 최고 120mm 이상 비,Culture
스마트폰 화면에서 벌어지는 전쟁…뇌를 장악하는 자가 이긴다,Culture
[날씨] 내일 서울 낮 33도 불볕더위‥남부·제주 강한 비,Culture
조선 마지막 어진화가 유품서 김홍도 그림 238년만에 발견,Culture
[날씨] 내일까지 제주·남해안 많은 비…서울 33도 더위,Culture
"70대 노인, 매일 '이 과일' 4개씩 먹다가 심정지 직전까지… ""몸에 칼륨 쌓여""",Culture
"오스코텍, 美 아지오스에 자가면역질환 치료제 기술이전…최대 1조 규모",Culture
[내일날씨] 남부 '물폭탄'에 천둥·돌풍…'호우주의보' 발령,Culture
심장 건강 지키려면… ‘저녁 7시’ 이후로 하지 말 것들,Culture
"[뉴스7 날씨] 밤사이 남부 강한 비…내일, 서울 한낮 33도",Culture
[날씨] 6호 태풍 '장미' 북동진...제주·남해안 최고 120mm 이상 비,Culture
"샤워기 물로 양치하거나 입 헹구는 습관 ‘NO’…약사의 경고, 왜?",Culture
“매일 먹는 ‘이것’ 뇌 망가뜨린다”…신경과 의사가 먼저 끊으라는 식품 [헬시타임],Culture
6월과 함께 온 초여름 더위… 열대야 작년보다 19일 빨라,Culture
“중년 여성 환자 많아”… 간암 예방하고 살 빼는 습관 3가지,Culture
현대모비스 인도 첸나이 공장서 불…현대차·기아 부품 공급 차질 예상,Culture
현대차 '사용자성 판단' 또 연기…노사 갈등 장기화 우려,Culture
젊은 장내세균 돌려받은 쥐…간암이 생기지 않았다,Culture
"4276억원 선불금 어디로…스타벅스 환불 첫날 매장마다 현금 증액해 둬, 분위기는",Culture
주말 늦잠이 보약?…알고 보니 수명 깎아먹는 '최악의 습관' [건강!톡],Culture
"잠 못 드는 젊은이들, 암 위험 높아지나",Culture
1억1400만원 받는데… 더 달라는 삼성바이오 노조,Culture
남부 중심 곳곳 비 예보…중부는 한여름 더위 '서울 33도',Culture
뇌경색은 골든타임 내 혈관 뚫어야? 질환 유형따라 달라,Culture
"울산대병원 암병원 ""아이온·다빈치 로봇으로 대기 없이 암수술""",Culture
5월 기아만 웃었다…완성차 4사 판매량 4% 감소 뒷걸음질(종합),Culture
“프랑스 밤잼 사려다가 한 시간 순삭”…50일 만에 900만명 클릭했다는데,Culture
“자전거 30분 탔는데 엉덩이 비명”… 초보 라이더 살리는 ‘이 장비’,Culture
"녹차 하루 5~6잔씩 마신 40대女…복통·복부팽만감 부쩍 심해져, 왜?",Culture
중부 ‘폭염’ 남부 ‘폭우’…화요일(2일) 한반도 남쪽 태풍 ‘장미’ 영향,Culture
"중국차, 韓 수입차 판매 3위로 올라",Culture
태풍 '장미' 북상에 한반도 영향…120㎜ 폭우 온다,Culture
"[단독] 고독을 삼킨 프리마돈나, 세상을 끌어안다…호암상 품은 조수미",Culture
"[단독]이인영 전 쓱 대표, 상미당홀딩스 CFO로",Culture
"일본 향하는 태풍 '장미', 수도권에 33도 땡볕더위 만드는 이유는",Culture
아이스크림 먹을 때마다 머리 '지끈'…알고 보니 이것 때문?,Culture
"“아빠가 준 100만원으로 주식”…한유진, 수익률 8000%",Culture
완성차 5월 판매량 전년比 4% ↓… 기아만 홀로 실적 개선,Culture
5월 완성차 5사 판매 66만4370대…현대차 내수 1위 탈환,Culture
"의협, 의원급 수가협상 결렬되자 발끈…""정부가 일차의료 포기한 것""",Culture
“잠 못 자면 20대도 암 위험?”…젊은층 덮친 뜻밖의 경고 [건강을 부탁해],Culture
"[퇴근길 날씨] 중부 오늘보다 더워, 서울 33도…남부 강한 비 주의",Culture
"태풍이 불어넣은 수증기에…제주 ""시간당 30㎜ 강한 비 주의""",Culture
"한미약품, 릴리에 비만신약 1.9조 기술수출..K바이오 한달새 11조원 잭팟",Culture
"기상 관측 이래 가장 더웠던 5월…내일 서울 33도, 6월도 펄펄 끓는다",Culture
"""할머니·할아버지 냄새 너무 싫어요""⋯나이 들어도 안 나게 하는 방법은? [헬스+]",Culture
올해도 탈북민교회 3곳 중 2곳은 북한 여성이 개척했다,Culture
"납작하게 출토된 ‘신라 금관’ 얼굴에 덮었나, 머리에 썼나",Culture
"아스팔트와 실시간 소통… 피렐리, ‘지능형 타이어’ 장거리 테스트 성공",Culture
"국내 완성차, 5월 판매 부진…""기아만 웃었다""",Culture
"불면증 있는 50세 미만 성인, 일부 암 위험 최대 3배[노화설계]",Culture
5평 원룸에 처박힌 청년들의 현실을 만담처럼 풀어내다,Culture
"현대차, 내수 1위 재탈환",Culture
터미네이터 현실화?…우크라에 간 美 ‘휴머노이드 로봇’ 실전 테스트 결과는? [밀리터리+],Culture
"인도 모비스 화재, 현대차 생산 차질 우려 ""공급처 다변화 검토""(종합)",Culture
‘韓 원자력 1세대’가 말한다…파란만장 K원전 일대기,Culture
"“얼죽아 주목” 더울 때 ‘따뜻한’ 커피 마시라던데, 이유는?",Culture
"현대차, 5월 글로벌 판매 32만5473대…부품 수급 차질에 7.7% 감소",Culture
"밥 냉동할 때 식혀야 할까, 뜨거울 때 넣어야 할까?",Culture
"“15년간 암 170번 이겨냈다”… 47세男, 잦은 암 발병 원인 있었다",Culture
"“좀비처럼 걸었다”… 폭염 속 운동, 근육이 보내는 SOS 무시 말아야",Culture
"셀리악병, 장 건강만의 문제 아냐… 심장병·혈액암 위험 ↑",Culture
"책 안 읽는 대한민국, 영화·웹툰만 팔린다…""1020이 마지막 보루""",Culture
"김은호 아들 “어진화사였던 부친, 김홍도 화첩으로 후학 가르쳐”",Culture
"“800잔 마셔도 도전한다”...1만2천명 홀린 메가커피 프리퀀시, 뭐길래",Culture
"'빙수 먹자 머리 띵'…아이스크림 두통, 편두통 위험 신호일 수도",Culture
"스타벅스, 2주간 카드 전액 환불 개시…최대 4000억대 규모",Culture
"월드컵 개최국인데 1만명 확진...""기침만 해도 감염, 백신 꼭"" 당부",Culture
“너무 예쁘고 똑똑해 보였다”…30년 전 길거리 인터뷰 여고생 정체 ‘깜짝’,Culture
"‘병원장’ 많이 배출한 전공, 정형외과 2위… 1위는?",Culture
“차 팔고 조의금까지…” 목사님의 마지막 헌금,Culture
단백질 vs 근력 운동…부모님 근력 유지에 더 중요한 것은?[노화설계],Culture
2박 이상 머물땐 최대 5만원 지원… “개별여행객들 제주 혼저옵서”,Culture
인공지능이 일하면 인간은 해방되는가…AI 시대 노동의 미래,Culture
"""자율주행 레벨3 상용화 쉽지 않아…레벨2+ 고도화 집중""",Culture
[날씨] 내일 서울 최고 더위 예상...밤사이 남부·제주 많은 비,Culture
현대모비스 램프 매각 위로금,Culture
"1인 35역 모노드라마 '나는 나의 아내다', 12년 만에 돌아온다",Culture
"女, 테스토스테론 부족하면 몸에서 어떤 일 일어날까?",Culture
"‘세계 최대 명품 제국’ LVMH 회장 부인, 백화점 아닌 ‘예술의전당’ 찾는 까닭",Culture
김홍도 그린 금강산 사생 초본 10점 나왔다…'해동명산도첩' 계열,Culture
"국립중앙박물관의 아이콘, ‘경천사지 십층석탑’의 저주 [한ZOOM]",Culture
"장송선 헬릭스미스 대표 ""22년 기다린 엔젠시스, 중국서 증명됐다""",Culture
[날씨] 6월 시작부터 여름 더위…제주·남해안 많은 비,Culture
"셀트리온, 민주노총 산하 노조 출범… “노동자 권리 되찾을 것”",Culture
“붕소 부족하면 안 돼”… 매일 ‘이 과일’ 섭취하면 된다는데?,Culture
"내일 서울 33도, 당분간 이른 더위...태풍 '장미'가 불어넣은 수증기에남부엔 많은 비",Culture
"""살 안 빠지는 이유 있었네""⋯똥배·술배 지방 태우고 혈당 관리 돕는 음식은?",Culture
"온코닉테라퓨틱스, 임상종양학회 ASCO서 '췌장암 신약' 임상 발표",Culture
"학교폭력 의혹 휘말린 '솔로지옥' 국동호 측 ""형사 고소""",Culture
"JW중외제약, 피타바스타틴 저용량 복합제 '리바로젯 1/10㎎' 출시",Culture
"치매 위험 높이는 난청…""인공와우, 적기 수술이 결과 좌우""[인터뷰]",Culture
삼성바이오 이직률 '역대 최저'…업계 최고 대우 속 노조는 투쟁,Culture
체온 30분 내 낮추는 ‘맥박점’ 냉각법…영국 적십자가 꼽은 핵심 3곳,Culture
[미션톡]“택시비 대신 내준 청년 ‘이보배’씨를 찾습니다”,Culture
"대장암 환자의 눈물…“음식, 가려서 먹어야 했는데”",Culture
"""김홍도 금강산 초본 238년 만에 세상 밖으로""…'해동명산도첩' 누락 10점 발견",Culture
"고령층 근감소증, 이제 부위별로 ‘콕 집어’ 평가",Culture
"소방 ""한화에어로 사망자 6명에서 5명으로 정정…2명 중경상""",Culture
"""폐만 망가지는 줄"" 담배 피운 골절 환자...1년 후 뼈 사진 '충격 결과'",Culture
"카페업계, '탈벅' 반사이익 경쟁…신메뉴 공세·가격 인상 움직임",Culture
[날씨] 6월 첫날 30도 안팎 더위…제주·남해안 호우,Culture
태풍 '장미' 북상에 제주·남부 비…수도권은 33도 폭염,Culture
아무리 편리해도… ‘이 채소’는 손질 안 된 것으로 구입을,Culture
제주서 2박 이상 머무는 관광객에 여행지원금…최대 5만원 혜택,Culture
“TV와 '이만큼' 떨어져 봐라”…전문가가 말한 최적 시청 거리는?,Culture
"[날씨] 여름의 시작, 30℃ 안팎 더위...제주 최고 150mm 호우",Culture
"현대모비스, 인도 부품 공장 화재…공급망 차질 우려",Culture
한국선 여름에만 이 ‘영양소’ 공짜 섭취?…이때 실컷 저장해둬야,Culture
[날씨] 2일 더위 '절정'…서울 낮 최고 33도,Culture
"""스트레스·불안 때문일까""… 9세 소년 '이것' 먹다 장 막혀, 무슨 일?",Culture
나이 들수록 뿌옇게 변하는 시야···눈부심까지 심해지면 ‘백내장’ 검사받으세요,Culture
"태풍 '장미' 일본 향하지만…제주·남해안 호우, 중부 폭염급 더위",Culture
"[뉴스12 날씨] 6월의 시작, 더위 여전…제주·남해안에 비",Culture
상반기 베스트셀러는 '프로젝트 헤일메리'…소설·투자서 강세,Culture
한강이 연 ‘소설의 시대’ 여전 …상반기 베스트셀러 1~3위 휩쓸어,Culture
“사람은 안 변한다?” 성령의 안경을 쓰면 기질의 약점도 꽃이 된다,Culture
[시니어그룹] 북한 안내통역원이 전하는 북한의 여행 실태,Culture
"""환자 몸에 줄이 사라졌다"" 병동 확 바꾼 AI 웨어러블 '씽크'",Culture
“단종에겐 전하지 못했지만 오늘날 우리에 건네는 얘기”,Culture
"별다방을 잃은 자리, 사랑방을 상상하다",Culture
뜨거운 햇볕에 낮 최고 33도…남부 곳곳 비 [내일 날씨],Culture
"“맹장 터진 줄” 정성호, 극심한 통증에 응급실行… 무슨 일?",Culture
“잘못했다간 동맥 파열” 정형외과 의사가 말리는 SNS 유행 운동,Culture
"골프와 수영의 공통점, 쉰 살 앞둔 물 속에서 깨달았다",Culture
[내일 날씨] 남부지방 곳곳 비…중부는 30도 넘는 무더위,Culture
"“기네스북 해상 전망대 편하게 오른다”…軍, 청라하늘대교 통제 15일 해제",Culture
“게임 속 NPC 해볼까”…롯데월드 알바에 4만명 몰렸다,Culture
[김용삼의 근대사] 항일 언론인 베델의 추악한 정체,Culture
[헤럴딥-백스테이지: 갈 길 먼 ‘모두의 클래식’] 5만원 vs 55만원…같은 공연인데 한국에선 왜 11배로 뛸까,Culture
"""한 병실서 남녀 함께 지내라니"" 잇단 반대에…복지부, 입원실 성별구별 폐지 방침 철회키로",Culture
"서울아산병원, 국내 첫 신장이식 8000례…35년간 말기 콩팥병 환자에 새 삶",Culture
"[날씨] 낮 더위 이어져, 서울 30도…제주·남해안 비",Culture
"""죽음의 유전자가 만성 스트레스 받은 뇌세포 살려""",Culture
"""한두 시간마다 생리대 갈 정도로 출혈 많으면 병원 가보세요""",Culture
"여름철 필수 식재료 소면, 끝까지 제대로 두고 먹는 법",Culture
욕실 청소 스트레스 줄이려면?… 미국서 화제 된 ‘게으른 청소법’의 정체,Culture
방 안으로 밀려난 청년들…'은둔'은 어떻게 삶이 됐나,Culture
"여름철 끈적해진 주방 기름때, 어떻게 청소하지?",Culture
"""성범죄·사생활 침해 우려""… 국민 반발에 입원실 남녀 분리 유지",Culture
[날씨체크] 6월 첫 주도 30도 안팎의 무더운 날씨···강한 자외선 유의,Culture
중고차 허위매물 막는다…남의 차 함부로 광고하면 과태료,Culture
[현장]파티하다 문 열면 공연장…인스파이어 스카이박스 가보니,Culture
"현대차, 하청 사용자성 판단 임박…완성차 노사 관계 변수 될까",Culture
“생존기간 두 배”…췌장암 치료 바꿀 알약 나왔다[노화설계],Culture
"경총 ""도요타는 노조가 먼저 생존전략 고민…한국 노사관계, 이익 분배에 갇혀""",Culture
"성과급부터 미래차 물량까지…완성차업계, 임단협 쟁점은",Culture
<19> 이정의 편지[석한남의 붓길따라 사연따라],Culture
대한민국 최초 연쇄살인마 김대두... 그가 두 달 간 17명 죽인 이유 [유석재의 악인전],Culture
“식습관·생활습관 개선해 신장 투석 횟수 줄이고 만성신장병 벗어나”,Culture
꽃가루 알레르기 시즌 빨라지자…'지르텍' 판매 한달새 69% 증가,Culture
"현대모비스, 인도 공장 화재로 일부 건물 전소…인명피해는 없어",Culture
"장강명 ""하반기 외부 일정 모두 취소…죄송하다""",Culture
올 상반기 베스트셀러 1위는 ‘프로젝트 헤일메리’,Culture
“찬물 샤워가 답 아니었다”…폭염 속 체온 뚝 떨어뜨리는 의외의 ‘이곳’ [헬시타임],Culture
"“비만약 3주차, 생리가 끊겼어요”…무성했던 부작용 루머, 진짜였다",Culture
"장산도에서 1박, 섬 한복판에서 만난 하얀 정원",Culture
"'신장이식 8000례' 돌파한 서울아산병원…""국내 최다 기록""",Culture
[자막뉴스] 바람 방향 바뀌며 서쪽 비상...태풍 비구름에 많은 비 예고,Culture
임금 ·처우 개선해달라더니...삼성바이오 이직률 1.9% 역대 최저,Culture
"[날씨] ""여름 시작부터 뜨겁다"" 내일 서울 33℃...태풍 비껴가도 제주·남해 호우",Culture
"[뉴스타임날씨] 6월의 시작, 낮 더위 계속…오전에 제주도부터 비",Culture
"안과 AI로 심혈관 잡는다…메디웨일, 기술·투자·영업망 '3박자'[문대현의 메디뷰]",Culture
현대모비스 인도 첸나이 공장 화재…현대차 현지 생산기지 ‘비상’,Culture
인간을 부속품처럼 쓰는 시대… 고 문헌은 달리 말했다,Culture
키보드 칠 때마다 찌릿찌릿...손가락 사용 어렵게 만드는 ‘이 질환’ 대처법은?,Culture
"“미국인들, 새벽 3시부터 줄섰다”…올영 美1호점서 고객 쓸어담은 화장품은",Culture
[약손+] 보존하고 완치한다···여성 건강의 적 ‘유방암’ ⑫유방 재건술,Culture
"4박에 단돈 5만원…비현실적인, 섬에서의 워케이션 [트래블ON]",Culture
“야한 기술보다 이게 중요”…여성 2590명이 답한 성생활 만족 조건 [라이프+],Culture
"말기 신부전 환자에 '새 삶'…서울아산병원, 국내 첫 '신장이식 8000례'",Culture
"폐경 후 갑상선암 여성, 지방간 위험 높아…예측모델 개발",Culture
'치매인 줄 알았는데'…걸음걸이 이상이 먼저 나타나는 정상압수두증,Culture
"낮에는 뱃놀이·밤에는 아트쇼…강릉, 체류형 관광으로 '활로'",Culture
"AI가 내놓는 신앙 답변, 얼마나 안전할까?",Culture
낡은 아파트의 노년부터 우주 쓰레기까지…사서가 고른 6월의 책,Culture
"미국인 '오픈런' 뛰게 한 올리브영, 이달 중 LA 2호점 출격",Culture
"“렉서스·도요타 다 합쳐도 BYD 하나 못 이겼다”…중국차, 일본차 첫 추월",Culture
광주 패밀리랜드 새 운영자 공모 유찰…재공모,Culture
‘K-헤리티지’의 힘…이제 궁·능 관람객 4명 중 1명은 외국인,Culture
현대모비스 인도 공장 전소…현대차 공급망 영향 촉각,Culture
"단 5분간 기도 받았더니...통증, 불안증이 뚝 줄어드는 놀라운 건강 효과",Culture
K타이어의 질주… ‘전기차·高인치’ 전략으로 깜짝 실적[자동차],Culture
[날씨] 한낮 30도 안팎 더위…내일까지 제주·남해안 비,Culture
척추질환 치료의 완성은 '재활'… 수술 후 관리가 회복 좌우,Culture
도로 흐름 읽고 충전… 길 막히자 모터 주행… 최고의 갓성비 SUV[자동차],Culture
"[날씨] 6월 여름의 시작, 한낮 더위 지속...제주 최고 150mm 호우",Culture
"대동맥판막협착증, 조기 치료로 생존율 높인다",Culture
종로 4가 창신육회에서 거인을 만났다,Culture
삼성바이오 노사 법정공방 2라운드…가처분 항고심 5일 열린다,Culture
절단 공포 끝나나? 달라진 당뇨발 치료법[밀당365],Culture
"일라이 릴리, 한미 GLP-2에 1조 9000억 원 베팅",Culture
기후위기가 바꾸는 전쟁의 목적…우크라이나 검은흙부터 북극항로까지,Culture
"12월 3일부터 이듬해 4월까지…""'광장 이후'는 왜 다시 위기에 놓이나""",Culture
"제주·남해안 내일 오전까지 많은 비…서울 33도, 남부는 체감 31도",Culture
"이경규가 이끄는 ‘차박원정대’…현대차, 월드컵 응원 콘텐츠 공개",Culture
숙소 예약했는데 갑자기 “돈 더 내라”…한국인 2명 중 1명은 이런 일 겪었다,Culture
‘피임’ 한다지만… 질외사정·월경주기법 의존 여전한 청년들,Culture
선생님은 병동의 오케스트라 지휘자 같아요,Culture
"서점 갔다 깜짝 놀랐다…책 한 권 '2만원' 시대, 참고서는 54% 폭등",Culture
"셀트리온, 코센틱스 바이오시밀러 'CT-P55' 캐나다 품목허가 신청",Culture
김연경도 피하지 못한 '혈당 스파이크'…예방하려면 '이 순서'대로 드세요 [헬스톡],Culture
"한미약품, 릴리에 단장증후군 신약 후보물질 기술이전…총 1.8조 규모",Culture
[오늘의 운세] 2026년 6월 1일 띠별 운세,Culture
"해외선 한번에 7만석…5만석 없는 韓, 축구장 빌려 공연[공연돔 없는 K팝 종주국]",Culture
"법원 ""부당해고…""업무능력 저조로 해고하며 ""경영상 이유"" 통지",Culture
"“쌍둥이 임신, 기쁨 두 배인 만큼 조심할 것도 두 배”",Culture
"""먹고 기운 내려다 힘빠지네""…삼계탕 한 그릇에 2만원",Culture
"매일 먹는 마늘인데…근육엔 직접 안 가고 '지방' 먼저 건드린다, 왜",Culture
"[날씨] 6월 시작, 30℃ 안팎 낮 더위...제주·남해안 '강하고 많은 비'",Culture
중국車 편견은 '옛말'...국내서 처음 日 제치고 '3위',Culture
불법 논란에도 효과는 확실? 서울아산병원 ‘약국 셔틀’ 1년,Culture
충분히 자도 계속 피곤한 이유?…뜻밖의 원인 찾았다[건강팩트체크],Culture
"월간산 추천, 6월에 걷기 좋은 길 4선",Culture
오늘 낮 최고 32도 한여름 더위...남부에 강한 비 ,Culture
“먹자마자 기분이 좋아진다” 주황빛 과육…‘노을 멜론’이 뭐길래,Culture
'만들어 먹어야 되나'…가성비 찾던 직장인들 경악,Culture
"""너무 매워 속 쓰려?""…꽈리고추 매운맛 확 낮추는 '이 방법' 나만 몰랐나?",Culture
"요거트 말고, 프로바이오틱스 풍부한 음식 4가지",Culture
명품 대신 과일잼 판다…29CM '1조 잭팟' 터진 비결 [장서우의 하입:hype],Culture
"[그 영화 어때] 유튜브 바이럴 영상의 공허한 허세, 영화 ‘백룸’",Culture
"""'하트시그널5' 그 일본 어디야?"" 요즘 뜨는 소도시 여행지 ‘도쿠시마’",Culture
"[날씨] 6월 첫날, 낮 더위 이어져...제주엔 '강하고 많은 비'",Culture
낙상 골절 어르신 10년 추적 조사…기대수명은?,Culture
"[출근길 날씨] 낮더위 계속, 서울 30도…제주·남해안 비",Culture
6월 첫 날 '최고 32도' 한여름 더위…제주 강한 비(종합),Culture
[날씨클릭] 전국 대부분 여름 더위…제주 120㎜ 큰비,Culture
BTS 공연 앞 10만원→75만원…방방 뛰는 숙박비 '정찰제'로 묶는다,Culture
"“분유 7번 바꿔도”…수유하면 다 토하더니 13개월 밖에 못산다 는 4개월 아기, 무슨 일?",Culture
[오늘의 운세] 2026년 6월 1일 별자리 운세,Culture
"호두로 인지기능 높이려면, ‘이때’ 먹는 게 좋다",Culture
"""ADC 다음은 방사성의약품?""…K-바이오 새 먹거리 부상",Culture
"'낮 최고 32도 안팎' 한여름 더위…모기 물렸을 뿐인데 두드러기 증상, 대처법은? [오늘 날씨]",Culture
"이영지, 사전투표 날 빨간옷 논란에…""경솔한 행동 죄송""",Culture
태풍 일본 향하지만…제주 집중호우 '강한 너울',Culture
"""한 잔만 마셔도 얼굴 빨개""…김남길 고백한 '음주 홍조' 뭐길래 [헬스톡]",Culture
"中 테슬라 차주 “FSD 믿고 샀는데 광고와 다르잖아”…테슬라, 9억 손배소 휘말려",Culture
“에어컨 끄고 또 눌렀다면?”…전기료 아끼려다 곰팡이만 키운다,Culture
피로·우울감 계속된다면… 다발성경화증 의심 필요,Culture
전국서 흐려도 무더위는 계속…강한 자외선도 주의[오늘날씨],Culture
전자담배가 덜 해롭다고?… “폐도 심장도 위험”,Culture
수억대 선인세…K북 해외판권 잇단 잭팟,Culture
이스라엘 모사드가 아르헨티나서 납치… 재판 후 처형 ‘나치 전범’ 아이히만,Culture
"“집에서 운동해도 충분히 효과 보는 법” 김수미, ‘이것’ 추천하던데?",Culture
"[단독] 김홍도가 그린 금강산 초본 찾았다, 전성기 엿볼 보물급",Culture
“첨성대는 은하수왕 내려온 신궁”… 고대 우주관 정립한 15년 집념,Culture
조선 과거제는 능력주의였을까? 500년 급제자 1만 4천명 분석해보니,Culture
"[칼럼] 3대 공공 발레단 예술감독 자격, 정치적 ‘코드’ 아닌 ‘전문성’ 먼저",Culture
"“뇌에 염증 유발” 신경과 의사가 꼭 끊으라는 ‘이 음식’, 뭐지?",Culture
"""폐업 고민했었는데, 매출 3배""...'부산병' 손님, 바글바글",Culture
인스타 하는 재계 임원 “신앙과 기업 연결 가교 역 희망”,Culture
[가정예배 365-6월 1일] 하나님은 침묵 속에서도 일하신다,Culture
"[박종순 목사의 신앙상담] 금요철야 기도 권유, 어떻게 할까요",Culture
"“아침에 마시면 변 딱딱하게 굳는다”… 약사가 꼽은 ‘변비 주범’, 뭘까?",Culture
"[빅데이터가 점지한 오늘의 운세] 2026년 6월 1일 월요일(음력 4월 16일, 병오일)",Culture
"[날씨] 강릉 벌써 열대야, 역대 3번째 이른 밤 더위",Culture
“책 사러 서점 갔다가 깜짝 놀랐다”…한 권에 2만 원 시대 코앞,Culture
“날씬한데 아랫배만 볼록해”… 중년 뱃살도 쏙 빠지는 음식 5가지,Culture
K팝 스타는 많은데 공연장이 없다… 대관 못해 공연 줄이기도,Culture
"신라 금관, 풀리지 않는 비밀… “머리에 썼나, 얼굴에 덮었나”",Culture
[TV조선] 전신 노화 시계를 늦춰라,Culture
"‘46kg’ 한혜연, 50대에 뱃살 나잇살 없는 비결?… “‘이 운동’ 삼매경”",Culture
"43세 男, 식단 ‘이렇게’ 바꾸고 27kg 뺐다… 비결 보니?",Culture
그로구 귀여움에…스타워즈 모르는 젠지도 빠졌다,Culture
"스타벅스 5·18 마케팅 논란, 사안 본질 파고드는 분석 필요",Culture
[강헌의 히스토리 인 팝스] [315] 케네디센터에서 철거되는 ‘트럼프’,Culture
[민태기의 사이언스토리] ‘여왕벌’과 ‘수벌’로 시작한 드론의 100년 역사,Culture
"식품업계 대표들 줄구속 사태…거짓말에 휘둘린 ‘우지파동’, 책임은 누가? [미담:味談]",Culture
"“꽈배기 다른 곳에선 못 먹으니까”...K베이커리, 美매장 500개 달성",Culture
“가슴 크다고 남자들이 성추행” K컵 여성 고통받다 결국… 유방축소술 수천만원에도 英서 인기,Culture
“요거트에 넣어 먹어” 해외서 난리난 ‘이것’…체중 감량·암 예방까지,Culture
"올여름, 찜통 위에 물폭탄 얹나…역대급 '이중고' 예고",Culture
알수록 놀라운 김치 효능…장내 미세플라스틱 배출 가능성 확인,Culture
부글부글 가스 차고 빵빵한 배…뜻밖의 ‘이 음식’ 때문?,Culture
"한밤중 ‘어지럼증’…응급실 갈까, 아침까지 기다려?",Culture
[날씨] 6월 첫날도 덥다…자외선 지수 '매우 높음',Culture
태풍 '장미' 한반도 비껴간다…일본 향해 북상,Culture
“전자담배 피우면 살 빠진대” 진짜?…연구결과 봤더니 반전 [헬시타임],Culture
월요일부터 초여름 더위…2일부터는 비[내일날씨],Culture
"""배 아프고 토하더니""…13세 소녀, '이것' 때문에 2주간 혼수상태, 무슨 일?",Culture
5월에 찾아온 '폭염·열대야'⋯월요일 낮 최고 '32도',Culture
"[날씨] 6월 첫날, 때 이른 더위…제주·남해안 비",Culture
[7시 날씨] 내일도 더위 계속…강한 자외선 주의,Culture
“나이 들수록 먹기 싫어도 무조건 먹어라”…‘이것’ 부족하면 걷기도 힘들어져 [헬시타임],Culture
"온열질환, 폭염 속 어지럼증도 응급신호 [9988 프로젝트]",Culture
"고환율에 괌 여행 망설였다면…투어비스, 항공권 10만원 할인 ‘승부수’",Culture
"살빼는 ‘방방이’ 탄 60대女...뼈 골절 탈골에, 무서운 합병증까지?",Culture
"""잠 못 자는 50세 이하, 암 발생 위험 커진다""",Culture
“엄마 카드 써도 증여세 낼 수 있어요”…상속 등 절세 오해 바로잡는다,Culture
5월에 찾아온 '폭염·열대야'…월요일도 낮기온 30도 안팎,Culture
무더위로 시작하는 6월…최고체감온도 31도 안팎 예상,Culture
"일요일 평화를 깬 경고음, 자나깨나 '조심'해야 하는 것",Culture
어르신들만 백내장? 눈 다치면 젊은층도 예외 아니다,Culture
"""20세기 '갑부 도시' 디트로이트가 전 세계서 모은 명작 감상하세요""",Culture
"“맹장 아니었다” 정성호, 극심한 복부 통증에 응급실행… 무슨 일이?",Culture
똑똑해진 그랜저…말로 창문 열고 맛집 검색도,Culture
고기 싫어서 안 먹었더니…영양제로 해결하다 위험에 빠지는 경우?,Culture
"‘이것’ 적게 먹는 노인, 걷기·장보기 힘들어진다",Culture
"""샤워부터 하지 마세요""…폭염에 체온 빨리 낮추는 뜻밖의 부위",Culture
“진료기록은 AI로 다 보내놨어요” 큰 병원 가는 시간 확 줄인다,Culture
"美 건국 250주년 공연, 일부 가수들 보이콧 선언… 트럼프 ""내가 직접 출연""",Culture
저가 커피에 스틱커피까지…고환율에 줄줄이 오르는 커피값,Culture
"[날씨] 내일, 6월 시작부터 여름 더위...당분간 예년보다 더워",Culture
"난임으로 고통 받는 여성 늘어나… “입안 염증 관리 중요”, 어떤 이유?",Culture
[날씨] 전국 30도 안팎 여름 더위…큰 일교차 유의,Culture
"“전립선암 뇌 전이” 70대 男, 겪은 증상 봤더니?",Culture
"“수억 헌금 어디 썼나요”… 교회 재정, 신뢰부터 샌다",Culture
“이 그랜저는 그 그랜저가 아닌데?”…확 달라진 뉴그랜저 타보니,Culture
"“살이 갈수록 빠져”…48kg 송지효, 운동 없이도 살 뺀 비결은?",Culture
"“떡볶이 먹으니 피곤” 김연경 겪은 이 증상, 위험하다는데?",Culture
[날씨] 휴일 30도 안팎 더위…강한 자외선 주의,Culture
[날씨] 내일도 30℃ 안팎 낮 더위 계속...당분간 예년보다 더워,Culture
"""섬유유연제 냄새가 안나"" 아들 전화에 엄마가 알아챈 것",Culture
"정상에 숟가락이 있는 산, 동해안 경치가 끝내줍니다",Culture
"""독감백신도 초고령 맞춤형으로"" 여야·노인단체 모두 꺼낸 '고면역원성 백신' 카드",Culture
기분 좋으려고 마셨는데 병원으로?…의사들 “당장 멈추라”는 이 습관 [헬시타임],Culture
"[날씨] 휴일 맑고 더워…서울 30도, 포항 34도",Culture
무더위에 지친다고요? ‘이 과일’ 챙겨 드세요,Culture
경비 절반 돌려받는 ‘대한민국 반값여행’…굴비의 고장 ‘영광’으로,Culture
"물 너무 많이 마셨더니…심장, 신장 이상으로 고생할 수도",Culture
폭염에 이곳부터 식힌다…체온 뚝 떨어지는 '비밀 지점',Culture
"""운동 열심히 했는데 오히려 독""…60세 이후 피해야 할 습관 4가지",Culture
[날씨] 전국 30도 안팎 여름 더위…자외선·오존 주의,Culture
“완전자율주행? 허위 광고” vs “일부 기능 구현”…테슬라 차주들 ‘집단소송’ 왜?,Culture
"“장이 일직선이야?”…밥 먹고 바로 대변, 정상일까?",Culture
"[날씨] 5월의 마지막 날, 낮 더위 계속...서울 30℃·강릉 34℃",Culture
“치명적으로 귀엽다”…스타워즈 구원투수 떠오른 ‘베이비 요다’,Culture
초코파이도 찔끔 먹던 신수지 “이젠 맘껏 먹고 행복하게 운동해요”[이헌재의 인생홈런],Culture
“참치회 맛 난다” 토마토 맛있게 먹는 ‘의외의 조합’,Culture
"동료와 격한 말다툼 뒤 숨져…법원 ""업무상 재해"" 인정",Culture
"""손 안 씻고 나오나요?""…공중화장실 감염 줄이는 법 [헬스톡]",Culture
"‘이 간식’ 정말 맛있지만… 의사 “혈당 치솟고, 혈관 좁아져” 경고, 왜?",Culture
"박지훈, 항상 ‘이것’ 챙겨 다녀…당뇨 막고 치매까지 예방한다고?",Culture
"[날씨] 올해 강릉 첫 열대야, 낮에도 여름 더위...강한 자외선·오존 주의",Culture
“먹고 싶은 대로 먹고 운동하면 된다고?”...다이어트 망치는 잘못된 속설들,Culture
맥주가 밥줄이었던 남자가 '뒷방'을 연 순간 벌어진 일 [윤한샘의 맥주실록],Culture
"약 먹으면 괜찮던 허리 통증, 알고 보니 암… 英 방송인 겪은 일 보니?",Culture
레이싱 체험에 게임 입혔다…재방문 부르는 9.81파크의 ‘몰입 공식’,Culture
당신은 ‘열망형 잡동사니’를 안고 사나요?…이것부터 버리세요,Culture
“과식하면 머리도 잘 안 돌아가”...‘이런 습관’ 못 버리면 뇌 손상될 수도,Culture
계란 ‘여기’ 넣지 마세요…포장 용기 그대로 보관해야 하는 이유,Culture
[약손+] 보존하고 완치한다···여성 건강의 적 ‘유방암’ ⑪유방암 수술적 치료-액와부 수술,Culture
“개운해서 좋았는데”…탈모 부르는 의외의 여름 습관은?,Culture
“숙취 싹 사라진다”… 짬뽕 대신 ‘이것’ 먹어보자,Culture
"일본 향하는 태풍…한반도는 34도 더위, 첫 열대야",Culture
아삭한 죽순의 반전…‘이렇게’ 먹으면 오히려 위험[알쓸톡],Culture
“왜 안 꺼져” 에어컨 전원 두 번 ‘강제종료’=최악습관…전기료 아끼려다 건강 놓친다,Culture
"亞 최초로 한국 온 데미안 허스트, 한달 뒤 끝나는데…돈값 했을까?",Culture
“선크림 꼭 발랐는데 기미 생겨?”… ‘이렇게’ 발라야 진짜 효과 나온다,Culture
“탈팡했다 말만 하고 다 쓰더라”…쿠팡 매출 끄덕없게 만든 진짜 이유는,Culture
"""다시는 못 할 것 같다""…박미선 항암 16번, '림프절 전이'가 뭐길래 [헬스톡]",Culture
우유·달걀·생선 덜 먹는 노인… “더 빨리 못 걷게 될 수도”,Culture
"“헛헛할 때 먹는다” 한고은 추천한 ‘이 음식’, 뭐야?",Culture
"[돈+Cars] 출근길엔 효율, 주말엔 질주…카이엔 S E-하이브리드 쿠페",Culture
"'뉴 그랜저' AI에게 ""지방선거 어디 찍을까"" 물어봤더니…",Culture
[타보고서] 플레오스 품은 그랜저…미래는 봤지만 사용성은 숙제,Culture
"현대차 AI 글레오에 물었다…오세훈이야, 정원오야? [타봤어요]",Culture
'아빠차' 아니었어?…'판매량 1위' 4050 여성들 푹 빠진 車 [신차털기],Culture
"[시승기] “글레오, 창문 열어줘”… AI 탑재한 ‘국민 세단’ 더 뉴 그랜저",Culture
"[황지향의 CAR톡] ""기다리길 잘했는데?""…신차급 변화 '그랜저' 타보니",Culture
"[시승기] '국민 세단'의 진화, AI로 똑똑해진 '더 뉴 그랜저'",Culture
"""글레오, 창문 닫고 에어컨 켜줘"" AI 탑재로 진화한 '더 뉴 그랜저'",Culture
"[타보니]""말이 통하는 AI와 달린다"" SDV 품은 '더 뉴 그랜저'",Culture
허가병상수 기준 감염관리료에 지역병원 '울상',Culture
“뜨밤 보내다 응급실行”…관계 중 가장 많이 다치는 순간 [라이프+],Culture
"국물도 없고 양도 적어서 ""한 봉지쯤이야"" 했다가 '깜짝'…비빔면의 반전 [맛잘알X파일]",Culture
‘기생충→케데헌’까지… 한국 영화 성장의 주역들,Culture
"“싹난 감자, 바나나 껍질 버리면 손해”…생활 속 재활용 방법 3가지",Culture
"[헬스토크] 없는 물체 보이는 '비문증', 망막박리 탓일 수도",Culture
[르포] 하회마을부터 찜닭골목까지…안동에 번진 '정상회담 특수',Culture
"[르포]""땡큐"" ""셰셰"" 폐업 고민하던 식당, 매출 껑충...외국인 몰리는 부산",Culture
"""뜻밖의 결과에 깜짝"" 좋은 줄 알고 넣었는데…영양소 84% 날려버린 '이 과일'[실험노트]",Culture
"""아빠, '티니핑車' 보러 가요""…한 달새 10만명 몰린 '핫플'",Culture
"공복에 좋다는 사과·블루베리 먹었는데… 결국 탕비실 갔다, 왜?",Culture
위스키·코냑이 세계 무역전쟁의 단골 표적이 된 이유,Culture
"몰염치했던 서울 집주인, 그와의 두번째 만남 [.txt]",Culture
뼈 건강에 좋대서 챙겨 먹었는데…칼슘 보충제의 배신[일터 일침],Culture
큰 심장 혈관 막히면 더 위험? 통념 깨졌다 [헬시타임],Culture
"“아무것도 하기 싫어”…‘침대 좋아’ 당신, 무너진 의욕 되살리려면",Culture
"""시간은 우리 편""이라던 미국은 왜 북한 비핵화에 실패했는가",Culture
이성계가 고뇌 삭이던 절...숭유억불이 삼킨 양주 회암사 [배기동의 고고학 기행+],Culture
그 시절 버스 안내양에게 인권은 있었을까 [주말 詩 한편],Culture
중동전쟁에 중고차 수출 29%↓…영세 수출업자 울상 대기업도 타격,Culture
"[날씨] ""올여름 폭염·열대야 더 심해""...내일부터 폭염중대경보 시행",Culture
"47세 채연, 아직도 흰머리 안 나… ""밥에 '이것' 넣어먹은 효과"", 뭘까?",Culture
"""거의 지방 덩어리, 동맥 막혀""…심장내과 의사가 절대 먹지 않는다는 식품들은?",Culture
"“폐경, 석류 먹는다? 그게 최악” 암 걸린다던 호르몬 치료 반전",Culture
초록불에 진입했는데 웬 과태료? 교차로 ‘꼬리물기’의 함정,Culture
당신도 미친듯이 돈이 많아진다면…결국 ‘영생’으로 눈 돌립니다 [Book],Culture
"형·누나·어머니 줄초상 고통에…오만한 건축가, 겸허함을 배웠다 [Book]",Culture
"“여자는 집에서 살림하는 게 맞지”…이런 사람, 주변에도 꽤 있습니다 [Book]",Culture
"“소년은 아버지의 김밥이 가장 좋았다”…잡초밭 독학 골퍼 김민규, 450억 '억만장자 리그' 입성기",Culture
‘까마귀에 시체가 뜯기고...’ 국군 반란 주동자의 최후 [호준석의 역사전쟁],Culture
"“다이어트에 좋아” 고소영, 아침에 ‘이 음식’ 먹던데… 뭐지?",Culture
"“불 끄고 딱 10분만 봤는데”…어둠 속 스마트폰, 눈 건강부터 흔든다",Culture
“살얼음 육수 다 비우셨나요?”…냉면 한 그릇에 하루치 나트륨 담겼다,Culture
"""피 한 방울로 치매 잡는 시대 온다"" 서울대 의대 교수가 권하는 조기진단 관리법[건강비책]",Culture
다산 정약용이 탈출 도왔지만… 자수해 순교한 중국인 신부 주문모,Culture
"“내장지방 오히려 늘어난다” 다이어트 중 흔히 하는 실수, 뭐야?",Culture
"아몬드 껍질, 벗겨내? 말아?",Culture
"“입에도 대지 말아야” 살빼려면 가장 먼저 끊어야 하는 ‘이 음식’, 뭘까?",Culture
“먹고 싶은 것 먹으면서 살 빼” 금나나 교수 추천한 ‘황금 균형’은?,Culture
"‘10kg 감량’ 홍현희, 무조건 살빠지는 식단?… ‘3가지 조합’ 혈당에 최고?",Culture
"“중년 군살 싹 잡는다” 차인표 짬 날 때마다 한다는 ‘운동’, 뭐야?",Culture
"""중년 뱃살, 굶어도 안 빠진다면?""…40대부터 꼭 챙겨야 할 '이 음식' 5가지",Culture
하루에 방귀 30번 뀌어도 정상일까?,Culture
"'낮 최고 33도' 맑고 더위 계속…벌 쏘임 후 호흡 곤란, '아나필락시스 쇼크' 뭐길래 [오늘 날씨]",Culture
"""뚱뚱해서 안 됩니다""⋯굴욕 당한 女, 1년 만에 63㎏ 감량한 비결은? [헬스+]",Culture
[오늘의 운세] 2026년 5월 31일 띠별 운세,Culture
술도 안마시는데 젊은여성들 암 폭증…뜻밖의 ‘이 공통점’ 있었다,Culture
췌장암 놓쳐 사망한 50대… ‘이 증상’ 간과했다,Culture
“50대 넘으면 ‘이것’ 먹지마세요”…응급실 의사가 경고하는 치명적 음식,Culture
피부 망치는 지름길…샤워할 때 ‘이 습관’ 피해야 하는 이유,Culture
"선풍기 괴담, 사실이었어? 이비인후과 의사 경고 나왔다",Culture
고기만 먹는다고 근육 안 는다…전문가가 꼭 먹으라는 '이 영양소',Culture
"1인당 28억씩 받는다…로또 1등 10명 당첨, 판매점은 어디?",Culture
“두피에도 선크림 발라야 하나요?”…탈모 치료 권위자의 경고 [의사소통],Culture
당신이 좋아하는 '치맥'… 그 나쁜 유혹 [박창희의 비만 Exit],Culture
"<10> 화랑세기의 재발견, 신라를 다시 묻다 [신화에서 선민까지 한민족 정체성의 문화사적 발견-기고]",Culture
무가치함과 싸우고 있는 재수생 딸에게 하고 싶은 말,Culture
“매일 ‘이것’ 3번 먹었다” 세포 나이 23년 젊어…117세 세계 최고령자 몸 분석했더니,Culture
“당뇨병 발생 위험 높다”… ‘이런 체형’ 조심하라는데?,Culture
"'송이연 50살', 막장 웹툰인 줄 알았는데 지독한 문학이었다",Culture
"‘16kg 감량’ 윤승아, 김밥도 그냥 안 먹는다? “‘이것’ 넣은 특제 다이어트 김밥”",Culture
복대·찜질·걷기…허리통증에 ‘독’ 될수도 [건강칼럼],Culture
바지 헐렁해졌다고 미소 짓다간… 내 몸의 '포도당 공장'이 문 닫고 있다 [몸의 오프더레코드],Culture
"입원한 30대女, 마약진통제 써도 두통 심해져... ‘커피’ 끊은 탓?",Culture
'피로가 싹~' 뜨거운 물 샤워만 했는데…전문가 뜻밖의 경고 [건강!톡],Culture
암 재발 소식을 듣고 처음 한 일,Culture
‘몰입감 최고’ vs ‘전쟁이 장난이냐’…‘콜옵’ 신작이 소환한 게임의 윤리,Culture
"“근육 만들려 먹어?”... 고기와 콩, 장 세포도 회복 시킨다",Culture
아픈 딸 둔 아빠에게 ‘2500원 중고차’ 넘긴 김선태…트렁크에 ‘깜짝 선물’까지,Culture
101세 할머니가 밝힌 장수 비결… 역시 ‘이 운동’,Culture
전두환 사면이 尹 계엄 꿈꾸게 했다? 김대중은 대체 왜 전두환을 사면했나[프레시안 books],Culture
고증 오류·역사 왜곡 ‘21세기 대군부인’의 또 다른 문제들,Culture
“강아지는 괜찮다” vs “사람과 다르지 않아”… 햇볕에 화상 입을까?,Culture
자전거가 무릎에 좋다고? ‘이것’ 모르면 무릎 나간다,Culture
"""욕실에 있다면 당장 버려라"" 약사가 알려준 '최악의 염증 물질' 네 가지",Culture
"강남, 포켓몬카드 구입에 5000만원 썼다 “최악의 남편”",Culture
"""40대 아저씨는 로션만 발라도 된다더니""…김 과장의 배신 [오세성의 탈아재]",Culture
법흥사 주지 '대웅당 삼보 대종사' 영결·다비식 엄수,Culture
"왕창 먹는데 47kg 유지? 김윤지, 출산 후에도 날씬 몸매 비결 보니",Culture
“샤워 ‘이렇게’ 하면 절대 안된다”…심장마비·뇌졸중 온다는 경고 [헬시타임],Culture
"“잠 자주 설쳤더니 살 쪘어요”…잠 잘 자야 혈당, 체중 줄인다",Culture
"간판만 지방 이전…길바닥에 버리는 혈세 122억 [반쪽짜리, 지역 문화 이식②]",Culture
만 원어치 채소로 만든 저장식품 세 가지,Culture
“주말 몰아서 운동” 심장은 괜찮을지 몰라도… ‘이곳’은 비명 중,Culture
"'관악산 오픈런' 2030, 이번엔…""이 팔찌 차면 운 트인대요"" [트렌드+]",Culture
“레몬보다 비타민C 10배” 화장품 원료 직접 먹는 40대 동안 비결 알고보니,Culture
“진작 쓸 걸 그랬네”…의사들이 칫솔질 말고도 무조건 하라는 ‘이 습관’ [헬시타임],Culture
"‘800만 신의 나라’ 일본서 외친 “잇츠 오케이, 위드 지저스”",Culture
더위 식히는 빠른 방법… ‘이 부위’ 차갑게 하세요,Culture
"“심적 시련으로 무너진 몸과 마음, 초월명상으로 다시 세웠죠”[양종구의 100세 시대 건강법]",Culture
"""여성은 원래 약하다""? 선사시대 유골이 말해주는 진실",Culture
"[날씨] 다시 낮 더위, 일요일 30℃ ↑...태풍 비껴간다",Culture
"“당장 내일부터 먹어야겠네”…‘이것’ 안 지키는 사람, 우울증 위험이 무려 [헬시타임]",Culture
"[날씨] 5월 마지막 주말, 맑고 덥다...서울 28℃·대구 32℃",Culture
새벽에도 '잠 못드는 밤'…불면증 환자 4년새 11만명 늘었다,Culture
도대체 몇 살이지?...유독 어려 보이는 사람들의 노화 방지 비결,Culture
아이스크림 대신… 아이와 집에서 ‘이것’ 만들어 먹어요,Culture
"항문에 '이것' 넣었다가...""대장 뚫렸다"" 40대남성 엽기행위 충격[한 장으로 보는 건강]",Culture
"욕실 환기 팬, 계속 돌리면 역효과…‘이때’만큼은 꺼야 곰팡이 파티 막는다",Culture
[이슈진단+] 중국은 3분 배터리 교체 경쟁…현대차가 구독형 택한 이유,Culture
"'애플 감성' 담은 페라리 첫 전기차, 7월 성적표 주목",Culture
“텀블러 물만 넣었는데 왜 냄새나지”…원인 중 하나 ‘바이오필름’이란?,Culture
‘쌀’ 박박 씻는 건 옛말…‘전분층’ 보호하며 맛난 밥 짓는 법,Culture
"“끓인 보리차, 상온에 식히면 위험”…여름철 식중독주의보",Culture
오이는 냉장고 넣으면 안 된다?… 의외로 상온 보관이 적합한 채소들,Culture
"피로, 손발 저림, 집중력 저하...‘이런 음식’ 먹어 비타민B12 섭취 필요해",Culture
콩나물 봉지째 냉장 보관?…“빨리 상하는 이유 이거였네”,Culture
"강남역 여성살해 10주기, 성교육은 얼마나 달라졌나 [.txt]",Culture
"‘불닭면 15봉지 9분컷’ 美유튜버, 다음 목표는 한국의 OOO [이설의 한입 스토리]",Culture
사람처럼 호르몬 이상?…‘노령견’ 그냥 넘기면 안되는 ‘이 증상’,Culture
"도쿄돔은 병뚜껑까지 분리… '종합 쓰레기 산' 잠실과 달랐다 [최다 관중의 그림자, 야구장 폐기물]",Culture
"""혈당만 보는 시대 끝""…오젬픽이 바꾼 당뇨 치료 공식 [약전약후]",Culture
"“벌써 물렸다” 모기, 낮에 숨어있는 ‘의외의 장소’ …집 안 사각지대 확인하세요",Culture
"""결심만 몇년째…올해도 못 끊어"" 반복된 금연 실패, '이것' 때문?",Culture
"음식 라벨 칼로리, 믿어도 될까?… 당신이 흡수하는 ‘진짜 칼로리’ 따로 있다",Culture
운동에 과하게 집착했더니 면역이 무너졌다 [박민선의 건강톡톡],Culture
유방암 새로 발병 과반이 60대 이상,Culture
"대부분 예후 좋다고, 모든 갑상선암이 ‘착한 암’일까[톡톡 30초 건강학]",Culture
인간의 무관심이 우리를 살게 하지 [임보 일기],Culture
"""악마 그린 죄 용서해 주세요""…밤마다 간절히 빈 남자의 최후 [성수영의 그때 그 사람들]",Culture
"“냉동 블루베리가 더 좋다?”…생과일보다 영양 더 높다는 뜻밖의 이유, 왜?",Culture
"“염증 유발한다” 화장실에서 당장 버려야 할 ‘3가지 물건’, 뭐지?",Culture
"[헬스토크] ""끼니 거르면 우울 위험 1.5배…불규칙 식사도 위험""",Culture
“넌 지옥에 떨어질 거야”…독설로 일본을 사로잡은 점술사의 비밀[오마주],Culture
"""그냥 담 온 줄 알았는데""…24시간 안에 생사 갈리는 ‘이 질환’[콕!건강]",Culture
"“다리 저릿하더니”…세균 감염 후 못 걷게 된 60대 女 ‘이 병’ 진단, 뭐길래?",Culture
"시인 이안, 블랙리스트 배상금 1300만원으로 ‘집 나간 동시’ 다시 품다 [.txt]",Culture
"“암 위험 낮춘다” 기네스 팰트로 푹 빠졌다는 ‘이 채소’, 뭐야?",Culture
맞는 말 했는데 “너 T야?”…밀려드는 외로움 [.txt],Culture
오늘부터 머리카락을 지키는 사소한 습관은? [안철우 교수의 호르몬 백과사전],Culture
"""포켓몬 잡다가 쓸개 뗐다""…환자복 입고 근황 전한 유병재, 무슨 일? [헬스톡]",Culture
물 한 잔 마시고 햇빛 10분…몸속 염증 막는 아침 습관 6가지,Culture
"55세 고소영, 치매 걱정에 아침마다 ‘이것‘ 꼭 실천…뭘까?",Culture
"中 PHEV 공세에 무역 장벽까지… 현대차·기아, 유럽서 ‘이중고’",Culture
“스무디에 바나나 섞지 마세요”…심장·뇌에 좋은 물질 흡수 방해한다,Culture
[한동하의 본초여담] 부인은 임신을 한 것이 아니라 귀태(鬼胎)였다,Culture
지커가 뚫으면 덴자도 온다…韓 고가 전기차 시장 노리는 中 브랜드,Culture
"일본 출국세 3배, 유럽 입국절차 변경…""여름휴가 전 꼭 확인하세요"" [여행 라이브]",Culture
"정용진, 리치 이기, 이준석 - 주류가 된 일베 멘탈리티의 삼위일체[위근우의 리플레이]",Culture
"""답이 넘칠수록 삶은 더 쉽게 흔들린다""… 소크라테스식 질문과 인지행동치료의 접점",Culture
"'낮 최고 32도'·자외선 지수 '매우 높음'…더운 날 산행, '이것' 주의해야 [오늘 날씨]",Culture
"급성골수성백혈병, ‘유전자 특성’ 맞춰 재발 발생률 낮추다 [건강한겨레]",Culture
"“달아서 피했는데”…수박, 혈당 걱정된다면 ‘양’부터 보세요",Culture
"‘12kg 감량’ 다영, 아침에 ‘이것’ 먹던데… 뭘까?",Culture
"“달걀, 문칸이냐 안쪽이냐”…결국 답은 ‘온도’였다",Culture
1만6천회 유방암 수술 의사…“만원 거지” 자처하는 사연 [건강한겨레],Culture
역사·언어·철학·문명 비평까지… 매년 2~3권 책 출간 수학자 김용운,Culture
"""아빠 담배 냄새 나""…연초 끊고 전자담배? 위험은 '여전' [엑스레이]",Culture
"“과다 출혈 올 수도” 매일 먹는 ‘이 채소’, 끊어야 할 때 있다는데?",Culture
[헬스&라이프] 에어컨 틀자 눈 뻑뻑하고 침침…초여름 '안구건조증' 비상,Culture
"윤혜진, 늘씬한 이유 있었네… 건강식으로 ‘이것’ 먹던데?",Culture
[가정예배 365-5월 30일] 남의 불행을 기뻐하지 않는 믿음,Culture
"“술 마셔도 내장지방 줄었다” 안선영, 체지방만 3kg 뺀다는데… 비결은?",Culture
“결혼예배 때 성찬식… 청년들 축복의 시간 누렸으면”,Culture
"[빅데이터가 점지한 오늘의 운세] 2026년 5월 30일 토요일 (음력 4월 14일, 갑진일)",Culture
"“천연 위고비 효과”… 의사가 꼽은 ‘이 음료’, 정체는?",Culture
[책의 향기]힙한 유머 뒤엔 증오의 비수가…,Culture
팹리스? 파운드리? 반도체 산업의 모든 것[곽재식의 안드로메다 서점],Culture
"“스위스나 갈까”… 존엄한 죽음인가, 절망적 포기인가",Culture
정치 팬덤 주도자·극단 유튜브들이 ‘반쪽 진실’ 만든다,Culture
[TV조선] 지방선거 막판 판세는?,Culture
혈액 순환에 좋다는 ‘징코’ 항혈전제 대신 먹으면 안 돼,Culture
미국은 왜 북한 핵무장 억제에 실패했나,Culture
“주방에 ‘이 물건’ 있다면 당장 버리세요”… 화학자가 ‘간 망가진다’ 경고,Culture
"""간병하다 지쳐 울고 또 울어""⋯140㎏까지 불어난 女, 77㎏ 감량 어떻게 했나? [헬스+]",Culture
다이어트 중이라면 꼭 읽어야 할 '단백질 100g 법칙',Culture
① 여의도 ‘고구마런’···사이다 같은 한강·샛강을 곁들인 '고구마 한 바퀴'[뛸지도],Culture
‘의외의 증상’ 겪고 담도암 진단 받은 女… 무슨 일?,Culture
[날씨] 주말 맑고 한낮 여름 더위…자외선·오존 주의,Culture
"러닝고글, 머리띠로 사용한다고요?…“45년 한국인 얼굴 분석해 만든 선글라스는 달랐다”",Culture
“다이어트 ·혈당 관리에 좋아”…여름에 열무김치 먹어야 하는 이유 5가지,Culture
"""전자레인지 돌리면 영양 반토막?""…의외로 조심해야 할 '이 음식' 5가지",Culture
"“50세 이후 절대 먹지 마라” 의사가 경고한 ‘패혈증 위험 음식’, 뭐야?",Culture
지예은도 투병 고백한 ‘이 암’…2030 늘어나자 의사들 “식단 당장 바꿔라” [헬시타임],Culture
보물 품었던 월광사 실체 드러나…서울 간 탑비 돌아올까?,Culture
"[날씨/XR] 5월 마지막 주말, 맑고 더워…낮 최고 32도",Culture
"“왼쪽 시력 실명?” 앤 해서웨이, 10년 전 ‘이것’ 진단…무슨 일?",Culture
"""한국에 이런 곳이?""…30초 만에 '인생 여행지' 찾은 비결 [트래블톡]",Culture
“호흡 곤란 오기도”… 약 ‘이렇게’ 먹으면 위험하는데?,Culture
[날씨] 당분간 맑고 더워‥'한낮 자외선·오존 주의',Culture
"혈당·혈압·콜레스테롤, 매일 ‘이것’ 조금 덜 먹으면 개선된다",Culture
[날씨] 내일 맑은 날씨 속 낮 더위…자외선 강해,Culture
"""50cm 장어가 직장 뚫고 들어가"" 급성 복막염 쇼크 발생… 대체 무슨 일?",Culture
“아이 원한다면 멈춰야”…정자 해치는 나쁜 습관 3가지,Culture
“오늘 밤부터 샤워 온도는 딱 ○○.○℃”…심장마비·뇌졸중 피하려면,Culture
사람들과 '손절'하면 해방될까 [이지은의 신간],Culture
최선희 “내가 미국인이라면 평양에 맥도날드부터 열겠다”,Culture
태풍 '장미' 일본 오사카 앞바다로 방향 틀어…한반도 영향 피할 듯,Culture
아침 공복에 먹는 양배추 vs 브로콜리…가장 주의해야 할 점은?,Culture
단백질 파우더에 타면 안 되는 보충제 5가지,Culture
돈으로 죽음을 정복하려는…실리콘 밸리의 억만장자들[북스&],Culture
"“이러니 말랐지”…윤혜진, 딸과 먹는 ‘살 안 찌는 고기’ 뭐길래?",Culture
주변에 뭐라도 팔아보며 '창업전 자기검증'을,Culture
"주말에만 맥주 18캔 마신 40대男...급성췌장염에 합병증까지, 왜?",Culture
"""술 깰 때쯤엔 이미 늦었다""… 금요일 밤, 당신의 '남성성'이 영구 훼손되는 순간 [몸의 오프더레코드]",Culture
"“여름마다 찾는 이유 있었네” 매실, 건강 효과 살펴보니",Culture
"[단독] '킴 카다시안 속옷' 스킴스, 연내 강남 단독 매장 낸다",Culture
왜 “수명은 심박수 15억번까지”일까?...건강에 활용할 팁은,Culture
"“암 증식 억제한다” 최화정 즐겨 먹는다는 ‘이 음식’, 뭐지?",Culture
[단독] 현대차 ‘로봇기술 끝판왕’ 손까지 직접 만든다…그룹 시너지 폭발,Culture
AI는 테크 거물들에게 '영생'을 가져다 줄 수 있을까 [책마을],Culture
"매일 쓰는 이어폰, 청력 생각한다면 ‘이렇게’ 관리를",Culture
머리를 눈썹에 심었을 때 생기는 변화,Culture
"“밤마다 종아리가 ‘찌릿’”... 몸속 ‘이것’ 부족 신호, 해조류가 좋다고?",Culture
심부전 완치에 도전…'유전자 치료' 첫 인간 대상 임상 착수,Culture
"“40대 맞아?” 맹승지, 탄탄한 글래머 몸매 뒤엔 ‘이 루틴’ 있었다",Culture
"위고비는 성욕을 높일까, 낮출까?…“성격 변화 유발” 과학적 입증 [라이프+]",Culture
"""불멸을 팝니다"" … 실리콘밸리가 푹 빠진 '수명구독' 서비스",Culture
"""백인 아이 낳기 챌린지 동참을""…알고리즘 파고든 인종주의자들",Culture
신의 눈에 힘주는 BYD…자율주행 사고 시 전액 보상,Culture
“혈관 막는다”… 심장 전문의 절대 안 먹는다는 ‘이 음식’,Culture
“어머님이시라고요?!” 런웨이 접수한 60대의 반전 일상 [요즘으른들],Culture
검붉고 주름진 '이것' 몇 번 먹었더니⋯중성지방 낮아지고 묵은 변도 잘 빠져 나와,Culture
"""180㎏까지 찌고 절망했는데""⋯패스트푸드 '이렇게' 먹고 118㎏ 감량한 女 [헬스+]",Culture
"""12분에 97% 충전""…BYD, 영하 30도서 초고속 충전기술 시연",Culture
"이호선 “신앙으로 답하기 전, 고통부터 들어야”…기독상담을 듣다",Culture
"“절대 일어나선 안 될 일” 멀쩡한 대장 제거한 의사, 대체 왜?",Culture
알츠하이머 단백질 쌓였는데 치매 없었다…'버틴 뇌'의 비밀,Culture
"“온전한 내 선택 없었다” 43세 김민정, 반가운 근황… ‘이 운동’ 동안 비결?",Culture
"유럽 전기차 살아난다…기아, EV2 흥행으로 반등 신호탄",Culture
"이건희는 왜 ""다섯 번 왜""를 물었나…세종 ""억울한 백성이 없게 하라""",Culture
[이야기로 만나는 약선(藥膳)] 이름만 들어도 침이 고이는 '매실(梅實)',Culture
“나를 위한 날”이라며 요즘 사람들 하는 것 봤더니?,Culture
"""테슬라 사이버캡과 달라""…웨이모, 새 로보택시 ‘오하이’ 공개",Culture
한국인 소울푸드인데…“발암물질로 돌변” 암 전문가가 경고한 ‘의외의 음식’ [헬시타임],Culture
"노벨상 도전했던 ‘콩 박사’ 함정희 씨, 장기기증으로 5명 새삶",Culture
서소문고가 상판 5시간 만에 철거 완료…경의중앙선 내일 첫차부터 운행 재개,Culture
"“텀블러 열었다가 ‘펑’?”…매일 쓰는 텀블러, 더운 날에도 괜찮을까?",Culture
"BYD ""도심 자율주행, 사고 시 전액 배상""…매일 2억km 달린다",Culture
"“52세 맞아?”…정혜영, 나잇살 제로 탄탄 몸매 비결은 ‘이 운동’?",Culture
하루 운동하고 사나흘 골골… 근육통 줄이려면?,Culture
[날씨] 당분간 전국 맑고 더워…강한 자외선·오존 주의,Culture
"[시승기]도심 스며든 오프로더, 지프 더 뉴 랭글러 사하라의 '반전 매력'",Culture
“중국도 안 베끼겠네” 페라리 루체 쇼크…전기차 디자인 왜 어렵나,Culture
"의사가 생각하는 ‘산후조리원’ 역할, 현실과 많이 달랐다 [의사들 생각은…]",Culture
"""탐방 안전하고 편해져"" 2년 5개월 만에 재개방되는 제주 만장굴",Culture
"팩폭 대신 꿀팁…구글 인공지능(AI) 제미나이, 퍼스널 뷰티 컨설턴트가 된다",Culture
"[티조AI] ""커피 마셔도 잘 잔다고?""…당신의 뇌는 속고 있다",Culture
“세계에서 가장 위험한 국물 요리”… CNN이 꼽은 한국의 ‘이 음식’,Culture
[2시뉴스 날씨] 강한 자외선…주말에도 더위 계속,Culture
“많이 사놔도 영양 손실 걱정 없어” 냉동해도 괜찮은 의외의 채소들,Culture
아빠의 파킨슨 악화 이후 우리 집에서 사라진 다섯 글자,Culture
"""50만원 더 안내면 예약 취소""…또 시작된 횡포",Culture
당뇨병은 전조 증상이 없다…췌장 망가지기 전에 꼭 잡아야 하는 이유?,Culture
"칸의 환호 뒤 남은 질문…누가 다음 K-무비를 이끌까 [칸, 다음 K무비를 묻다③]",Culture
"[자동차 AI, 양산과 최적화] ③ 왜 돈 버는 데 오래 걸릴까",Culture
"‘동물권 소송’ 상징 코끼리 ‘해피’, 50여 년 동물원 삶 끝내고 눈 감다",Culture
“매일 아침 검은콩차 한 잔”…우리 몸에 일어나는 일은?,Culture
출근만 하면 배가 '부글부글'…4주간 '이 과일' 먹자 벌어진 일 [건강!톡],Culture
[IN서치]'조금은 낯선' 동남아 여행지…브루나이의 매력은?,Culture
"남산 순환버스는 전기차, 시티투어는 내연기관…'청정 남산'의 예외",Culture
[신간] 엘르 패닝 주연 드라마 원작…'마고가 돈 문제에 대처하는 법',Culture
"껍질에 난데없는 검은 가루가 묻은 양파, 먹어도 되나",Culture
아기 낳고 이웃에게 떡을 돌렸다는 아들,Culture
"“혈당·염증 잡는다” 주방에서 흔히 쓰는 ‘이 식재료’, 뭘까?",Culture
"“여자도 여자 얼굴에 반한다”…150만 건 얼굴 평가했더니, 여자 외모 남녀 모두에 매력적",Culture
"[날씨] 맑은 하늘에 기온 '쑥', 서울 28℃...자외선·오존 강해",Culture
"단 음식, ‘이 때’ 먹어야 그나마 낫다",Culture
[날씨] 서울 낮 28도 초여름 더위…낮 더위 당분간 계속,Culture
"[털보기자의 '그사람']강정선 대구예총 회장 ""대구 문화 재도약""",Culture
[날씨] 사전투표 이틀 내내 맑고 덥다...경남 한때 약한 소나기,Culture
[뉴스12 날씨] 낮 서울 28도 더 더워져…강한 자외선 주의,Culture
"한가인, 냉장고에 ‘이 음식’ 꼭 넣어둔다는데… 뭐지?",Culture
"나홍진, 박찬욱 넘었다…‘호프’ 한국영화 최고 해외 선판매 기록",Culture
"""커트 9000원이라더니""…이지현 미용실 가격표 논란에 게시물 삭제",Culture
'입 속에 치약 쭉'…스포츠 스타 양치법에 의사들 '경고',Culture
“절친에게도 감추고픈 성공 비결”…‘국내 최초’ 운전자를 위한 ‘마이(MAI) 경제 비서’,Culture
[의학칼럼] 회전근개파열 치료법 달라지고 있다… 재파열 막으려면?,Culture
"나홍진 ‘호프’ 칸 트로피 놓쳤지만, 해외 선판매 최고가…흥행 기대감 높였다",Culture
태풍 ‘장미’ 일본으로 꺾였다…주말엔 강릉 33도·포항 34도,Culture
"직장에서 '독한 여자'가 되는 이유, 신간 <왜 여성은 일할수록 불리해질까>",Culture
"'백인 우월주의' 피해 토머스 제퍼슨 저택에 숨어든 이웃들, 신간 <나의 몬티셀로>",Culture
“장아찌에 ‘이것’ 넣어보세요”… 나트륨 줄이고 살 덜 찌는 방법?,Culture
"김아랑, 은퇴 후에도 ‘이 음식’은 피한다는데… 뭐지?",Culture
"“젊어지려다 뇌 손상?”…유행 중인 항노화 약물 조합, 뇌 망가뜨릴 수도",Culture
‘파묘’ 속 MZ무당 화림·봉길은 어떻게 만났을까···새 웹툰 ‘맹종’,Culture
"온코닉테라퓨틱스 자큐보, 中헬리코박터 제균요법 임상 3상 진입",Culture
태풍 '장미' 막는 뜨거운 고기압…주말 33도 더위,Culture
"단백질 부족 노인, 근력 떨어져…화장실 이용 힘들수도[노화설계]",Culture
나홍진 영화 '호프' 굿뉴스...최고가 판매로 순제작비 절반 회수,Culture
소유 “10년전 1억 넣은 삼전·하닉 덕에 내집 마련”,Culture
"“1개 125원, 쟁여놨던 맥심 팔아요”…커피값 부담되자 활발해진 ‘이 것’",Culture
"""100m만 걸어도 헉헉, 어깨까지 뻐근""…밥만 물 말아 넘기면 큰일납니다",Culture
[날씨체크] 주말 최고 체감온도 31도 안팎···자외선 차단제와 양산 챙기세요,Culture
"""돼지기름 먹고 뼈 건강 챙기세요"" 믿었는데…부당 광고 눈살",Culture
"5월에 탐나는 제철 오이, 어머니가 알려준 비법",Culture
병원 입원실 ‘남녀 구분’ 의무 없어진다… 의료법 시행규칙 개정 추진,Culture
천만 영화 ‘파묘’ 이전 이야기 담았다…스핀오프 웹툰 ‘맹종’ 연재,Culture
60대 후반에 박사 딴 엄마…5명에 새 삶 주고 떠나,Culture
"춘향이 버선발부터 주인 구한 개까지, 옛길에 담긴 이야기",Culture
"맹승지, 완벽한 몸매 비결? “매일 ‘이것’ 챙겨 먹는다”",Culture
"'테슬라 천하' 된 수입차 시장…독일 3사, 韓 존재감 방어 총력",Culture
“주스로만 마시기 아까워”…냉장고 속 비트로 만드는 초간단 요리 [FOOD+],Culture
"‘48kg’ 송지효, “살 조금씩 계속 빠진다”… 방법 봤더니?",Culture
"안락사, 존엄사, 조력임종… 전부 다른 뜻인 거 아셨나요, 신간 <깨끗한 죽음이라는 환상>",Culture
"나홍진 ‘호프’, 200여 개국 선판매…한국 영화 역대 최고가",Culture
"파타고니아 창업자를 괴롭힌 '착한 기업' 딜레마, 신간 <더트백 억만장자>",Culture
[날씨] 사전투표 이틀 맑고 덥다...경남 오후 한때 약한 소나기,Culture
로봇이 다리 꼬아 '라보나 킥'…손흥민도 감탄한 아틀라스 축구실력,Culture
[뉴스타임날씨] 전국 맑고 초여름 더위…자외선·오존 주의,Culture
"“죽음도 정복”… 억만장자와 AI가 만났다, 신간 <불멸의 설계자들>",Culture
"“역사 지우면, 무대도 없다”…문화예술계 판도 바꾼 관객의 품격",Culture
일본으로 꺾는 태풍 '장미'.. 한반도 비껴갈 듯,Culture
"“체중 관리에 도움” 정려원, 아점으로 ‘이것’ 먹던데?",Culture
‘이것’ 하면 췌장암 위험 10배까지 증가...당장 개선해야 할 나쁜 습관들,Culture
중국산 전기차 캐나다 상륙…미국 車업계 긴장,Culture
서소문 사고에 열차 운행률 74%…코레일 “주말에도 감축 운행”,Culture
"만성질환 약 먹는 사람, ‘이 음식’ 조심하세요",Culture
[930 날씨] 전국 맑고 초여름 더위…자외선·오존 주의,Culture
"‘불닭 어머니’ 김정수 부회장, 유튜브서 눈물 흘린 사연은",Culture
"“200억 기부 안 아까워…현금은 140만 원뿐” 김장훈, 거짓말 탐지기 앞 고백",Culture
"집념의 아틀라스, 라보나 킥 성공 후 '손흥민 세리머니'…엄청난 유연성 '깜짝'",Culture
버려진 병아리 '계순이'가 아파트 마스코트 된 사연,Culture
박혜진 국립오페라단 단장 “인사 논란 억울…준비된 단장” 취임 일성,Culture
"친정 엄마가 준 혼수 이불, 수십 년 만에 빛 본 사연",Culture
“사이 멀어질 수도”… 사춘기 아이에게 ‘이 말’만은 하지 마세요,Culture
[날씨] 전국 맑고 더워…한낮 서울 28도·대구29도,Culture
‘영생’을 돈으로 살 수 있을까… ‘불멸’ 향한 테크 거물들의 열망[북리뷰],Culture
"메마른 땅·녹아내린 만년설… 기후변화, 전쟁의 불씨가 되다[북리뷰]",Culture
불안감 · 자책에 치인 세 여자의 ‘못난 일상’[덕후의 서재],Culture
“삼겹살 먹고 며칠째 속쓰림”…3040 위장 노화 신호와 피해야 할 음식 6가지,Culture
"윤여정, 폴 매카트니처럼 활동적으로 살려면...‘건강한 노화’ 위해 해야 할 것들",Culture
"커피 마시며 기분 전환?… “되레 우울증 심해졌다” 반전, 왜?",Culture
성큼 다가온 여름…주말까지 맑고 더운 날씨,Culture
알배추만 있으면 우리 집도 브런치 레스토랑~[밀당365],Culture
평안한 죽음은 돕지 않고 존엄사만 말하나,Culture
"셀트리온, '4중 작용' 비만약 영장류 시험 돌입…내년 IND 제출 목표",Culture
[날씨] 주말까지 맑고 더워…오후 한때 경남 소나기,Culture
돌멩이와 함께 근심·걱정도…금당도 에메랄드빛 바다로 ‘풍덩’,Culture
[출근길 날씨] 주말까지 맑고 더워…출근길 서쪽 짙은 안개,Culture
"[출근길 YTN 날씨 5/29] 사전투표 첫날 초여름 더위, 서울 28℃...아침까지 서쪽 '짙은 안개'",Culture
커피보다 낫대서 자주 마셨는데…“당류·카페인 폭탄” 무서운 결과 나왔다 [헬시타임],Culture
“블루베리 스무디에 ‘이 과일’ 넣었다간 영양소 84% 파괴”,Culture
칭거봉 등정을 위한 필수 전초전 [중국 쓰촨성 트레킹],Culture
"“요즘 팟캐스트, 듣기만 하니?”…오디오 콘텐츠, 경계를 넘다",Culture
"""지능도 의지력도 운의 영역…불평등은 불합리한 비극""",Culture
[날씨] 전국 맑고 낮 더위…강한 자외선·오존 주의,Culture
"슬림 몸매 백예린, ""부기 빼는 덴 '이 차' 최고""… 실제 효과 있다고?",Culture
"주말 기온 30도 훌쩍…여름맞이 옷정리, ‘이렇게’ 해야 냄새 안 난다?",Culture
"코레일 ""29일 열차 운행 횟수 542회…평소 대비 193회 감소""",Culture
“바가지 신고에 과징금의 10% 포상금”···BTS 부산 공연 앞두고 총력전,Culture
"건강하던 40대 女, 출근길 갑자기 의식 잃었다… 원인은 ‘이것’",Culture
"[그 영화 어때] 사랑한다면 나를 지배해줘, 영화 ‘뒷자리에 태워줘’",Culture
"열대야 잦은 제주, 올여름 '열대야주의보' 얼마나 발령될까",Culture
[빵 굽는 타자기] 하루 덜 일해도 세상은 돌아갈까,Culture
"[날씨] 한낮 초여름 더위,큰 일교차...아침까지 서쪽 '짙은 안개'",Culture
[날씨] 당분간 전국 맑고 더워…자외선 매우 높음,Culture
잉카 제국의 마지막 황제의 몸값은 '금 6톤'…문명을 흔든 황금 이야기,Culture
광주의 오래된 벽을 유심히 보는 까닭 [장일호의 ‘연대하는 책’],Culture
[출근길 날씨] 출근길 짙은 안개…주말까지 맑고 더워,Culture
오키나와 향하는 태풍 '장미'…한반도 영향은?,Culture
‘8kg 감량’ 김소영 추천 다이어트 식단… “배부르고 맛있다”는데?,Culture
[날씨클릭] 당분간 전국 맑고 더워…서울 28도·대구 29도,Culture
“아침 식사로 매일 ‘이것’ 먹었더니 벌어진 일”…달걀보다 단백질 2배 풍부한 식품 [헬시타임],Culture
"""20대 삼전·하닉 신혼부부, 16억 집 사러 왔어요"" 알고보니…",Culture
정부가 손 뗀 삼성바이오 노사…다음주 '갈등' 장기화 분수령,Culture
"“독감 걸린 후 갑자기 몸 못 움직여”…전신 마비된 14세 소녀, 무슨 일?",Culture
"‘7kg 감량’ 장재인, 갈비뼈 선명한 뼈말라 몸매…‘이것’ 끊고 살 빠졌다고?",Culture
"'낮 최고 28도' 초여름 무더위 계속…외출 후 가렵고 붉은 발진, '이 알레르기' 의심 [오늘 날씨]",Culture
[유석재의 돌발史전 2.0] MZ가 박정희를 재소환하는 이유? “목표와 자신감을 찾을 수 없어서”,Culture
美 공장 매각한 지누스… 인니 생산 집중에 관세 부담 우려,Culture
푹 자고 일어났더니 1kg이 빠졌다? [살빼기록],Culture
‘힙한 극우’는 어떻게 청년을 끌어들이나···‘스벅 사태’가 보여준 위험한 문화정치[책과 삶],Culture
“맛없고 비싸”…고속道휴게소 민영→공영 도돌이표의 내막,Culture
"지예은 ""0.1㎝도 전이될 수 있어""…갑상선암이 무서운 이유 [헬스톡]",Culture
"[날씨] 맑은 하늘에 강한 자외선…전국 낮 더위, 서울 28도",Culture
"[Cooking&Food] 건강·재미·경험을 다 맛본다, 스무디 열풍",Culture
"[Cooking&Food] 제철 토마토, 익혀 먹으면 영양·맛 2배",Culture
[Cooking&Food] 식당엔 없다…볼품 없지만 맛있는 김치밥,Culture
주말 맑고 더워…태풍 '장미' 오키나와로 북상,Culture
“전자담배? 당연히 금연하려고 피죠”…흡연자 43%의 ‘위험한 오해’ [헬시타임],Culture
"미국선 SF, 여긴 리얼리티…한국계 작가의 ‘여성 신화’ 다시 쓰기 [.txt]",Culture
100년 경제史서 찾은 혼란 해법 “트럼프를 빼라”,Culture
10대 아들 “맑은 혈장” 이식한 억만장자…‘영생 산업’은 진보일까 [.txt],Culture
직장 내 보이지 않는 편견… 왜 여성은 다시 증명해야 하는가,Culture
세월을 품은 절집… 속세는 지워지고 산세만이 남았다[박상준의 문장 여행],Culture
“네가 무슨 번아웃?”…10대 현실은 전쟁터다 [.txt],Culture
"말기 환자의 제거 안 되는 ‘콧줄’, 연명의료 제도 모순 드러내다 [건강한겨레]",Culture
"‘니코틴 패치+금연 껌’, 적절히 쓰면 금연 성공률 27% 높아진다 [건강한겨레]",Culture
"고친 흔적 가득한 시, 착잡한 낙서…윤동주 공책에 남은 불안과 고민 [.txt]",Culture
"“미국의 자만과 공감 부족, 북핵 위기 키웠다” [.txt]",Culture
"“쩐내 나는 견과류, 그냥 드셨나요?”…볶아도 안 사라지는 1군 발암물질",Culture
한국인 처음 에베레스트 정상에… 31세에 ‘영원한 산사람’으로 고상돈,Culture
“당뇨 있으면 과일 끊어야 하나?” ‘이렇게’ 먹으면 안심,Culture
철거위기 이겨낸 ‘밥퍼’… “K나눔의 거리 만들고파”,Culture
수많은 생선 썩히며 새로운 맛 찾았다… 목포 셰프의 '피시 샤퀴테리' 도전기,Culture
“혈당 폭발한다”… 약사가 꼽은 ‘의외의 음식’ 3가지,Culture
"멀어져야 보이는 깊은 산세, 천년의 풍류… 눈 앞에 펼쳐진 한 폭 수묵화[Weekend 레저]",Culture
"""눈 튀어나오고 겹쳐 보여""… ‘갑상샘눈병증’ 초기치료가 관건[Weekend 헬스]",Culture
"[한입 상식] 과일 주변에, 배수구에…여름 불청객 ‘날파리’ 퇴치법",Culture
"""마이클 잭슨도 못 피했다""…춤추다 망가지는 '이 부위' [김효경의 데일리 헬스]",Culture
[역경의 열매] 박희용 (15) 죽음 문턱에서 더 뜨거워진 말라위 영혼 구원의 소망,Culture
[오늘의 설교] 하루의 은혜로 사는 인생,Culture
"AI 일부 모델, 이단 주장 종말론까지 답습했다",Culture
"“포만감 최고” 16kg 감량 홍현희가 택한 ‘이 음식’, 뭐지?",Culture
"[빅데이터가 점지한 오늘의 운세] 2026년 5월 29일 금요일(음력 4월 13일, 계묘일)",Culture
"“혈당 올리고 잠 방해” 몸에 스트레스 쌓는 ‘이 음식’, 뭘까?",Culture
“넷 키우며 떡집 새벽출근… 양가 가족들 덕분에 가능했죠”,Culture
"강물엔 경계가 없다, 북 가마우지 한쌍 날아왔다",Culture
[팀 알퍼의 런던 Eye] [38] 한·영은 왜 폭군에 집착하나,Culture
[날씨] 출근길 서쪽 안개 주의…목요일 맑고 자외선 강해,Culture
[박성민의 정치 포커스] 엎치락뒤치락 선거판 5大 관전 포인트,Culture
“시원하고 맛있는데 살 안 쪄”…여름철 다이어트에 좋은 음료 5가지,Culture
"김남길, “술 한 잔만 마셔도 얼굴 빨개져”… 왜 그럴까?",Culture
“일찍 귀가해야겠네”…지하철 2호선 홍대입구~을지로입구 막차 조기 종료,Culture
[날씨] 밤 한때 수도권 약한 비…내일 아침 서쪽 짙은 안개,Culture
"CNN ""세계서 가장 위험한 국물""…한국인은 해장으로 먹는다",Culture
"“화장실서 비데 ‘이렇게’ 쓰면 위험, 당장 멈춰라”…세균 범벅될 수 있다는데 [헬시타임]",Culture
베이핑·전자담배로 금연 가능할까...“80%가 다시 연초로” [건강한겨레],Culture
"“주방 도구에도 수명 있다”…‘이것’ 발견되면 당장 교체해야, 왜?",Culture
[뉴스9 날씨] 내일 맑고 더워…강한 자외선 주의,Culture
태풍 '장미' 한반도 비껴갈 듯…역대 태풍 피해에 불안감 여전,Culture
"""놀고먹다 공고 나와서 '성과급 6억'""…삼전 직원 자랑 글 '시끌'",Culture
[이슈날씨] 올여름 러브버그 서식지 더욱 넓어진다?...당분간 때 이른 더위,Culture
"유튜브 출연해 눈물 흘린 '불닭의 어머니'…""어머님, 아버님 우지라면 편하게 드세요""",Culture
"'특수교사 고소' 주호민 ""갑질 학부모 돼 나락…사방에서 두들겨 맞았다""",Culture
[날씨] 당분간 대체로 맑은 날씨‥낮 기온 점차 올라,Culture
커피 물가 오른다…더벤티 커피·음료 최대 500원 인상,Culture
"피아니스트 선율 ""내가 치는 것도 정답…3시간 이상 연습 안했다""",Culture
"“한입에 여러 맛 나 좋아”… 신예은, 김밥에 ‘이것’ 넣는다는데?",Culture
부와 권력을 때려부어 시간을 거스르려 한 결과는[책과 삶],Culture
"“소변 볼 때마다 고통”… 3년 참았는데 결석 1.3kg, 50대男 무슨 일?",Culture
덜 팔려고 애쓴 자산가…부자로 죽지 않을 결심[책과 삶],Culture
"""상하이 여행 가려 했는데""…30대 직장인, 마음 바뀐 이유",Culture
[뉴스7 날씨] 내일 맑고 강한 자외선…서쪽 짙은 안개,Culture
"""초음파 교육 탓?"" 분당서울대병원 대관 취소에 한의계 반발",Culture
팔 저리다더니 15일 만에 숨진 11세 소녀… 무슨 병이었나?,Culture
"""불 꺼진 안방, 아내 몰래 켠 주식앱""… 4050 가장들의 '눈'이 밤마다 녹아내린다 [몸의 오프더레코드]",Culture
목사님이 ‘젠지 성지’ 성수동 찾는 이유는,Culture
"말차 즐겨 마시는 2030 늘었는데, 카페인·지방에 당까지?",Culture
"“KTX 소외 지자체, 연계버스 늘려 ‘무궁화호’ 지켜야”",Culture
'카드깡' 악용 우려…스타벅스 무기명 카드판매 일시 중단,Culture
매달 300만 원 줄테니 책 읽어달라는 노인의 진짜 속내 [배우들끼리 독서클럽],Culture
서소문 고가 밑 철로 '붕괴 당일'...승객 탄 열차 59대 통과,Culture
뉴토끼 폐쇄하자 웹툰 매출이 급상승…긴급차단에 시장이 반응했다,Culture
태풍 '장미' 오키나와 거쳐 일본 본토로…한반도 직접 영향 피할 듯(종합),Culture
"팔굽혀펴기 때 손목 아픈 사람, ‘이것’ 활용을",Culture
왜 여성 치매 환자가 더 많을까…뇌세포 ‘사이 공간’서 단서 발견[노화설계],Culture
‘약방의 감초’로 차 끓여먹은 40대女...죽음의 문턱까지 갈 뻔했다?,Culture
마녀사냥 당한 뒤 버려진 어부…80년 전 영국 노래에서 ‘지금’을 보다,Culture
"""새 항생제로 슈퍼박테리아 못막아""…차세대 무기는 '단클론항체'",Culture
"AI, 이단 옹호 답변 위험…“전문가 검증 없이 의존 말아야”",Culture
바이오해킹에서 트랜스휴머니즘까지…실리콘밸리의 '영생 산업',Culture
우리는 원한다…시원할 자유와 최소한의 매너,Culture
"""천수경을 틀어다오"" 92세 엄마 말에 눈 붉어진 까닭",Culture
"법원 ""한 달 미만 육아휴직, 나중에 합산해 급여 신청 가능""",Culture
[퇴근길 날씨] 기온 점점 올라…서쪽 짙은 안개,Culture
"창덕궁과 종묘 지은 돌, 90% 이상이 인왕산·안산·북악산의 ‘담홍색 화강암’",Culture
"53세 고소영, 피부 관리법 공개… 매일 ‘이것’ 한다는데?",Culture
"""헉, 왜 이리 쓰지?""...오이 꼭지 먹다 깜짝, 쓰디 쓴 이유 ‘이것’ 때문이라고?",Culture
페이스북 내부자가 쓴 빅테크의 민낯…'케어리스 피플',Culture
맑고 초여름 더위…낮 최고 28도내일날씨],Culture
초록이 익어가는 계절…매실청 ‘맛있고 안전하게’ 즐기려면?,Culture
"트럼프와 불화설에 네타냐후 ""전술적 의견차"", 트럼프도 일축",World
AI발 전력난에 탄광촌 부활 아이러니… 첨단 원전 짓는 美와이오밍 가보니 [르포],World
"[영상] 이란, 쿠웨이트 국제공항 드론 공격…바레인에도 미사일",World
[Why] 휴전 두 달 만에 6차례 피격… 이란은 왜 갑자기 쿠웨이트를 때렸나,World
美와 손잡은 베네수엘라 정부…반미 좌파 진영 내부 균열,World
"“민주당 승리에도 서울 패배, 대통령에 타격” 외신도 주목",World
"""트럼프 '미군 전사할 경우 이란과 휴전 종료 검토''"" WSJ",World
"브로드컴, 기대 못 채웠나...시간외서 시총 3500억달러 증발 위기",World
왕치산 측근 줄낙마의 정점?…리샤오훙 전 반부패 관리 조사,World
"트럼프 ""모즈타바 만나고 싶다""…이란 종전협상 돌파구 찾나(종합)",World
美 “군용기·군함 감축”…나토에 ‘안보 무임승차’ 압박,World
"""트럼프, 美하원 이란전 제한·우크라 지원법 통과로 정치적 타격""(종합)",World
"다급한 푸틴, 결국 최종병기 쓰나…“시속 500㎞ 드론 공격 준비 중” [핫이슈]",World
"""차세대 '시리' 9월출시…복잡한 AI작업은 구글클라우드 빌릴듯""",World
안보경력 전무한데 美 정보국 수장에…트럼프 충성파 '풀티' 누구[글로벌키맨],World
쾅! 유리가 비처럼 쏟아졌다…순식간에 지옥된 쿠웨이트 공항 영상,World
"머스크, 세계 첫 '조만장자' 되나…기업가치 2705조원 도전(종합)",World
"문제의 이란 고농축 우라늄, 도대체 어디에 있나",World
"""트럼프, 미군 사망 아니면 이란과 전면전 없다""…긴장 관리 기조",World
"[줌인] “트럼프, 어떤 식으로든 관세 유지할 것”…무역전쟁 다시 불붙나",World
푸틴 분노도 ‘활활’…우크라 ‘러시아판 다보스 포럼’ 개막날 대규모 공습한 이유 [핫이슈],World
역주행·신호무시·경찰추격전…‘미친 운전자’ 정체는 이 회사 AI였다,World
핵보다 돈…美·이란 종전협상 흔드는 동결자산,World
"AI 젖줄로 바뀐 대출펀드, 유럽도 돈 뺀다는데 [트럼프 스톡커]",World
"美 ""유럽·캐나다, 나토 해공군 전력 늘려야""…전시 가용 미군 감축",World
"""SPY 봤나?"" 뱅가드 VOO, ETF 최초 운용자산 1조달러 돌파",World
"美, 나토에서 군용기 등 뺀다… ""동맹·러시아에 잘못된 신호""",World
"로이터 ""여당 지선 압승에도 서울 패배 상징적""",World
"구글, 유증 123조 원→130조 원 확대…강한 수요 반영",World
"AI 기대 너무 높았나…브로드컴 주가, 전망 유지에 한때 15% '뚝'",World
우크라 '러시아판 다보스포럼' 앞서 상트페테르부르크 공습,World
"트럼프, 전쟁 포기했나…“이란 공격은 미국 때문” 황당한 저자세 [핫이슈]",World
美 “나토 방위 공백 직접 메워라”…군함·군용기 증강 요구,World
"""당신 미쳤냐"" 트럼프 질책 후⋯이스라엘·레바논, 휴전 합의",World
"트럼프, G7·나토 해외 일정 강행...韓美 정상회담 열리나?",World
"트럼프, ""하메네이 만나고 싶다""직접 담판 시사…이란 협상 막판 '승부수'",World
'의회 승인 없는 이란전 중단' 결의안 미 하원 통과…공화 4명 이탈표,World
"美 ""군용기·군함 감축""…나토에 '안보 무임승차' 본격 압박",World
"러 외무차관 “영토 보전 위해 핵 대응” 경고···우크라, 상트페테르부르크 항만 공격",World
"세계 3위 경제 대국 독일, 안보리 이사국 선거 ‘충격패’",World
"나토 사무총장, 키이우 깜짝방문…우크라 드론은 러 공격",World
"미국, 나토 동맹에 “군용기·군함 줄일테니 공백 메워라” 통보",World
"""70년 금기 깨졌다""…일본 '무기공급국' 선언에 숨은 진짜 뇌관 [스프]",World
"美, 나토 동맹에 ""군용기·군함 줄일테니 공백 메워라"" 통보",World
"관세 근거로 ‘강제노동’ 꺼낸 트럼프, 중국 노렸다",World
"이란 ""美와 종전 합의문 최종안 조율…베이루트 공격 시 전면전""",World
"일론 머스크, 최고 부호 자리 지켰다...젠슨 황은?",World
"미 국무 ""이란과 HEU 처리 논의 중…트럼프, 내달 나토 회의 참석""",World
트럼프 “이란과 이번 주말 합의 가능”…보상·고농축우라늄 처리 막판 쟁점,World
레바논 휴전 성사…美·이란 협상 최대 고비 넘었다,World
"이란 ""美와 '최종안' 의견교환…베이루트 공격 땐 전면전 재개""",World
"걸프 산유국들, 호르무즈 우회 송유관 마련 검토",World
"'美 수배대상' 쿠바 실세 라울 카스트로, 95세 생일…행방 묘연",World
"이스라엘, 레바논과 협상 도중 공습…최소 9명 사망",World
"[속보] 미 국무부 “이스라엘·레바논, 휴전 합의”",World
"트럼프 “이란과 이번 주말에라도 합의 가능…쿠웨이트 공격, 美공격이 원인”",World
"트럼프 ""이란과 이번 주말에라도 종전 MOU 가능""",World
"EU 철강관세 폭탄 4주 앞…韓, 무관세 쿼터 확보에 막판 사활",World
골드만삭스 “AI 산업 수익성 위기 더 커져…반도체만 돈 벌고 있다”[이규화의 글로벌AI],World
[비즈 나우] 스페이스X 공모가 고정 '자신감'…축포냐 쇼크냐,World
"[부자들의 투자노트] 레이 달리오 ""AI 거품 터질 수도""",World
'의회승인없는 이란戰 중단' 결의안 美하원통과…공화4명 이탈표,World
미 의회서 ‘종전 압박’ 전쟁결의안 첫 통과···공화당 4명 반란표,World
"수세 몰린 트럼프...미 하원, 이란 전쟁 종결 결의안 채택",World
美 국무 “문제는 헤즈볼라”… 이란 핵협상도 언급,World
"트럼프 ""밴스-루비오, 차기 대선 환상의 팀…둘 다 훌륭해""",World
"우크라 ""러, 시속 500㎞ 제트 드론 투입 준비…대책 마련 중""",World
"美 “이란과 고농축 우라늄 협의 중”…트럼프, 내달 나토회의 참석",World
"美하원, 이란 철군 결의안 통과…공화당 4명 트럼프 등돌려",World
[마켓 브리핑] 美·이란 협상 '평행선'…기술주 식으며 상승세 제동,World
"트럼프 ""이란과 종전 협상 순항…이르면 주말 합의 가능성""",World
[증시전략] AI 투자심리 향방 결정할 브로드컴 실적 발표…평가는?,World
"美국무 ""이란과 HEU 처리 논의중…트럼프, 내달 나토회의 참석""(종합2보)",World
한국 독무대 필리핀 방산 시장에 일본 구애 작전 거세져,World
중동 불안에 뉴욕증시 급제동…국채금리 뛰고 유가 100달러 재근접,World
스페이스X 밀어주는 '월가 황제' 다이먼…초고액자산가 설명회,World
"""韓 친중·좌경화 우려""에 美국무장관 ""선출 정부 존중""",World
"미국 원유 재고, 호르무즈 봉쇄에 22년 만에 최저",World
'의회승인없는 이란戰 중단' 결의안 美하원통과…공화4명 이탈,World
"심각한 전력난 겪는 북한, 태양광 발전으로 돌파구",World
"[외신 헤드라인] 스페이스X, 공모가 주당 135달러 고정",World
"쿠웨이트 공항피해는 美 요격체 때문?…미군 ""이란 주장 거짓""",World
美·이란 충돌 재점화에 뉴욕증시 하락… 다우 1.21%↓,World
"美국무 ""미국 기업에 대한 한국 정부의 대우, 무역합의에도 영향""",World
"트럼프 ""이란 쿠웨이트 공격, 美공격이 원인…별로 강하지 않아""",World
"트럼프, 모즈타바 직접 담판 시사…이란 협상 막판 승부수",World
"""주말 서명 가능""…트럼프, 종전협상 타결 자신감",World
비트코인 6만5000달러선 위협…'항복 매도'에 바닥론 고개,World
"'로드쇼' 앞둔 스페이스X, 공모가 135달러 제시",World
“화이트칼라 모십니다” AI 개발사가 직장인에 구애하는 이유[김창영의 실리콘밸리Look],World
"뉴욕 증시, 중동 긴장 재고조로 하락...美국채 금리 일제히 상승 [데일리국제금융]",World
중동 긴장 재고조에 뉴욕 증시·채권 동반 하락,World
"美·이란, 이틀 연속 맞불 공습… 트럼프 “모즈타바 만나겠다”",World
"루비오 美국무 “美기업에 대한 한국의 일부 태도, 무역합의에 영향줬다”",World
"이란, 쿠웨이트 공항 공습...민간 시설 다시 겨눴다[글로벌 모닝 브리핑]",World
"“100만원 하던 감자가 0원 됐다”…'감튀 강국' 벨기에, 뭔일?",World
"美 국무 “미국 기업에 대한 한국 행보, 무역 협상 변수였다”",World
"중국 손아귀 벗어나나…美·日·獨, 희토류 의존 낮춘 자석·전기차 모터 만든다",World
"위고비·마운자로 없이 100㎏ 뺐다...""가벼운 산책부터"" 습관의 힘",World
뉴욕증시 약세에도 AI 반도체주 랠리 지속…엔비디아 6%↑,World
"美재무 ""인플레 급등 일시적""…대이란 제재 효과 강조(종합)",World
"미 국무 ""이란과 농축우라늄 처리 논의중…트럼프, 내달 나토회의 참석""",World
"트럼프, G7회의 참석 확정…“백악관 UFC경기뒤 프랑스 간다”[1일1트]",World
"""전쟁 통해 전쟁 배워""…프랑스 군인들의 이란 드론 요격기",World
중동긴장 재고조에 미 주식·채권 동반하락,World
"미 원유재고, 호르무즈 봉쇄 장기화에 22년만에 '최저'",World
"美, 멕시코 현직주지사 2명 비자 취소…카르텔 배후 정조준",World
"국제유가, 중동 무력 공방 재개에 3일 연속↑…WTI 96달러",World
"미 원유재고, 호르무즈 봉쇄 장기화에 22년만에 최저수준",World
"트럼프, 佛개최 G7회의 참석 공식화…""백악관 UFC경기뒤 참석""",World
"미·이란, 휴전 이래 최대 교전… 트럼프 “모즈타바 만나고 싶다”",World
"[글로벌 비즈 브리핑] 골드만삭스, 코스피 1만2000 '깜짝 전망' 外",World
비트코인 7만 달러도 깨졌다…큰손들 연거푸 '손절',World
"미군 ""쿠웨이트 공항 피해 미국이 초래했다는 이란 주장은 거짓""",World
"MS, 차세대 양자칩 공개…""양자컴 2029년 상용화""",World
앤트로픽 '미토스' 韓 온다…'삼전닉스' 글래스윙 합류,World
"""한국 증시 아직 싸다""…골드만삭스, 코스피 1만2000 '깜짝 전망'",World
"무역법 301조 꺼낸 美, 韓-中-日 등 54개국에 12.5% 추가관세 예고",World
"스페이스X, 공모가 135달러로 못 박았다…역대 최대 IPO 눈앞",World
"美국무장관 ""한국의 미국 기업 규제, 무역 협상에 영향""",World
"""협상 지속"" 트럼프 발언에도… 美·이란, 무력충돌 여전",World
"네타냐후, ‘욕설’ 트럼프 불화설 일축 “주요 사안 의견 같아”",World
미 최대 압박에 쿠바서 글로벌호텔 ‘엑소더스’…‘멜리아’도 철수,World
이란 외무 “우리는 자위적 공격 수행”…쿠웨이트 공습 정당화,World
우크라 '러시아판 다보스포럼' 앞서 상트페테르부르크 공습(종합),World
"외신 ""증시 호황에 민주당 지선 압승…투표용지 부족 사태 일어나""",World
"베선트 ""인플레 급등은 일시적 현상""…옐런 악몽 되풀이되나",World
"우크라 '깜짝' 방문 나토 사무총장 ""러시아 점점 더 절박""(종합)",World
美국무 “우리 기업에 대한 한국 태도가 무역 합의에 영향”,World
"루비오 美국무 '한국 좌경화' 주장에 ""민주국가 선택 존중""",World
"네타냐후 ""트럼프와 전술적 이견 있지만 목표 같아…이란 핵 저지""",World
"""이란, 물가 200% 폭등하고 화폐가치도 폭락""...미국 장관의 경고 [지금이뉴스]",World
[클릭! 이 사람] ‘정보 문외한’ 30대가 美 18개 정보기관 지휘,World
‘러의 급소’ 아르메니아 친서방 움직임에… 분노한 푸틴,World
"이란 ""총성엔 미사일로 대응""…쿠웨이트 공습 정당화(종합)",World
美 최대 압박에 쿠바서 글로벌호텔 '엑소더스'…'멜리아'도 철수,World
"쿠웨이트, 이란 외교관 2명 추방… ""사망자 1명은 인도인""",World
"트럼프 ""하메네이 만날 의향 있어…그는 분명히 협상에 관여""",World
"워시, 연준 자문단에 보수 정책통 2명 영입…통화정책 경력 전무",World
"네타냐후 ""트럼프와 핵심 목표 일치…이란 정권 결국 붕괴할 것""",World
"""나도 1년간 안 판다"" 머스크의 자신감...스페이스X 상장 앞두고 파격 요구 [지금이뉴스]",World
"네타냐후, ""트럼프와 이견 있지만 공감대 더 크다""",World
"네타냐후, '욕설' 트럼프 불화설 일축 ""주요 사안 의견 같아""",World
"트럼프, 종전 협상 담판?...""이란 최고지도자 만날 수 있다""",World
한국계 캘리포니아 ‘현역 하원’ 2명 모두 11월 본선 진출 전망,World
이란 '쿠웨이트 공습' 충격파…뉴욕증시 3대 지수 일제히 하락 출발,World
美 캘리포니아 예비선거서 한국계 현역 2명 본선행 가시권,World
러 외무차관 “핵무기로 대응 가능…영토 위협 최악의 경우에”,World
"뉴욕증시, 하락 출발… 이란의 쿠웨이트 공습 영향",World
탁신 전 태국 총리 '완전한' 자유의 몸 됐다…가석방→국왕 사면,World
'사탄' 미사일 날린 러시아...핵무기 경고한 최악 시나리오 [지금이뉴스],World
"러 외무차관 ""영토 보전 공격당하면 핵무기로 대응 가능""",World
EU '기술 주권' 강화 시동…반도체·AI·클라우드 자립 추진,World
美하원 캘리포니아 예비선거서 한국계 현역 2명 본선행 전망(종합),World
이란 공격에 쿠웨이트 공항 일시 폐쇄… “사망자 등 큰 피해”,World
"트럼프 ""핵무기 안 갖기로 했다""...이란과 합의 주장",World
"미, '강제노동' 60개국에 10∼12.5% 관세예고…한국 12.5%(종합2보)",World
시간당 478mm 폭우에 '경악'...6월 태풍 상륙한 도쿄에 긴급 경보 [지금이뉴스],World
"트럼프 ""이란 핵무기 포기 이미 합의""…하메네이 회동 의사도 밝혀(종합)",World
12.5% '강제노동 관세' 예고한 미국…정작 근거는 '복붙 한 문단',World
"트럼프 ""이란 모즈타바 만나고 싶다...종전 협상 빠르게 진전""",World
트럼프 “이란 최고지도자 만나고 싶다”…종전 협상 돌파구 모색,World
"쿠웨이트, 공습에 1명 사망·63명 부상…이란 ""美에 시설 제공 책임""",World
유재석 만나고 프로야구 시구까지…젠슨황이 한국 찾은 이유,World
"트럼프 “모즈타바 만날 것”…‘미쳤냐, 네타냐후’ 파문엔 “짜증 나서”",World
"기묘한 인사일까, 탁월한 인사일까",World
USTR “韓 등 54개국에 12.5% 추가 관세…강제노동 상품 수입 방치”,World
이란 공습에 쿠웨이트서 1명 사망…“미국에 시설 제공한 책임”,World
"트럼프 ""모즈타바 만나보고 싶다…이란 봉쇄, 9월까진 안갈것""",World
트럼프 “이란 새 최고지도자 모즈타바 하메네이 만나고 싶다”,World
"[속보] 트럼프 ""이란 모즈타바 하메네이 만나고 싶다""",World
"머스크, 세계 첫 '조만장자' 눈앞…스페이스X 역대급 IPO 추진",World
"이란 공습에 쿠웨이트서 1명 사망…""美에 시설 제공한 책임""(종합2보)",World
"트럼프 ""이란 모즈타바 만나고 싶다…협상 빠르게 전개""",World
인도 뉴델리 호텔 화재…최소 21명 사망·40여명 부상(종합),World
美 “韓 강제노동 상품 규제 미흡… 12.5% 추가 관세 부과 추진”,World
트럼프 상호관세 대체 ‘301조 관세’ 윤곽…한국 ‘15%’ 지키기 사활,World
시간당 55억 쌓은 머스크···인류 첫 조만장자 눈앞,World
美 압박에 이스라엘·레바논 대화재개…이 강경파 “美 속국이냐” 반발,World
쿠웨이트 국제공항 때린 이란… 美는 키슘섬 기지 공습 맞불,World
"""전쟁 통해 전쟁 배워""…佛 군인들의 이란 드론 요격기",World
"美의회난동범, 트럼프 사면 후 국방부 특수작전부서 채용 논란",World
"日 증시 세대교체…키옥시아, 시총 2위 눈앞",World
"""수에즈에 K산단 만들 것""…이집트, 韓기업에 러브콜",World
트럼프 상호관세 대체 '301조 관세' 윤곽…한국 '15%' 지키기 사활,World
"中 ""문제 원흉은 미국""…'특파원 추방' 논란에 재차 강조",World
"상호관세 막히자 301조 꺼낸 트럼프…韓, '15% 방어' 시험대",World
"이란, 쿠웨이트 국제공항 공습… 美와 종전협상 변수 될까",World
유재석 만나고 삼겹살 회동하는 젠슨황⋯'이례적 행보' 이유 있었네,World
"우크라이나, 상트페테르부르크 공격… ‘러시아판 다보스포럼’ 겨냥",World
우크라 '러시아판 다보스포럼' 개막 앞서 상트페테르부르크 공습,World
“트럼프 협박도 안 통했다?”…이란 드론에 쿠웨이트공항 파손 [밀리터리+],World
"""위고비·수술 없이 100㎏ 감량""…美 여성, 다이어트 비결은?",World
골드만삭스 “코스피 1만2000 간다”…목표치 33% 상향 초강수,World
"""1000배 안정""이라지만 12큐비트뿐…MS 新양자칩, 검증은 아직",World
"이란, 쿠웨이트 공항 공습...민간 시설 다시 겨눴다[美-이란전쟁]",World
"스페이스X, 기업가치 2천600조 원 목표…공모가 135달러 고정",World
푸틴 뚜껑 열리나…‘러시아판 다보스’ 앞두고 고향까지 뚫렸다 [핫이슈],World
“핵 협상 전 해외 동결 자산 120억 달러 해제” vs “고농축우라늄 선제적 포기”,World
"“교수 해고하고 250억 들여 AI 샀는데”…美명문대 실험 예상밖 결말[나우, 어스]",World
"이란, '폭사' 하메네이 장례, 6월 중순 거행…2000만 인파 예상",World
"[영상] 폴란드에 핵무기 배치?…""미, 유럽에 핵자산 확대 극비 논의""",World
"닛케이지수 사상 첫 68,000 돌파…반도체주 강세",World
美캘리포니아 예비선거서 한국계 후보들 명암 엇갈려,World
"쿠웨이트 국제공항 공격한 이란, 확전 불사하며 휴전 협상판 흔들다",World
"앤트로픽 '미토스' 한국 온다…""삼성·SK·KISA, AI 보안망 합류""",World
"美, 韓에 최대 12.5% 추가관세 제안…“강제노동 차단 미흡”(종합)",World
"케슘섬 피격 이란, 쿠웨이트 공항에 보복…중동 또 초긴장(종합)",World
"중동 곳곳에서 폭발음…미-이란, 60일 휴전 연장 가능할까",World
"트럼프 정적 약점 파헤친 금융인, 美 정보수장 물망에[지금, 이 사람]",World
"쿠웨이트 국제공항, 이란 미사일·드론 공격으로 마비",World
비행기 안 블루투스 이름이 ‘폭탄’…190명 탄 여객기 급 회항,World
"이란 미사일·드론, 쿠웨이트공항 강타…건물 파손에 항공기 회항",World
"""마벨 32% 폭등"", 일본에선 ""키옥시아 40배""…전세계서 불뿜는 AI 반도체",World
"스페이스X, 기업가치 2천600조원 목표…공모가 135달러 고정",World
"미, '강제노동' 60개국에 10∼12.5% 관세예고…한국 12.5%(종합)",World
"""이란, 쿠웨이트 공항에 드론·미사일 공격...인명 피해·운항 중단""",World
"‘절대 강자’ 도요타, 한때 3위로 미끌…일본 주식시장도 반도체 열풍",World
[속보] 이란 미사일·드론 폭격…쿠웨이트 국제공항 피해·사상자 발생,World
"""딥시크, 투자금 11조원 조달 추진…기업가치 최대 90조원 전망""",World
"‘낸드 강자’ 日키옥시아, 도요타 시총 턱밑 추격",World
"“한국산도 중국산 취급?”…트럼프, 12.5% 관세 폭탄 예고 [핫이슈]",World
폭격 받은 쿠웨이트 '비상'...이란 무차별 공격에 공항 '초토화' [지금이뉴스],World
"트럼프, 정보기관 총괄 대행에 '안보 무경력' 충성파 임명",World
美 '무늬만 부자' 2400만명…자산 100만달러 넘어도 '쪼들려 절약',World
"‘은둔의 지도자’ 모즈타바 등장하나···이란, 6월 중순 하메네이 장례식 개최",World
"일론 머스크, 스페이스X 상장 수수료 파격 인하 요구",World
"직원 한 명당 최소 '15억' 잭팟 터진다…상장 앞둔 스페이스X, 머스크는 인류 첫 '조만장자'",World
‘젠슨이츠’ 이번 픽은 ‘삼쏘’···억만장자 CEO의 부캐는 세계 골목 맛집 탐방가?,World
“대학서 중학교 수학 가르칠 판”…‘미국판 수능’ 폐지에 폭발한 美 교수들,World
"“회사 8000곳 지원했는데 다 떨어졌어요”…美 명문대 이과생의 절규[나우,어스]",World
"“구글이 왜 모기를?”…6400만 마리 풀겠다니, 美 발칵 뒤집힌 이유 [핫이슈]",World
"美국무, 청문회서 협상 '레드라인' 첫 공개…이란 ""돈부터 풀어라""",World
"머스크, 인류 첫 '조만장자' 되나…스페이스X 역대 최대 IPO 추진",World
"인텔 CEO ""AI 에이전트 확산에 CPU 중요성 커져…기업들 공급 요청 쇄도""",World
"美 CBS, 간판 프로 ’60분' 베테랑 기자 스콧 펠리 해고",World
"네타냐후, 모사드 국장 이·취임 맞아 “이란 곧 무너질 것”",World
기내서 잡힌 '폭탄' 신호에 회항…알고 보니 10대가 찬 스마트 워치,World
"골드만삭스 CEO ""현 시장상황, 공포보다 탐욕 더 많아""",World
프로야구 시구부터 유퀴즈까지? 엔비디아 젠슨 황의 진짜 목적 [지금이뉴스],World
"日닛케이지수 6만8천선 첫 돌파…AI 랠리에 ""연말 7만 간다""",World
"“트럼프 협박 뒤엔 신형 폭탄?”…美, 이란 지하핵시설 뚫을 ‘GBU-76’ 준비 [밀리터리+]",World
"연봉 확 올려준다는데도 “저요? 싫어요”…승진 거절하는 美 직장인들, 무슨 일?",World
"인텔 CEO ""CPU 중요성 높아져…많은 CEO들, 더 많은 공급 희망""",World
"트럼프 “합의할 때 됐다”…이란 케슘섬 타격, 가상화폐 제재로 전방위 압박",World
"키옥시아, 도요타 제치고 日시총 2위…AI가 제조업 왕좌 흔든다",World
"지표는 호황, 구직자는 한숨…AI·감원에 美 취업문 더 좁아졌다",World
"美·이란, 종전 협상 가운데 공습 반복...트럼프 ""계속 대화중""",World
"이란 ""미군 기지 타격"" 주장에…美 ""무슨 소리! 전부 요격했다""",World
"이란 “미군기지 타격”, 미국 “다 요격”…협상 판은 안 깼다",World
"트럼프, 콜롬비아 대선도 개입?…극우 후보 ‘호랑이’ 칭하며 “전폭 지지”",World
"이번엔 가상자산 거래소 제재…이란, 미 '경제적 분노'에 굴복할까",World
"日 키옥시아, 토요타 제치고 시총 2위…1년새 40배↑",World
"우크라 EU가입 속도내나…젤렌스키 ""방공망 절실""",World
"트럼프 ""계속 대화""‥루비오 ""이란, 핵협상 동의""",World
美-이란 교전 격화...종전 협상 우려,World
한밤중 포착된 수상한 사람들…도로 한복판 '왔다 갔다' 뉴욕 하수도에 무슨 일이,World
"“이게 다 이란전쟁 때문”…호주 은퇴비용 1년새 2억 ‘껑충’ 총 10.8억[나우, 어스]",World
“이스라엘이 美 속국이냐” 레바논 공습 중단 하자 이스라엘 내부서 트럼프 비판 속출,World
"키옥시아, 장중 한때 日시총 2위… 도요타자동차 추월",World
대만 총통이 트럼프에게 'TSMC 창업자 자서전' 건네려 한 이유 [임상훈의 글로벌리포트],World
미·이란 걸프해역 무력충돌…미사일 공방에 호르무즈 긴장 최고조,World
"앤트로픽, 보안 취약점 탐지 AI '미토스' 접속 기관 확대…삼성·SK·KISA 합류",World
사상 최대 규모 예고...머스크의 파격적인 요구에 난감한 월가 [지금이뉴스],World
"""한국 정부를 용서하소서""…이스라엘 국회서 오열한 여성 [포크뉴스]",World
이란 혁수대 “미 5함대·공군기지 쐈다” 미군 “모든 공격 실패”…협상 판은 안 깼다,World
"""1분당 9000만원씩 벌어""…머스크, 인류 첫 '조만장자' 눈앞",World
"트럼프, 콜롬비아 우파 대선후보 지지…“엄청난 성공 거둘것”",World
"트럼프 ""협상 중단은 가짜 뉴스""...미 국무 ""핵 포기해야 제재 완화""",World
"이란 ""중동 미군기지들 타격"" 주장… 美 ""미사일 요격"" 반박",World
"트럼프, 콜롬비아 대선 ‘친트럼프’ 후보 공개 지지···“나처럼 국민 사랑해”",World
美 6개주 예비선거 '중간선거 첫 관문'…캘리포니아선 한국계 맞대결,World
"이란, 美 공격에 바레인·쿠웨이트 반격…바레인 하늘길 막았다[이상은의 워싱턴나우]",World
"美 ""이란과 대화 중단 없다…핵도 협상하기로""",World
"네타냐후 레바논 공격 중단에 정적들 ""미 속국이냐"" 비판",World
"앤트로픽, '미토스' 접속 기관 확대…삼성·SK·KISA 포함(종합)",World
"“트럼프 협박 비웃듯”…이란, 美 5함대까지 미사일 겨냥 [핫이슈]",World
"'美 5함대 타격' 이란 주장에 美 ""거짓…모든 공격 성공적 격퇴""(종합)",World
"""미국이 감히"" 부들대는 이스라엘...트럼프 욕설에 내부 분열 시작 [지금이뉴스]",World
협상중에도 국지 교전은 계속‥이란 미군 기지 공격에 미군도 대응 폭격,World
"""보안 검증기간 '90일→30일'로 단축""…트럼프, 'AI 행정명령' 서명",World
'절치부심' 22년만에 토요타 꺾고 시총1위…손정의 역전 드라마,World
교황청 홍보부 장관에 미국인… 트럼프 향한 화해 시도? [이 사람@World],World
"러시아, 상공에서 36개로 쪼개지는 죽음의 무기...유럽 전역 사정권 '비상' [지금이뉴스]",World
“나도 할래”…열차 지붕 올라타는 ‘지하철 서핑’ 美서 확산,World
미 중부군 사령부 “이란 미사일 공격 성공적으로 요격”,World
"이스라엘·레바논 워싱턴서 회담 재개…이란·미군 또 충돌, 중동 '시계 제로'",World
"이란 혁명수비대 “미군기지 타격” 전격 주장…美, 즉각 보복 공습",World
"이란 ""바레인·쿠웨이트 미군기지 타격""… 미국 ""모든 공격 실패""",World
"트럼프, 콜롬비아 극우 대선후보 지지…""나처럼 국민 사랑해""",World
"이스라엘-레바논 휴전협상 재개...트럼프, 사태악화 네타냐후에 '격노'",World
"이란혁명수비대 ""美 5함대 기지 공격""…美 ""이란 공격 실패"" 반박",World
"美 ""민간 선박 공격하려던 이란 드론 3대 격추""",World
"이란 이슬람혁명수비대 ""바레인 주둔 美 5함대 사령부 공격""",World
이란혁명수비대 “美 5함대 기지 공격” 주장…美 “모두 실패”,World
태풍 '장미' 일본 강타…와카야마 최고경보·도쿄도 홍수 비상,World
"레바논 공습중단 과정 체면 구긴 네타냐후…""미 속국이냐""",World
"스페이스X, 750억 달러 역대급 IPO 추진...주당 135달러 목표",World
"이란 ""바레인·쿠웨이트 미군 기지 타격"" 주장에 美 ""모든 공격 요격·무력화""",World
"러시아, 드론 656대·미사일 73발 공습...우크라 최소 22명 사망",World
"이란 ""미군기지 공격 성공"" 주장에…美 ""전부 실패했다"" 반박",World
"이란 ""미 5함대 기지 타격"" 주장에 美 ""미사일 요격 완료""",World
[속보] 이란 “미군 기지 공격”…美 “이란 공격 실패”,World
"이란 '미 5함대 공격시도', 미국 '미사일·드론 요격'…미군 ""이란 향하던 유조선 무력화""",World
"이란 ""5함대 사령부 공격"" vs 미군 ""모두 요격""...불안한 휴전",World
"러시아, 우크라 전역에 드론·미사일 공습…최소 22명사망·100명 넘게 부상",World
"美 “이란 공격은 자위권 행사, 미사일·드론 모두 요격”(상보)",World
이란 “미군기지 공격 성공” 주장에…美 “전부 실패했다”,World
이란 “쿠웨이트·바레인 미군 기지 공격”···美는 “모든 공격 실패” 반박,World
이란 혁수대 “미 5함대 기지 공격”… 미군 “미사일·드론 요격”,World
"미국 ""이란의 미군기지 향한 모든 미사일·드론 공격 실패""",World
[트럼프 스톡커] 필리지수 94% 질주에 불붙은 ‘거품 붕괴’ 논쟁,World
미·일 외신도 지방선거 일제히 주목···“여당 승리 예상”[6·3 지방선거],World
"트럼프, 고성능 AI 모델 '출시 전 검증' 행정명령에 서명",World
"트럼프 '호통'에 공습 접은 네타냐후...""미 속국이냐"" 내부 비판",World
"미 ""이란 향하던 유조선 봉쇄 경고 불응해 미사일로 무력화""",World
[속보] 美중부사령부 “바레인·쿠웨이트로 날아오던 미사일·드론 요격”,World
"美 “이란 모즈타바, 부상 당했지만 살아있어…국정 및 협상에 점점 더 관여”",World
"레바논 공습 중단에 체면 구긴 네타냐후…""미 속국이냐"" 내부 비판",World
"골드만삭스 CEO ""현 시장 상황, 공포보다 탐욕 더 많아""",World
"美국무 “대이란 제재완화, 호르무즈 아닌 핵포기와 연계”",World
"레바논 공습중단에 체면 구긴 네타냐후…""美 속국이냐"" 내부 비판",World
"北, 주한미사령관 ‘단검’ 발언에 “韓을 대중국 억제에 써” 반발",World
"미군 ""이란 향하던 유조선 미사일로 무력화""",World
자유중국 다음은 ‘자유대한’? 트럼프 신왕당파주의의 귀결,World
"미·중의 새판 짜기, 한국이 설 자리는?",World
"트럼프, AI 보안검증 행정명령 서명…초안 대비 검증기간 단축",World
"美 “이란행 유조선에 미사일 발사… 경고 무시했다""",World
“고환 어디 있나? 밟아야 되는데”… ‘거세 논란’ 터진 유명 황소 모자이크 복원 [포착],World
"美, 이란 가상화폐 거래소 제재…""호르무즈 개방 아닌 핵포기 위한 것""",World
"이스라엘·레바논, 워싱턴서 평화협상 재개… 美 중재 나서",World
"트럼프, 연준 탈탈 털었던 ‘충성파’를 정보기관 수장으로",World
"이란 혁명수비대 ""게슘섬 일대서 폭발음""…쿠웨이트는 드론 공격받아",World
"美 국무 “대이란 제재 완화, 호르무즈 개방 아닌 핵 포기에 달려”",World
"트럼프 “오늘도 이란과 협상” 루비오 “제재 완화, 핵포기와 연계”[美-이란 전쟁]",World
"뉴욕증시, AI 낙관론에 3대 지수 최고치 마감",World
"美, 이란 암호화폐 거래소 4곳 제재…경제 압박↑",World
"미군 ""이란 향하던 유조선 봉쇄 경고 불응해 미사일로 무력화""",World
"러, 우크라 전역에 드론·미사일 공습… 최소 22명 사망",World
"이스라엘-레바논, 헤즈볼라 놓고 평화협정 위해 美서 만나",World
AI 낙관론 뉴욕증시 최고치…S&P500·나스닥 9거래일 상승,World
"美국무 ""이란 제재완화는 호르무즈 개방 아닌 핵포기에 연계""(종합2보)",World
"[속보] 미군 “경고 무시 이란행 유조선, 미사일로 무력화”",World
"""공포보다 탐욕이 지배""…월가 거물, ‘초대형 IPO’ 낙관한 이유",World
쿠바 전력난에 '수능'도 취소…직항·호텔도 운영 중단,World
"이스라엘·레바논 워싱턴서 회담재개…美국무 ""문제는 헤즈볼라""(종합)",World
"[서울데이터랩]미국 증시, 반도체 강세 속 혼조 마감…다우 0.45%↑·나스닥 0.03%↑",World
"""이란이 호르무즈 해협 장악...300여 척 통과 신청""",World
[속보] 1520원선 ‘바짝’ 다가선 환율…중동리스크에 비상,World
"트럼프 ""이란과 대화 계속""...미 국무 ""이란, 핵 포기해야 제재완화""",World
"""대화 중단은 가짜뉴스""…트럼프 만류에도 공습 지속",World
젠슨황이 콕 집은 마벨 33% 폭등...뉴욕증시 또 사상 최고치[데일리국제금융],World
막오른 무인전쟁 시대…중국·일본도 드론·로봇·AI 경쟁,World
"中 창신메모리, 시총 444조 간다...美·中, 미래산업 독식하나[글로벌 모닝 브리핑]",World
“장기이식으로 불멸 꿈꾼다”…73세 푸틴이 꽂힌 ‘노화 정복’ 프로젝트,World
“서방 관광객들 안 돌아온다”… 두바이 관광 산업 침체 깊어져,World
미·이란 전쟁 장기화에 “일본 식탁에서 바나나 사라질 것”···이유는?,World
"""외국인도 떠나라"" 겁주더니…러, 우크라에 드론 656대·미사일 73발 퍼부었다",World
‘짜장면쇼’에도 칩 까였다…젠슨황 굴욕 준 中 반도체 여제,World
"“복잡한 中교통, 로보택시엔 기회”…美 긴장한 포니AI ‘역발상’",World
"MS, 오픈클로 기반 도구 공개…사원증형 에이전트 기기도 선봬(종합)",World
"루비오 “이란, 핵 프로그램 협상 뜻…언급조차 거부했는데”",World
"트럼프, 국가정보국 수장에 ‘안보 문외한’ 측근 발탁…충성파 인사 논란",World
"‘나여~ 머스크여’… 스페이스X, 파격적 상장 수수료 요구",World
"손정의 “AI 혁명, 닷컴버블보다 50배 강해…조정은 오히려 투자 기회”",World
‘젠슨 황 효과’ 마벨 33% 폭등…뉴욕증시 일제히 상승,World
"美국무 ""대만 무기판매 지연, 中 때문 아냐…계속 검토중""",World
"국제유가, 이란협상 엇갈린 설명에 1% 상승…브렌트 96달러",World
트럼프 “나 아니면 감옥 갔다” 네타냐후에 욕설… 전쟁 동지 균열,World
"트럼프, 'AI 무규제' 접었다…첨단모델 사전검증 도입(종합)",World
"트럼프, 정보기관 총괄 DNI 수장 대행에 비전문 '충성파' 기용(종합)",World
팔레스타인 유물 탐낸 이스라엘…'영토 병합' 비판에 입법 중단,World
"지원군이 경쟁자로...MS, 오픈AI·앤스로픽 겨냥 첫 자체 추론 모델 내놨다",World
트럼프 또 종전 ‘희망고문’… 강경파 반발속 “1주내 MOU 합의”,World
"“美국방부, 韓-日서 군함 일부 건조 가능성”",World
“현금으로 집 사는 게 유행”…AI 호황이 불러온 美주택 시장 양극화,World
"미 국무장관 ""이란, 핵무기 가지면 북한보다 심각한 존재""…전쟁 당위성 주장",World
"美국무 ""이란 核 가지면 北보다 심각한 존재""…전쟁 당위성 주장(종합)",World
미 공화 잠룡 밴스·루비오 '양강' 구도…'포스트 트럼프'는 누구,World
"미 국무 ""이란 핵 가지면 북한보다 심각한 존재""…전쟁 당위성 주장",World
트럼프·루비오 “이란과 협상 계속 진행 중”…핵프로그램 협상 가능성 시사,World
"美 ""이란, 핵무기 사용했을 것…북한보다 위험""",World
"美국무 ""이란, 우라늄 농축 중단 논의 확약해야 제재 완화""(종합2보)",World
트럼프 ‘호통’ 속 이스라엘·레바논 대화…양측 교전 계속 이어져,World
"‘301조 발표’ 앞둔 USTR “자원 없는 韓, 어떻게 철강 강국 됐겠나”",World
"시험 중 폭발했지만…블루 오리진 ""연말 전 뉴글렌 로켓 다시 쏜다""",World
트럼프 '교전 중단' 선언 후에도 이스라엘·헤즈볼라 공방(종합),World
"앤트로픽, ‘미토스’ 접속 150개 기관 확대…삼성·SK 합류한 듯",World
"美국무 ""이란, 우라늄 농축 중단 논의 확약해야 제재 완화""(종합)",World
"우크라 EU 가입 길 열리나…헝가리 ""양국관계 새 장""(종합)",World
"이란, 중재자 소통 중단...헤즈볼라는 '부분 휴전안' 거부",World
“재택근무 할 때가 좋았지” 했는데…알고보니 청년 실업 원인이였다,World
中 견제 손잡은 베트남·필리핀 “남중국해 항행 자유는 협상 불가”,World
[News & Why] 중간선거 앞둔 트럼프 노림수? 부정선거 음모론자 조기 석방,World
"실리 챙긴 베네수 임시대통령, '트럼프 올인' 마차도는 야인신세",World
美공화 잠룡 밴스·루비오 '양강' 구도…'포스트 트럼프'는 누구,World
"美국무 ""이란, 핵프로그램 요소들 협상하기로 동의…성공 가망성""",World
"“기독교 무너뜨리고 기독교 따라했다, 북 김씨왕조 시작”",World
상장 수수료 후려치는 머스크…스페이스X 파격대우 요구,World
"[속보] 이란, 교착 속 종전 합의안 검토… “미국과는 연락 안 해”",World
"6호 태풍 장미, 일본 규슈 접근…3년 전과 유사 ‘초긴장’",World
"뉴욕증시, 美·이란 긴장 고조…장 초반 혼조세",World
좀처럼 타결 안되는 이란협상 탓인가…공개일정 확 줄인 트럼프,World
"키이우 '공포의 밤'…""트럼프, 시진핑에 우크라 종전 지원요청""",World
"우크라 방공망 뚫은 러 미사일…젤렌스키 ""패트리엇 절실""",World
"""지구 종말인가?"" 도시 삼킨 모래폭풍...오뉴월 폭설",World
"이란 매체 ""미국과 지난 며칠간 메시지 교환 중단""",World
"WSJ, 칼럼서 ""李정부, 美 맞서 강경좌파 전환"" 지적",World
“모두 피해!” 하늘 뒤덮은 ‘이것’에 아수라장…중국 ‘충격 근황’,World
"러시아, 차세대 원자력 쇄빙선 건조 박차…북극항로 주도권 노린다",World
"이란, 美에 보낸 가장 최근 메시지는 '레바논'(종합)",World
"이란, 미 화물선에 보복 공격...갈수록 꼬이는 종전 해법",World
"UAE 국영석유사, 나프타 수출 재개…오만항구서 환적",World
"[속보] 트럼프, 美 최고 정보수장에 ‘혼돈의 대리인’ 임명",World
"러, 우크라 대공습 직후 ""오늘이라도 종전 가능""",World
트럼프 “이란 합의 다음주 가능”…네타냐후에 “미쳤냐” 레바논 확전 경고,World
"러, 우크라 대공습으로 110여 명 사상...""오늘이라도 종전 가능""",World
"이란 PGSA ""호르무즈 통항 신청 선박 300척 넘어""",World
"“미사일 들이더니 잠수함까지?”…모로코, K방산 3종 저울질 [밀리터리+]",World
젠슨 황 “1조 달러 가치” 한 마디에 23% 급등한 마벨테크놀로지,World
"이란, 대화 중단 선언…걸프해 화물선에 미사일 공격",World
"이라크 남부 해역서 화물선 미사일 피격…이란 ""美 공격에 보복""",World
K컵 여성이 가슴 축소 결심한 이유 “11살 때부터 성추행 시달려”,World
"美 국방부, 펜타곤 기자실 출입 금지",World
시속 150㎞ 롤러코스터서 치킨너겟 먹방…결국 평생 출입금지,World
"‘몸값 1조2500달러’ 스페이스X, 공모주 5% 직원·지인에 배정",World
"이스라엘, 레바논 수도 공격 포기 뒤 남부 강타",World
‘유퀴즈’ 출연하는 젠슨 황은 8위…부동의 ‘세계 1위 부자’ 머스크 재산이 무려,World
"러, 대공습 직후 ""오늘이라도 종전 가능…우크라가 철군해야""",World
"우크라, 5월에도 러 점령지 순탈환…두 달 연속 전선 밀어내",World
이란 “페르시아만서 화물선에 미사일 타격”…美 공격에 보복,World
"러, 우크라에 대규모 미사일 공격…13명 사망",World
"""Jensen was here"" 낙서 한 줄에…대만 휩쓴 '젠서니티' 열풍",World
네타냐후에 격노한 트럼프‥종전 위한 손절 시작됐나,World
"크렘린 ""우크라 평화협상 일시 중단 상태…美와의 접촉은 지속""",World
"이란, 걸프 해역 화물선 공격…“미군 공습에 보복”",World
70억짜리 집 전액 현금으로 산다…호가보다 수십억 비싸도 턱턱 사는 ‘이 사람들’,World
태풍 '장미' 日 규슈 남동쪽 해상 북동진…도요타 조업 중단(종합),World
트럼프 “1주일내 이란과 종전 합의” 낙관…‘강경파 반발’ 걸림돌,World
러 “외국인 떠나라” 경고 후 우크라 대공습…110여명 사상,World
"이란 ‘협상 보이콧’하자… ‘이스라엘, 레바논 공습’ 제동 나선 트럼프",World
"“트럼프, 한국에 핵무기 배치해야”…美전문가들 섬뜩한 주장, 배경은? [밀리터리+]",World
"[올댓차이나] 대만 증시, AI 관련주 매수로 연일 사상최고경신…0.48%↑",World
"WSJ 칼럼서 “李정부, 강경좌파” 규정",World
트럼프 “1주일내 합의 예상”…발목잡은 네타냐후에 ‘격노’,World
"미국, 극비리에 논의 중...러시아 정조준한 '핵 시나리오' [지금이뉴스]",World
"美, 유럽 내 핵무기 배치 확대 논의…폴란드·발트국 거론",World
PSG 우승 뒤 파리서 방화·약탈…누가 물어내나,World
"러시아, ""외국인 떠나라"" 경고 후 우크라 대공습…110여 명 사상",World
"“美, 2.8조 예산 투입… 한·일서 군함 선체 등 조달 검토”",World
‘반바지’ 입고 출근하자 “아저씨 다리털 불쾌하다”…日서 ‘아재 혐오’ 논란,World
"“美 국방부, 2.8조로 한·일서 군함 일부 건조 검토”",World
“나 아니었으면 감옥행”… 재 뿌린 네타냐후에 폭발한 트럼프,World
"이란軍 부사령관 ""미국이 항복 요구…전쟁 불가피""",World
국내서도 발목 잡힌 트럼프의 독주,World
젠슨 황이 SK하이닉스 부스 찾아 남긴 글 ‘깜짝’…내용 보니,World
"이란, 美에 보복…""페르시아만 화물선 미사일 타격""",World
이란 “페르시아만에 순항미사일 쏴 상선 타격” 주장…“美 공격에 대한 보복”,World
"이란 ""페르시아만서 화물선에 미사일 타격""…미국 공격에 보복",World
"""AI가 일자리 뺏은 줄 알았더니""…청년 실업 진짜 원인은 따로 있었다",World
"""떠나라"" 경고 후 '역대급 폭격'…110여명 사상 '초토화'",World
"[올댓차이나] 홍콩 증시, AI 기대에 기술주 매수로 사흘째 상승 마감…H주 3%↑",World
"위고비 없이 100kg 뺀 여성…""성공 비결은 딱 하나""",World
국제유가 하루종일 ‘출렁’…호르무즈서 아슬아슬 무력 공방,World
"안보리 이사국들, 미국만 빼고 ""이스라엘, 레바논서 철군해야""",World
"이란 ""페르시아만서 화물선에 미사일 타격""…美 공격에 보복(종합)",World
트럼프 '교전 중단' 선언 후에도 이스라엘·헤즈볼라 공방,World
"이란 의회 의장 ""美와 합의에 레바논 공격 중단 포함돼야""",World
"러 ""외국인 떠나라"" 경고 후 우크라 대공습…110여명 사상(종합2보)",World
"트럼프 ""일주일 내 종전 합의""… 네타냐후가 찬물 끼얹나",World
"""일주일 내 이란과 마무리"" 트럼프, 종전 합의 자신감",World
"러, 우크라 전역 무차별 공습…""13명 사망·111명 부상""(종합2보)",World
전쟁 끝나기도 전 덮친 폭염… 기후·에너지 ‘복합 위기’ 왔다[페트로-일렉트로],World
"삼성전자, 메타 제치고 세계 시총 10위…테슬라 턱밑까지 추격",World
"비트코인, '이란전쟁 우려'에 7만달러선 붕괴",World
"美 Z세대가 퍼뜨린 온라인 괴담, 스타워즈 제쳤다",World
"폴란드에 핵무기 배치?…“트럼프 행정부, 나토 핵 공유국 확대 검토” [핫이슈]",World
앤스로픽·창신 등 5곳 기업가치 5500조 “기술에 돈까지…미래산업 독식 우려”,World
“한일 기업들과 군함 건조 논의”…美 자국 밖 제작 가능성 열어둬,World
"트럼프, ‘세계 최고 수준’ 해저 탐사망 없앤다···과학계 “학술적 비극”",World
"삼전, 글로벌 시총 메타 제치고 10위...한국 증시, 세계 5~6위 도약",World
베이징~평양 노선 대형 항공기 투입 '시진핑 방북설' 솔솔,World
"벌써 펄펄 끓는데 지금 사면 3개월 뒤 설치?…‘에어컨 대란’ 터진 日, 무슨 일?",World
"이란 군 고위인사 ""美가 항복 요구…전쟁 재개 불가피""",World
"글로벌 자금 몰리는 AI…알파벳, 800억달러 유증 나선다",World
"韓美, 원잠·핵연료·조선 '미래 안보' 담판 나선다",World
오픈AI·앤트로픽·스페이스X 상장 러시…美 증시자금 블랙홀 될까,World
"中정부, ‘마이너리티 리포트’ 현실로 만들었다…“반역자 미리 색출” [핫이슈]",World
"""삼성전자 성과급 어떻게 생각하십니까?""…엔비디아 CEO 젠슨 황의 대답은?",World
"佛 차기 대선, 중도 분열 속 극우 vs 극좌 대결하나",World
"이란 외무장관, '미국과 메시지 중단' 속 파키스탄과 통화",World
"""감자가 공짜"" 수천톤 뿌려도 넘치는 재고…다시 밭에 묻는 이 나라",World
"유엔, ""몇주 안 사상 최강의 '슈퍼 엘니뇨' 현상 발생"" 경고",World
NASA “폭발한 블루오리진 로켓 발사대 복구 2년 예상”,World
"[뉴스특보] 트럼프 ""1주일 내 합의""…'레바논 사태' 최대 변수로",World
트럼프 “1주일 내 합의 예상”…발목 잡은 네타냐후에 ‘격노’,World
"러 재정당국 ""군사비 감당 어렵다"" 경고…푸틴은 ""감축 안돼""",World
"이란 외무, ‘미국과 메시지 중단’ 속 파키스탄과 통화",World
"이란, 협상 중단 선언‥트럼프 ""일주일 내 합의""",World
"비트코인, '이란전쟁 우려'로 두달만에 7만달러선 붕괴",World
"이란 외무, '美와 메시지 중단' 속 파키스탄 측과 통화",World
"""아버지, 한국을 용서하소서"" 예루살렘의 한국인 '오열'",World
"'삼성 성과급' 묻자…젠슨 황 ""가능한 한 많은 보수 줘야"" [포크뉴스]",World
"[영상] ""한국·대만 모두 특별""…젠슨황, 한국 기업인과 '치맥' 만찬",World
한국선 싸늘했던 그녀들…김정은 만나자 울음 터뜨려,World
"'삼성 성과급 논란'에 입 연 젠슨 황…""나는 직원들에게 최대한 보상""",World
"트럼프 ""군대서 빼라"" 했는데…美법원, 트랜스젠더 현역 퇴출 막았다",World
"""한국 vs 대만 반도체 비교하면?""…젠슨 황 답변 들어보니",World
"EU, 이민자 제3국 추방 허용···‘유럽판 트럼프 정책’ 논란",World
"“美 국방부, 2.8조 예산으로 한국·일본서 군함 일부 건조 검토”",World
"중남미 '블루타이드' 확산, 콜롬비아 대선도 우파 후보가 1위로 결선 진출",World
[포착] 주황색으로 물든 키이우의 밤…푸틴 분노에 우크라 전역 미사일 맹폭,World
"'돈 먹는 하마'된 우크라전… 러 재정 당국, 푸틴에 ""지출 감당 안 돼""",World
"미국, 유럽 내 핵 배치 확대 논의…폴란드 등 관심",World
"""미, 오만에 '이란과 단교' 압박""…중립외교 위기",World
"젠슨 황 ""한국·타이완 모두 매우 특별…비교 중요치 않아""",World
"미, 폴란드·발트국에 '핵 추가 배치' 만지작...러시아 정조준",World
"EU, 불법이민자 '제3국 송환' 허용…수십년 만의 최대 강경책에 논란",World
소수 종목 쏠림? “닷컴 버블 정점과 소름끼치게 닮아” 美 월가 유명 분석가 경고,World
"미국이 극비리에…“유럽에 핵무기 자산 추가배치 검토”, 러시아 견제",World
"美, 나토 동부전선 핵배치 확대 검토…폴란드·발트국 거론",World
"美 사드·조기경보기도 피격…BBC ""이란 반격 예상보다 광범위""",World
"""돈 싸들고 찾아온다"" 사겠다는 곳만 수십 곳…휴머노이드 붐에 웃는 회사",World
"이란, 걸프해 화물선 공격…""오만만 미군 공습에 보복""",World
"트럼프 질책에도…이스라엘, 레바논 공격 지속 의지",World
"“미국 증시 불장, 닷컴버블 정점 때와 기묘하게 닮아”",World
'중동의 중재자' 오만 중립외교 위기…美 '이란과 단교' 압박,World
"이란, 美 수정안에 아직 답변 안해…""美불신에 신중 검토""",World
"""美, 유럽에 핵무기 자산 추가 배치 검토…폴란드·발트국 거론""",World
한 달 동안 7000회 공격한 ‘집념의 푸틴’…점령한 영토 크기는 ‘반전’ [핫이슈],World
日키옥시아 시총 42조엔 돌파..'적층 대신 속도' 승부수 통했나,World
트럼프 지지율 하락에 차기 대권 노리는 美 민주당…잠룡은 누구?,World
"""2026년 미국 증시, 2000년 닷컴 버블 정점 시기와 닮아""",World
中 “제2의 마누스 막아라”…기술 해외이전 빗장,World
"러시아, 우크라 야간 대공습…11명 사망·111명 부상(종합)",World
"'수정, 또 수정'… 트럼프의 종전 협상법",World
트럼프는 대놓고 “공화당 투표하라” 유세…李는 안 되는 까닭,World
식량 2만톤 묶이고 호텔도 철수…쿠바 위기 깊어진다,World
"""미국 증시 불장, 닷컴 버블 정점 때와 기묘하게 닮아""",World
"트럼프, 네타냐후에 “미쳤냐” 욕설…레바논 공격 제동",World
[월드24 날씨] 태풍 ‘장미’로 일본 규슈에 300mm 폭우 예보,World
"“김일성의 개인숭배, ‘미국 장로교 선교사’가 싹 틔웠다”",World
헝가리 새 총리 '오르반 측근' 대통령 축출에 개헌 만지작,World
"젠슨 황, 고향 대만을  ‘AI 슈퍼 허브’로 만든다",World
“한국도 샀는데 왜 안 돼?”…美 F-35 퇴짜 맞은 나라들의 공통점 [밀리터리+],World
"""소프트뱅크 노림수는 전력"" AI, 반도체 넘어 전력 확보전으로",World
"트럼프 ""1주일내 이란과 휴전 연장·해협 개방 MOU""(종합)",World
"러, 미사일 73발·드론 656기 공습…우크라 최소 10명 사망(종합)",World
이란 “걸프해 화물선에 순항미사일 공격…미국 공격 대응”,World
"배터리 공장 레고처럼 조립…中에 밀린 日, 70% 비용 절감 승부수",World
"미국, 유럽에 핵 전력 추가 배치 논의…""핵우산 제공 의지 강조""",World
"‘친트럼프’ 콜롬비아 우파, 6·21 대선 결선행…좌파와 한판 승부",World
‘축구의 신’ 메시 동상 무슨 일?…인도서 설치 6개월 만에 철거,World
"日소프트뱅크 회장 ""AI 혁명, 닷컴 때보다 50배 더 크다""",World
"버핏 후계자, AI 시대에도 부동산에 첫 베팅… 버크셔 주택 플랫폼 시동",World
"'삼전닉스의 힘' 韓증시, 인도 넘어 '세계 6위 시총'…대만 턱밑",World
"이스라엘, 베이루트 진격 중단…“헤즈볼라, 즉각 휴전 준비”",World
트럼프 “1주일내 합의 예상”…군사보다 외교 해법 강조,World
"""죽기를 기다렸습니다""…라오스 동굴 10일 생존의 기적, 남겨진 두 사람의 운명은 [스프]",World
"“트럼프, 시진핑에 ‘우크라이나 종전’ 위해 도움 청했다”",World
"트럼프, 전 세계 쑥대밭 만들고 손절?…“협상 상관없어, 너무 지루해” 망언 [핫이슈]",World
"“美 국방부, 한국·일본서 군함 일부 건조 검토”",World
"트럼프 ""1주일 내 종전""...'X맨' 네타냐후?",World
"750억유로 베팅한 손정의…""AI 혁명, 닷컴보다 50배 크다""",World
"이란 군사력 와해됐다더니…""중동 미군기지 20곳 피해""",World
"“톤당 100만원이 0원으로”…‘감튀 왕국’ 벨기에, 감자 대란에 밭에 버렸다",World
"러, 항공유 수출도 중단…정유 시설 공습 받고, 유조선 나포 돼",World
"‘마이너리티 리포트’ 현실판?… 中, ‘반역자’ 미리 색출하는 국가 AI 감시망 개발",World
"미국, 유럽에 핵무기 배치 확대 논의…동유럽 국가들 '반색'",World
"""트럼프, '푸틴 협상장 나오게 도와달라' 시진핑에 직접 요청""",World
"이란 ""미 화물선에 보복 공격""...트럼프, 네타냐후에 ""미쳤어?""",World
"소프트뱅크 손정의 ""AI 혁명, '닷컴 혁명'보다 50배 더 큰 변화""",World
"NASA국장 ""블루오리진 발사대, 2028년까지 복구 안될 수도""",World
"美, '중동 중립국' 오만에 ""이란과 관계 끊고 우리 편 하라"" 위협",World
"이란 혁명수비대 ""美 상선 순항미사일로 공격…보복성 조치""",World
"머스크, '스페이스X' IPO 승부수…직원·지인에 공모주 5% 배정",World
"푸틴, '영하 110도' 냉동실서 대체...거대하고 은밀한 프로젝트의 정체 [지금이뉴스]",World
"""이란 보복에 중동 미군시설 20곳 피해…항공기 최소 42대 파괴""",World
복면쓰고 국제공항 잠입해 비행기에 낙서…칠레 국민이 불안해하는 이유 [여기는 남미],World
"""美, 유럽 내 추가 핵무기 배치 논의…폴란드 등 동유럽 반겨""",World
"中, 해외투자 규제 강화…AI·첨단기술 해외 유출 차단(종합)",World
"유럽 정상들, 나토 회의 앞두고 ‘트럼프 어이할꼬’ 고심",World
'무너진 키이우'...러시아 대공습에 사망자 속출 [지금이뉴스],World
트럼프 “다음주까지 휴전 합의 가능…오늘 차질 있었지만 해결”,World
"“당신 미쳤어? 나 아니었으면 감옥갔어”…트럼프, 네타냐후에 ‘욕설 통화’",World
"트럼프, 한국서 ‘2조 8000억원’ 통 크게 쓸까…“군함 조달에 사용할 수도” [밀리터리+]",World
"'삼전 성과급' 질문에 젠슨 황 ""가능한 많이 보상""",World
AI 붐에 집값도 폭주…샌프란시스코 덮친 ‘AI 머니’,World
선거 앞둔 공화당도 “스톱 트럼프”…美 사법피해자기금 백지화 전망,World
무너지는 '힘의 근원'...트럼프도 더 이상 버틸 재간 없다 [지금이뉴스],World
세계 부호 1위 ‘1240조원’ 머스크…‘유퀴즈’ 출연 젠슨 황은 8위,World
"인도, 21m ‘리오넬 메시’ 동상 철거…이유는?",World
"'父 하메네이' 장례식 준비설, 선 그은 이란…""이번주 아니다""",World
"‘美 기술 中 무장에 활용’ 기우 아니었다...中 인민군, 엔비디아 AI칩 조달 추진",World
"""절대 가지마, 살아서 못 나올 수도"" 경고에도…폐산기 후지산 조난 구조비에 日 '시끌'",World
“워런 버핏과 정반대” 이틀간 25조 쏜 버핏 후계자,World
“돈잔치 막히자 가족부터 챙겼다?”…트럼프 일가 세무조사 면제 후폭풍 [핫이슈],World
“대만을 국가라 불렀다”…NYT 특파원 추방한 중국,World
젠슨 황에게 '삼성전자 성과급' 묻자 돌아온 반응 [지금이뉴스],World
"""트럼프, 시진핑 만나 우크라이나 전쟁 종식 도움 요청""",World
'삼전닉스' 급등에 인도 제친 한국 증시...시총 세계 6위로 껑충,World
"푸틴, 최악의 ‘자살골’…“760억짜리 오레시니크 미사일, 러軍 타격” [핫이슈]",World
“절대 들어가지마” 경고에도 매년 1만명 몰려…사망자만 19명 나온 후지산,World
손정의 “AI 혁명은 닷컴 혁명보다 최대 50배…최고 투자 기회”,World
"러, 키이우에 드론·미사일 공습…우크라, 러 화물선·보급로 공격",World
"백악관 팩트시트엔 없었던 내용...트럼프, 시진핑에 ""도와달라"" 요청 [지금이뉴스]",World
"트럼프 ""1주일 내 합의 예상""…네타냐후엔 욕설 세례",World
'유재석 만나고 삼겹살 회동'…젠슨 황 '동선 사이트' 나왔다,World
키이우 공포의 새벽…러 무더기 미사일 아파트·유치원 덮쳐(종합),World
EU '제3국으로 이민자 송환' 잠정합의…우파 강경책 현실로,World
“넌 진작에 감옥 갔어!” 트럼프가 네타냐후에 고함 친 이유는?,World
"불법체류자 송환허브 설치… EU, 초강력 이민법 추진",World
"""1주 내 합의"" vs ""협상 중단""...위태로운 '동상이몽'",World
"이란, 페르시아만에서 상선 공격...美 봉쇄에 보복",World
"“펜타곤, 韓日서 군함건조”…상원반대 돌파",World
이란 혁명수비대 “걸프해 화물선에 순항미사일 타격”,World
"워런 ""트럼프, 中에 첨단 AI칩 흘려보냈다""…앤디 김과 공동 성명",World
항모서 전투기 ‘휙휙’ 美 호르무즈 해협 사수 작전 영상 잇달아 공개 [현장영상],World
"'테슬라도 보인다' 삼성전자, 장중 메타 추월 시가총액 10위",World
中 희토류 우위 이유가 있었네…전문 연구소 40여개·매년 500여명 대학생 등록,World
"다카이치, 이란 대통령에 세 번째 전화…""이번 기회 잡아야""",World
"NASA, 블루오리진 대신 스페이스X로...직격탄 맞은 아마존 [지금이뉴스]",World
트럼프 “1주내 ‘휴전연장’ 합의 예상”,World
일본이 이란전쟁으로 바나나가 부족해지고 있는 이유,World
"""트럼프, 시진핑과 정상회담서 '우크라전 종식 도와달라' 촉구""",World
"""몇천톤씩 남아돌아 무료 나눔까지""⋯감자값 0원 된 유럽, 무슨 일?",World
"이란 ""걸프해 화물선에 순항미사일 타격""…미군 공격에 보복",World
중동 공급 불안에 美 5월 원유 수출 사상 최대…베네수도 회복세,World
"반도체의 힘…한국 증시 시총, 인도 넘어 세계 6위 '등극'",World
"스페이스X, 공모주 최대 5% 직원·지인에 배정",World
축구의 신이 흔들린다 ‘메시의 굴욕’…인도서 초대형 동상 철거된 이유,World
"NASA ""블루오리진 발사대 복구 2년 걸려…달 착륙선 스페이스X로""",World
"“北 무인기 떼로 와도 끝”…한국, 1초 요격 ‘빛의 무기’ 뚫었다 [밀리터리+]",World
국제유가 다시 들썩…7일 OPEC+ 장관급 회의 분수령,World
"트럼프 ""돈 안 내면 안 지킨다"" 이후…유럽, 프랑스 핵억제 논의 키운다",World
"한국 증시 시총, 인도 제치고 세계 6위…AI 반도체가 이끌었다",World
트럼프의 꼼수? 기자들 쫓아낸 펜타곤[이런일이],World
"젠슨 황, 삼성전자 질문에 ""가능한 한 많은 성과급 보상해야""",World
"트럼프 행정부, 전략비축유 방출 계속…전쟁 이후 14% 방출",World
"NASA ""블루오리진 발사대 복구 2028년 전망""…달 탐사·위성사업 차질 우려",World
"美 ""2.8조 예산으로 韓·日 군함 조달 검토""…의회 반발은 변수",World
"한국 증시, 인도 제치고 세계 6위 시가총액",World
"""만년 저평가에 회사 쪼갰는데""…첫날부터 주가 '와르르'",World
"한국 증시, 반도체 랠리로 인도 추월…세계 6위 시가총액",World
"제너럴밀스, 中 하겐다즈 매장 철수...스타벅스 이어 '탈중국' 가속화",World
"美 WSJ 칼럼 ""이재명 정부는 '강경 좌파'... 한미동맹 위협"" 비판",World
유니트리 상하이 상장심사 통과…90년생 창업자 '3조' 돈방석,World
"""美국방부, 의회 요청 2.8조 예산으로 한일서 군함 만들수도""",World
"월드컵 개막 열흘 앞둔 멕시코, 축제 대신 교사 시위로 아수라장",World
"WSJ, 한국 비판 미 보수인사 칼럼 실어…""협력축소"" 주장",World
국방부 공보실에 대못질…“기자 출입금지” 대놓고 막은 헤그세스,World
"블루오리진 발사대 복구에 2년...나사, 달착륙선 스페이스X로 변경",World
"젠슨황 ""한국·대만 모두 특별…치킨·삼계탕·삼겹살 식당 갈수도""",World
"젠슨 황 ""대만 특별하다. 한국도 특별하다""",World
"기본급만 무려 7억 원...엔비디아, 구글과 '정반대' 승부수 [지금이뉴스]",World
"NASA ""달착륙선 스페이스X로""…블루오리진 사고 여파",World
"젠슨 황 ""한국·대만 모두 매우 특별…비교 중요치 않아""",World
"앤트로픽·오픈AI, IPO 선점 경쟁…""먼저 할수록 자본 흡수 유리""",World
푸틴 화나겠네…젤렌스키 “우크라 공격에 러 정유시설 40% 가동 중단” [핫이슈],World
“美국방 예산안 포함된 2조 8000억원은 한·일 군함 구매용”,World
"NASA ""블루오리진 발사대 복구 2년걸려…달착륙선 스페이스X로""",World
"말하기도 전에 감시망 오른다…中기업, AI로 '미래 반체제 인사' 예측",World
"미군기지 인근 日 무인도 사들이는 중국인…日, 1만3400여곳 소유권 따진다",World
"美 향한 분노 터진 이란...""인내에도 한계가 있다"" [지금이뉴스]",World
“100만원이었는데 갑자기 0원 됐다”…곡소리 퍼지는 ‘감튀 왕국’,World
레바논 공습에 흔들린 협상판…트럼프 '일주일 내 합의' 가능할까,World
3년 만에 돌아온 폴란드 ‘지옥행 버스’… 666번 달고 헬로 간다,World
"'더 빨라야 돈 많이 흡수한다' 앤트로픽·오픈AI, IPO 경쟁",World
“너도 명품백 샀어? 나돈데”…주식 대박나자 소비자 몰린 곳,World
"이스라엘, 레바논 남부 공격 지속…헤즈볼라 ""'베이루트만 휴전'은 거부""",World
"이란협상에 레바논 암초 어른…트럼프, 네타냐후 윽박질러 수습",World
'친미 우파'냐 '집권 좌파'냐…콜롬비아 대선과 '중남미 우경화 벨트'[이런일이],World
레바논 “헤즈볼라·이스라엘 상호 공격 중단 합의”… 일부 교전은 계속,World
이스라엘·헤즈볼라 상호 공격 중단 합의... 산발적 충돌은 계속,World
"日은 바나나, 호주는 밀 품귀… 이란 전쟁에 식량 수급 비상",World
"러, 새벽 키이우에 무더기 미사일 공습…아파트·유치원 덮쳐",World
"“돈 더 안받고 스트레스도 안받겠다”…번아웃 온 美 직장인들, 승진 거부 선언",World
"‘트럼프 보란 듯’ 이란, 호르무즈 해협 줄 맞춰 순찰하는 고속정 영상 공개…“호르무즈 통제는 우리가” [현장영상]",World
서빙 로봇 강자 中푸두 창립자 “3년후 로봇에도 챗GPT 모먼트 온다”,World
트럼프 ‘종전안’ 불승인 이유는 “이란 핵·호르무즈 개방 확약 때문”,World
새벽녘 키이우 아파트에 미사일…러 공습에 주민 고립·정전,World
"[자막뉴스] 젠슨 황 ""가정마다 슈퍼컴퓨터급 AI PC""...'삼전하닉' 메모리 탑재 전망",World
"트럼프, 말 안듣는 네타냐후에 ""완전히 미쳤다…모두 이스라엘 싫어해"" 격노",World
“중국 민간 위성업체들이 이란을 어떻게 지원했나”-허드슨연구소,World
"이란 대통령 ""외교 해법에 전념…호르무즈 항행 정상화에 모든 조치""",World
"국제유가, 이란 협상중단 보도에 급등…WTI 5.5% ↑",World
"""이란 협상 결렬 신경 안쓴다""…트럼프 발언에 국제유가 5% 급등",World
“아이 낳으라며 콘돔까지 조였다”…中 황당 대책에 韓도 씁쓸 [핫이슈],World
"엔화, 중동협상 불투명에 1달러=159엔대 중반 하락 출발",World
"알파벳, 121조원 유상증자 나서…AI 인프라 투자 확대",World
"월가 ""AI, 자본지출 경이롭다…유일한 게임됐다""",World
시리아 ‘이란 전쟁 특수’…우회 항공기 몰려 수수료 증가,World
트럼프의 '종전안' 불승인 이유…핵 문제·호르무즈 개방 확약 때문,World
"트럼프 ""일주일 내 종전 MOU 체결""…레바논 긴장은 계속",World
시리아 영공 위험 여전한데…이란 우회 항공기 몰려 수수료 횡재,World
"美, 이란 전쟁 여파에 비축유 대거 방출… 1980년대 이후 최저치 눈앞",World
"이란 양해각서 돌려보낸 트럼프, 비핵화·호르무즈 확답 원해",World
"美 보수진영, WSJ서 韓 정부 직격…""美 안보 구상에 협력 축소"" 주장",World
"어깨동무 한 최태원·젠슨 황…""하닉 시총 1조 달러 의미 나눠""",World
"""트럼프, 호르무즈 개방 확약 원해 MOU초안 돌려보내""",World
걸프해역 화물선 피격·폭발…드론 공격 정황까지,World
"[트럼프 스톡커] 48년 ‘x86’ 아성 흔든 ‘AI 노트북’, AMD 삼키나",World
"트럼프, 시진핑과 회담서 우크라전 종식 도움 요청",World
"걸프해역 항해하던 화물선, 정체불명 발사체에 피격돼 폭발",World
호가보다 수십억 더 얹어도 현금 매매…AI 부자들 쓸어 담는 샌프란시스코 부동산,World
"CNN ""트럼프, 호르무즈 개방 확약 원해""",World
"월가는 지금 'AI 데이터센터' 화두…""AI가 유일한 게임""",World
"""트럼프, MOU 초안 돌려보낸 건 호르무즈 개방 확약 때문""",World
"“미쳤냐!” 트럼프, 네타냐후에 폭발…“나 아니었으면 감옥 갔어”",World
밈에서 8150만달러 흥행으로…Z세대가 극장 움직였다,World
트럼프 “이-헤즈볼라 교전중단” vs 네타냐후 “계속 타격”…종전협상 찬물,World
"""영원히 안 사라집니다"" 섬뜩한 오염에…역대급 '정화 청구서' [스프]",World
"CNN ""트럼프, 호르무즈 개방 확약 원해 MOU 초안 돌려보내""",World
"“미 국방부, 의회 요청한 2.8조 예산으로 한·일서 군함 조달할 수도”···마스가 ‘브릿지 전략’ 시동 거나",World
"걸프 해역 지나던 화물선, 정체불명 발사체 공격에 폭발",World
"뉴욕증시, 종전협상 중단 우려에도 AI 랠리에 최고치 마감",World
"알파벳, AI 투자위해 121조원 유상증자…버크셔도 15조 베팅",World
"""트럼프, 종전 MOU 초안 돌려보내…호르무즈 개방 확약 원해""",World
"CNN “트럼프, 호르무즈 개방 확약 원해 MOU 초안 돌려보내”",World
이란 최고지도자 모즈타바 군사 고문 “이란이 참는 데도 한계가 있다” 대놓고 美 압박,World
"이란 ""대화 중단""...트럼프 ""다음주 호르무즈 개방""",World
"""대만을 국가라 불렀다""…中, NYT 기자 추방 놓고 美와 충돌",World
"미국 전략비축유, 대규모 방출에 1980년대 이후 최저수준 근접",World
"""생태계 교란"" vs ""감염병 차단""... 미국 전역을 발칵 뒤집은 실험 [지금이뉴스]",World
"""트럼프, 호르무즈 개방 확약 원해 MOU초안 돌려보내""<CNN>",World
"트럼프, 이란 협상 ""다음주 합의""...이스라엘 어깃장에 '격노'",World
"'협상 좌초' 모면?…트럼프 ""다음주 휴전 연장·해협 개방 예상""",World
정부 심기 건드린 ‘이란의 손흥민’ 아즈문···결국 월드컵 무대 못밟는다,World
"NYT ""미 국방, 장성 진급에 여성·흑인 또 배제…반다양성 행보""",World
"1조달러 가치 앤트로픽, 기업공개 신청…올해 가을 상장 추진",World
"레바논 충돌에 협상 삐걱…트럼프 ""교전 멈출 것"" 긴급 진화",World
[속보]美 보수지 “李정부 ‘강경좌파’…여당엔 ‘미국 동맹 없어’”,World
"트럼프 ""일주일 내 이란과 호르무즈 개방 합의 예상""",World
트럼프 “향후 1주일 내로 이란과 종전 양해각서 합의할 것”,World
"WSJ, 보수 인사 李 정부·민주당 비판 기고 게재…""韓, 美에 맞서 좌향좌""",World
네타냐후 “헤즈볼라 안 멈추면 베이루트 폭격”…중동 전면전 다시 불붙나,World
트럼프 “1주일 내 이란과 종전 합의”…중동 전쟁 끝낼 초대형 승부수,World
"[뉴스특보] '레바논 사태' 최대변수 급부상…트럼프 ""대화중""",World
"트럼프 ""다음 주 휴전 연장·호르무즈 개방 합의할 것""",World
[비즈 나우] 오픈AI 제친 앤트로픽…K반도체 '청신호',World
"종전협상 최대 암초 ‘레바논’...이란 “휴전 위반, 협상 중단”",World
"[부자들의 투자노트] 도이체방크 ""증시, 이란전쟁 아닌 AI가 핵심""",World
"""중국 군사 연계 대학들, 엔비디아 AI칩 'H200 ' 확보 시도""",World
'기상 이변' 中 하얼빈에 태풍급 모래폭풍,World
"""美 장성 진급명단 바뀌어…여성·흑인 또 배제""",World
"'레바논 사태' 종전 합의 변수 급부상…트럼프 ""이란과 빠른 속도로 대화""",World
"트럼프, ‘사법무기화 방지기금’ 포기…공화당이 반대 주도, 내부 균열",World
"트럼프 ""한 주내 휴전연장·호르무즈 개방 합의…협상 잘되고 있다""(종합)",World
"美봉쇄發 연료난에…유엔이 보낸 식량 2만톤, 쿠바 창고 방치",World
이란혁명수비대 “이스라엘 공격 지속시 바브엘만데브도 통항 제한”,World
"긴장 감도는 레바논…네타냐후 ""공격시 베이루트 때릴 것""",World
트럼프 “다음주 이란과 휴전 연장·호르무즈 개방 합의 이뤄질 것”,World
"'협상 중단' 진화 나선 트럼프 ""이란과 대화중""",World
"트럼프 ""한주 내로 휴전연장·호르무즈 개방 합의할 것""",World
"트럼프 ""다음 주면 끝""… 이란 휴전 연장·호르무즈 재개방 초읽기",World
"“트럼프·그린란드 위기 넘겼다”… 덴마크 총리 프레데릭센, 극적 3연임 성공",World
이란은 날이 서 있는데...트럼프 “1주일 내 합의 예상”(종합),World
"[마켓 브리핑] 엔비디아, 새로운 PC용 칩 공개…뉴욕증시 일제히 상승",World
"트럼프 ""협상 빠르게 진행‥레바논 교전 중단""",World
"[증시전략] 젠슨 황, 컴퓨텍스 연설서 PC 시장 출사표…의미는?",World
"트럼프 ""이스라엘-헤즈볼라 총격 중단 합의""...이란 협상 중단에도 휴전 모색(종합)",World
"女·흑인은 안된다?…“美국방, 해군 장성 진급서 또 배제”",World
"트럼프 “다음 주 이란과 휴전 연장, 호르무즈 재개방 합의 가능”",World
돈줄 말라가는 유엔 [김태훈의 의미 또는 재미],World
‘마오타이의 고장’ 뒤덮은 태양광 패널…中 AI 굴기의 숨은 엔진 [정다은의 차이나코어],World
"트럼프 ""일주일 안에 '이란 휴전 연장·호르무즈 개방' 합의 도달 예상""",World
"젠슨 황 ""AI 콘퍼런스 서울 개최 가능""...PC 진출 공식화",World
"WSJ, 韓비판 美보수인사 칼럼 실어…""美안보구상에 협력축소"" 주장",World
"뉴욕 증시, 또 사상 최고… 유가 급등에도 AI 랠리",World
"트럼프 ""다음주 이란과 휴전 연장·호르무즈 개방 합의 예상""",World
트럼프 “이란과 다음 주 합의 성사될 것…군사적 승리보다 더 큰 성과”,World
"트럼프 ""1주일 내 '휴전 연장·호르무즈 개방' 합의 예상""",World
"트럼프, 2.4조원 규모 '보복수사 피해기금' 철회…공화당도 ""선거 악재"" 반발",World
"협상 위기 진화 나선 트럼프 ""이란과 대화중""",World
"한·일 정상의 ‘고향 외교’, 아름다워 보이지만 속내는 복잡해",World
트럼프 “이스라엘도 교전 중단”…협상 걸림돌 치우기,World
트럼프 중재에도 강경한 네타냐후 “헤즈볼라가 공격 계속되면 베이루트 타격”,World
"“워라밸·월급 줄어요” 승진 기피하는 美·日, 이유는 제각각",World
"트럼프 중재에도 레바논 '뇌관'…네타냐후, 공습 방침 불변",World
"뉴욕 증시, 유가 반등에도 엔비디아 덕에 동반 사상 최고치 마감",World
"[외신 헤드라인] 앤트로픽, 비공개 상장 신청…오픈AI보다 빨랐다",World
"엔비디아 6%↑ 주도…뉴욕증시, 유가상승에도 ‘역대 최고’ 랠리",World
“이란 지하 미사일기지 상당수 복구”…미 공습 한계?,World
트럼프 “교전 멈출 것…이란과 협상 빠른 속도로 진행”,World
"트럼프와 통화한 네타냐후 ""헤즈볼라 공격시 베이루트 공격""",World
[속보]트럼프 “이란과 빠른 속도로 대화 중…이스라엘·헤즈볼라 교전 중단”,World
"젠슨 황 ""韓로보틱스 투자 검토…원하면 서울서 GTC 열겠다""",World
"""美국방부, 공보실도 보안구역으로 지정…기자 출입 막아""",World
"이란 ""협상 중단"" 선언에 태세전환…진화나선 트럼프",World
"이란혁명수비대 ""이스라엘, 레바논·가자 공격 지속시 바브엘만데브도 통항 제한""",World
"""레바논 공격은 휴전 위반""‥이란, 대화 중단 선언",World
"맥북 네오 돌풍...델, 90만 원 노트북으로 맞불 “더 가볍고 더 커”",World
"중재 나선 트럼프 “이스라엘, 베이루트 진격 중단”…이란 협상 불씨 살리기",World
"NYT ""美국방, 장성 진급에 여성·흑인 또 배제…反다양성 행보""",World
"미·이란 협상 '휘청'…트럼프 ""대화 진행중""",World
"""1999년보다도 더 큰 거품""…인도 조호 창립자의 '빅테크 버블 붕괴' 경고",World
프랑스 ‘일베’에서 대권주자 1위로…31살 바르델라는 누구?,World
"[르포] 협곡 위 대교, 절벽 위 5G… 中구이저우 산골 바꾼 인프라 혁명",World
"美, 中 해외 자회사까지 AI칩 차단...화웨이 “압박 덕에 새 길 찾았다”[글로벌 모닝 브리핑]",World
"625m 대교 위에서 ‘라방’…화웨이, 오지까지 5G 확장",World
폭탄 때문에 회항한 스페인행 비행기…“블루투스 기기 이름이 폭탄?”,World
"“대만을 ‘국가’로 불렀다” 중국, 美NYT 특파원 추방",World
"헤즈볼라, 美 중재 휴전안 수용…""이스라엘 공격 않으면 우리도 않겠다""",World
"“전쟁 초기같은 교전 없다” 뉴욕증시 사상 최고, 엔비디아 6% 급등[데일리국제금융]",World
"어업 손해 우려 탓에 1972년, 1994년 국민 투표 끝에 유럽연합체 가입 퇴짜놨던 노르웨이, 급변하는 국제 정세 속에 EU 합류할까",World
"'트럼프 크레이지 월드'에 백기 든 노르웨이, EU 가입 재검토",World
유가 6% 급등에도 AI 랠리…뉴욕증시 또 최고,World
"""레바논과 국경 다시 긋자""는 이스라엘…이란전 휴전 '뜨거운 감자'로 [이상은의 워싱턴나우]",World
뉴욕증시 3대지수 유가 반등에도 최고치 마감,World
개인 AI 비서 시대 성큼...온디바이스 경쟁 거세진다[김창영의 실리콘밸리Look],World
"엔비디아 6% 이상 상승, 뉴욕 증시 3대 지수 최고치 경신",World
"네타냐후 ""레바논 작전 지속""…트럼프 교전중단 발표에 찬물",World
"""트럼프, 여야 반발 직면한 '사법 피해자 기금' 철회할 듯""(종합)",World
"트럼프 ""이란과 협상, 빠른 속도로 계속 진행""…중단설 일축(종합)",World
콜롬비아 대선 극우냐 극좌냐… 결선서 판가름,World
"이란, 협상 와중에 대통령 사임설… 美엔 “레바논 휴전이 핵심”",World
"'666번' 버스, 종착지는 '지옥'…""사탄"" 비난받던 폴란드 버스 부활",World
러군 죽이자 ‘무기 쇼핑’ 포인트 쌓였다…게임이 돼버린 전쟁,World
"""거울 한 번 봤으니까 440원 내라""…중국 쓰촨성 관광지 '황당 갑질'",World
‘황당!’ 간부 승진하니 연봉 천만원 깎였다…한국과 다른 日 초과근무 수당 현실,World
미·이란 협상 최대 변수 된 레바논…유가도 출렁(종합),World
"""대선 패배 상처만 들춰""…바이든 여사 회고록 홍보 구설수",World
"이란, ‘대통령 사임 보도’ 즉각 부인… 지도부 균열설은 확산",World
트럼프 “의약품 줄테니 광물-의료데이터 달라” 아프리카 압박,World
이란 “종전 MOU 메시지 교환 중단” 우크라-가자 이어 교착 국면,World
"트럼프 ""이-헤즈볼라 교전멈출것…美·이란 속도감있게 대화중""(종합2보)",World
콜롬비아 대선 1차 투표서 강경우파 1위… ‘블루타이드’ 올라타나,World
프리미엄까지 붙여 베팅…버핏 후계자의 첫 투자처는 '이곳',World
"AI 덕…소프트뱅크, 20년만에 도요타 꺾고 日 시총 1위",World
"2차례 퇴짜 놨던 노르웨이, EU 합류 재추진하나",World
"""석유보다 비싸다""…메모리 빅3 몸값, 오일 큰손들 웃돌아",World
'젠슨 황 픽' 中 유니트리…상하이 IPO 통과,World
"이란 소통 중단 보도 후 트럼프 ""이란과 빠른 속도로 회담 진행""",World
"트럼프 ""이란과 대화 지속…종전 협상 속도 빨라""",World
"""비트코인 절대 안 판다""던 스트래티지, 3년 만에 첫 매도",World
英 스타머 총리 깊어지는 곤경…주미대사 임명 추가문건 공개,World
"트럼프 ""이스라엘·헤즈볼라 교전 중단…이란 협상 계속""(종합)",World
"트럼프 ""이스라엘-헤즈볼라 교전 멈출것…미·이란 대화 진행중""(종합)",World
"트럼프 ""이란과 빠른 속도로 대화중…이스라엘, 공격 멈출 것""",World
"이란, 美와 협상 중단 선언…""호르무즈 봉쇄"" 경고에 유가 재급등(종합)",World
"이란 ""美 해상봉쇄 레바논 긴장 용납못해…인내심 한계""",World
미·이란 종전 협상서 '레바논 사태' 최대 변수 급부상(종합2보),World
"""독일 총리, 유럽 정상 소집""…'트럼프 달래기' 논의할까",World
하반기에도 ‘트럼프식 마이웨이’ 가시밭길 예고,World
블록버스터급 IPO 문 열렸다...AI기업 앤트로픽 “신청서 제출”,World
"""트럼프 잘 달래보자""…독일 총리, 유럽 5개국 정상 긴급소집",World
극우 이단아 돌풍…'콜롬비아트럼프' 에스프리에야 정권교체할까,World
"미-이란 종전협상, 레바논 변수까지…핵·호르무즈 '첩첩산중'",World
"""순식간에 밤 됐다""…中 하얼빈 덮친 모래폭풍·태풍급 강풍",World
"이스라엘, 레바논 남부 '알박기'...십자군 천연요새 함락",World
이란 “美와 종전 협상 중단... 이스라엘이 레바논 공습”,World
미·이란 종전협상서 ‘레바논 공격’ 최대 변수로,World
공격 주고받으며 대치하는 미국·이란…가까스로 휴전 유지,World
"트럼프 ""이란과의 소통 중단설 들은 바 없어…이제는 침묵할 때""",World
"국제유가, 이란 협상중단 선언에 상승…WTI 5%대↑",World
"""독일 총리, 트럼프 달래려 유럽 정상들 소집""",World
미·이란 종전협상서 '레바논 사태' 최대 변수 급부상(종합),World
큰 나무가 뿌리째 뽑혔다…中 덮친 재난 영화급 ‘모래폭풍’,World
"이스라엘, 베이루트 공습 예고에 주민 대피 행렬…이란 ""美 협상 중단""",World
"美·이란, '공격·보복' 주고받으며 팽팽한 대치…휴전유지 위태(종합)",World
"타스님뉴스 ""이란, 미국과 소통 중단…레바논 휴전 위반 탓""",World
"이란 국영TV ""이스라엘의 레바논 공격 지속시 미국과 휴전 종료 가능성""",World
콜롬비아 대선 우파가 1위,World
"종전 MOU 체결 난항에… 美·이란, 또 무력 충돌",World
"미 언론 ""트럼프 행정부, 망명 신청 거부 절차 간소화 추진""",World
"""美, 망명 신청 거부 더 빨라진다…절차 간소화 추진""",World
"젠슨 황 ""항상 한국 투자 검토, 하닉 자랑스러워""…대만서도 드러난 韓사랑",World
"美상원 외교위, 4일 미셸 스틸 주한美대사 인준 표결",World
"뉴욕증시, 미-이란 갈등 재고조에 혼조 출발",World
"쿠웨이트, 나흘 만에 또 이란에 피격…""모든 책임 이란에""",World
이란 “미국과 메시지 교환 중단”…이스라엘 레바논 공세 반발,World
레바논 변수에 멈춘 美·이란 협상…유가 다시 들썩,World
"쿠웨이트, 나흘 만에 또 이란에 피격 확인…""강력 규탄""",World
"이란, 쿠웨이트 주둔 미군 기지에 미사일 공격",World
"프랑스, '그림자 선단' 유조선 네번째 나포...러 ""해적 행위""",World
"쿠웨이트, 나흘 만에 또 이란에 피격 확인(종합)",World
"[속보]이란 매체 “이란, 美와 협상 중단…호르무즈 봉쇄 재개”",World
"[뉴욕증시]이란, 미국과 소통 중단…유가 상승에 혼조 출발",World
"프랑스, '그림자 선단' 유조선 또 붙잡아…러시아 ""해적 행위""",World
"이스라엘, 레바논 공세 강화…이란 ""대화 중단""",World
트럼프 “이란 진심으로 협상 원해…미국에 좋은 합의할 것”,World
"네타냐후, 레바논 지상전 확대 지시…""이란, 미국과 종전 논의 중단""",World
"'2,700조' 우주 거물의 상장...최대 리스크는 '머스크'",World
"이스라엘, 미-이란 휴전 깨려고 작정했나…26년만 레바논 보포르성 재점령[트럼프 2기]",World
"트럼프 ""이란과 좋은 합의 될 것""…민주·공화 비판론자 직격",World
"파타고니아, 패티고니아? ‘착한기업’이 ‘드랙퀸’과 소송전 휘말린 사연",World
"젠슨 황, 대만 서민식당 5곳 AI공급망 소개…한국선 삼겹살 회동",World
에볼라 확산에도…지금 당장 공포에 빠질 상황은 아닌 이유 [월드픽],World
"미군 ""쿠웨이트 주둔 美 군기지 겨냥 이란 미사일 요격…사상자 無""",World
"“패트리엇 믿다가 또 뒤통수?”…스위스, 한국 방공망까지 검토 [밀리터리+]",World
"막판 꼬인 종전 협상…이란 ""레바논 휴전이 근본 조건""",World
"러 당국 ""우크라군, 자포리자 원전 겨냥해 매일 수십차례 공습""",World
"""레바논 포함 휴전이 핵심""…이란 거듭 강조, 왜?",World
이란 “레바논 휴전이 종전 협상 핵심 조건”…미·이란 협상 교착,World
"러시아, 지난달 우크라이나에 드론 8150기 발사…사상 최대 규모",World
"젠슨 황, 길거리 미식 인플루언서?…대만 노포서 '1조 달러'짜리 회식",World
"카츠 ""리타니강유역 군사통제구역화…헤즈볼라 공격 중단까지 베이루트 공격 계속""(종합)",World
'세금 0%' 파격 혜택 내걸자…기업들 줄줄이 짐 싸들고 '집결',World
"이란 외무장관, “레바논 포함 휴전이 핵심 조건” 거듭 강조",World
고치고 또 고치고…'종전 합의안' 두고 힘겨루기,World
"이란, ""레바논 포함 휴전이 핵심 조건"" 거듭 강조(종합)",World
"드론으로 전선 넓힌 우크라, 러 에너지 시설 장거리 타격",World
"강경파 눈치에…미·이란, 지난한 협상",World
'지옥행 버스' 다시 달린다…폴란드 666번 버스 부활,World
쿠웨이트에 이란 미사일 날아와…전날 이란 때린 미군기지 타깃?,World
"""승진했더니 연봉 1000만원 삭감""…일본 '연봉 절벽'에 승진 기피",World
"""편안한 노후 위해 10억은 있어야""…고물가에 은퇴 불안",World
이란 “우리도 美에 수정안 제시할 것…노딜도 대비” 종전협상 교착,World
"프랑스, '러 석유 운송' 유조선 나포…크렘린궁 ""해적 행위"" 반발",World
"“통장에 10억 없으면 경비라도 해야 된다”…‘은퇴 공포’ 번지는 호주, 무슨 일?",World
‘레바논 심장’ 노리는 네타냐후… 트럼프는 또 이란 공습,World
‘드론보다 무서운’ K방산 신무기 탄생…‘이것’ 품은 무인수상정 정체는? [밀리터리+],World
"""혁명수비대가 국정 장악"" 이란 '노딜' 대비…이스라엘은 연일 확전",World
"미국, 드론 지휘시설 공격…이란, 미군기지에 보복",World
"답답한 트럼프, 짜증 폭발? 이란 협상 공화당 내 비판에 ""훈수 그만…지켜보기나 하라""",World
"이란 정부, 페제슈키안 대통령 사임설 부인…지도부 내 균열 시사",World
서로 드론 날리고 미사일 쏘면서 “종전 안할거야?”...美·이란 또 무력 공방,World
"이스라엘군, 레바논 남부 지상전 확대…요충지 ‘보포르’ 25년 만에 장악",World
종전 MOU 난항에 트럼프 ‘진퇴양난’…미국·이란 또 맞불 공습,World
"NYT 기자 추방한 中 ""대만에 잘못된 신호 보낸 탓""",World
"덴마크 조선소, 러 전쟁자금 지원하나…러 LNG선 정비 지속",World
[속보]“종전 물 건너가나” 미국·이란 주말 새 국지전…미국 “주말 이란 시설 공습”·이란 “미국 기지 반격,World
중국인 지갑 다시 열렸나…고가 명품 매출 39% 급증,World
"美, 또 자위적 공습…이란 “협상 결렬 대비” [美-이란전쟁]",World
스페이스X IPO ‘팬덤 상장’ 논란…개인·ETF 쏠림에 구조 왜곡 우려,World
"이스라엘, 레바논 수도 교외에 공습 명령…워싱턴 고위급 대화 전날에",World
“F-35 교란법 제미나이로 연구”… 美 AI로 무장한 이란,World
차라리 말단이 낫다? 승진했더니 연봉 945만원 깎이는 日공무원,World
“‘노딜’도 대비”… 포성 주고받으며 MOU 힘겨루는 미·이란,World
"트럼프, 시진핑 추궁했을까…‘中업체가 이란 혁수대 미사일 고체연료 조달’ 폭로돼",World
프랑스 대선 극우-극좌 대결되나…중도 분열 틈타 극좌 약진,World
“미국 없는 시대 대비하나”…대만문제 말아낀 美·존재감 키운 日[디브리핑],World
"""3년 전엔 100만 원이었는데 지금은 0원…공짜로 가져가세요"" 농민들 통곡하는 이유",World
"루카셴코 ""친서방 행보 아르메니아 '제2의 우크라' 될 수도""",World
"“블랙웰 등 수십만개 中 흘러 들어가”…美, 뒤늦게 규제 허점 차단",World
화웨이 “美 압박 덕분에…타우의 법칙 찾아 감사”,World
"이란 ""수정안 제시·노딜 대비""… 美 행정부는 재압박",World
"저기, 휴전 이야기 중 아니신가요…미 공습-이란 보복 또",World
"폴란드, EU서 돈 빌린 다음날 32조원대 '무기 구매'",World
트럼프 “내 인지력 만점” 자랑했지만…선택적 공개한 건진 보고서 ‘의문’,World
"감자튀김 본고장 벨기에, 감자 재고 처리 못해 길에 버린다",World
미·이란 협상 흔들리자 레바논 전선 격화…중동 ‘통제 불능’ 확전 우려 고조,World
"폴란드, EU서 빌린 돈으로 하루 32조원어치 '무기 쇼핑'",World
"中, 남중국해·대만해역서 잇달아 '무력시위'…미일필리핀 압박(종합)",World
종전안 오가는 와중 … 美·이란 또 무력 공방,World
"""준비 다 됐다""는 전시작전통제권 전환, 비등하는 신중론",World
우크라·가자·이란까지 수렁…트럼프 '거래의 기술'은 어디갔나,World
"이란 ""미국 믿은 적 없어…불신 속에서도 종전 협상 계속""",World
"AI 수혜주 된 소프트뱅크그룹, 도요타 추월해 日 시총 정상",World
"외교소식통 ""시진핑 6월초 방북 쉽지 않아…외교 일정 겹쳐""",World
"이란 “불신 속 시작된 협상…美 입장 계속 바뀌어 지연""",World
"""우크라, 전세 반전 발판 마련 …러시아 휴전 수용론 부상""",World
‘트럼프와 반목’ 콜롬비아 다시 우향우?…강경 우파 야당 후보 1위로 결선행,World
"‘정글에 교도소 10개 공약’ 우파 후보, 1위로 대선 결선행···콜롬비아서도 ‘블루 타이드’ 확산하나",World
AI 훈풍에 韓·日 증시 사상 최고치…중동 긴장에 유가는 2% 상승,World
엔비디아 최신칩 ‘이 구멍’으로 중국 수출…美 뒤늦게 차단,World
"'합의 결국 퇴짜'…트럼프 ""이란, 핵무기 구매도 안 돼""",World
"""의약품 줄 테니 광물 달라""…트럼프式 원조 압박에 아프리카 반발",World
"삼성전자, 글로벌 D램 1위 수성…""2분기 D램값 58∼63% 상승""",World
종전 MOU 난항에 트럼프 ‘진퇴양난’…미국-이란 또 맞불 공습,World
"[올댓차이나] 대만 증시, AI 관련주 매수로 연일 최고치 경신…1.35%↑",World
"폐암 신약도 중국발 쇼크…美 신약 패권 ""심각한 위협""",World
"트럼프 때문에 2천 명 감소? 외교관 실종 사태, 위기 빠진 미국",World
적자의 늪 티빙 덮친 대형 악재…해킹 충격에 넷플 대항 좌초되나,IT_Science
한국투자증권은 코인원 택한 이유…'이것',IT_Science
"개방형 휴머노이드 플랫폼 공개한 엔비디아…젠슨 황, 韓 로봇 스타트업 만난다",IT_Science
"반등 모멘텀 만드는 카카오게임즈, 하반기 분위기 반전 나선다",IT_Science
[기업 코인 딥다이브] 보상부터 쌓인 웹3의 그늘 | 컴투스홀딩스②,IT_Science
"파두, 컴퓨텍스서 Gen6 SSD 공개…대만 수주 3000억 돌파",IT_Science
"선박 건조도 ‘로봇’으로…NC AI, 한화오션 사업 최종 수주",IT_Science
[기업 코인 딥다이브] CONX 리브랜딩에도 93% 뚝 |컴투스홀딩스①,IT_Science
블루오리진 로켓 폭발로 주춤한 미국...“이 때다” 싶어 바짝 쫓아오는 중국,IT_Science
치사율 최대 90%인데 백신도 없다…에볼라 재확산에 전 세계 비상사태,IT_Science
"삼성전자, HBM5 목업 첫 공개⋯발열 방지 'HPB' 기술도",IT_Science
"""우리도 만들고 있습니까?"" …李 대통령 언급한 'MMR' 뭐길래",IT_Science
"김택진 엔씨 대표, 젠슨 황 만난다...게임·피지컬 AI 협력 논의 전망",IT_Science
"李 대통령 ""행정 전반에 AI 즉시 도입하라""…'용역 관행'에 직격",IT_Science
"압박 수위 높이는 카카오 노조…홍민택 CPO 퇴사에 ""회피형 퇴장""",IT_Science
"엔비디아 젠슨 황, 엔씨 김택진 만난다…'AI·게임' 협력 주목",IT_Science
"""내가 공 던질 수 있을까?"" 젠슨 황 뜨기도 전에 ""옆테이블 잡아""",IT_Science
NASA “블루오리진 발사대 복구 2028년 전망… 스페이스X 대안 검토”,IT_Science
"젠슨 황, 성과급 질문에 ""내 직원들에게 물어보라""",IT_Science
"젠슨 황 ""강한 성장 위한 HBM4 공급 이미 확보""",IT_Science
"삼성전자, 8세대 HBM5 실물모형 첫 공개… 시장 선점 나선다",IT_Science
"젠슨 황, 삼성전자 성과급 이슈에…“임직원에 최대한 돈 많이 줘야”",IT_Science
축구 헤딩 '단 한 번'에도 뇌세포 손상 신호 나타났다,IT_Science
"""우리가 x86 생태계 깨부순 주역""… 퀄컴, 엔비디아 추격에도 '여유' [컴퓨텍스 2026]",IT_Science
삼성 성과급 묻자… 젠슨 황 “직원들은 가능한 한 많이 받아야”,IT_Science
"WBD 합병 후폭풍...美CBS 기자 ""편집국장이 시사 프로그램 망가뜨렸다""",IT_Science
"젠슨 황·김택진 만난다…""그래픽카드 팔던 시절부터 깐부""",IT_Science
"“나노 플라스틱 뇌까지 간다”…부산대, 숨은 이동 경로 규명",IT_Science
"카카오 노조, 책임경영 부재 비판…""문제만 남기고 경영진은 떠나""",IT_Science
"우나스텔라, 335억원 투자 받았다…""유인 우주비행 로켓 개발 박차""",IT_Science
"‘몸값 1조달러’ 앤트로픽, 상장 신청서 제출…오픈AI보다 빨랐다",IT_Science
삼성·구글 합작 ‘AI글라스’ 내달 본격 출시,IT_Science
통신사 과열 마케팅에 알뜰폰 ‘2만명’ 이탈,IT_Science
"[카카오 리셋①] 고강도 쇄신, 종착지는?…리더십 시험대",IT_Science
원가 절반이 메모리…스마트폰 2강 파이 더 키우나,IT_Science
젠슨 황 방문 임박에 '동선 사이트'까지 등장…관련주 추적도,IT_Science
[데스크칼럼] 젠슨 황의 스텝에 춤추는 국내 기업 주가,IT_Science
"네이버, 엔비디아와 ‘글로벌 AI팩토리’ 만든다",IT_Science
앤트로픽이 끌고 젠슨 황이 띄웠다…SKT 주가 '훨훨',IT_Science
"""삼성전자 '6억' 성과급 어떻게 생각하세요?""…젠슨 황, 소신 발언",IT_Science
[李정부 1년] 방송미디어 새 판 짜기…방미통위 출범·공영방송 개편 착수,IT_Science
스페이스X IPO가 쏘아 올린 우주경제…K-우주기업 재평가 신호탄,IT_Science
"[유미's 픽] ""국방 AI 잡아라""…네이버·SKT·삼성SDS, 'KCCS 전초전' 돌입",IT_Science
티맥스 ‘가이아 큐브’ 또 공식 출시?… 임금체불 속 1년 만에 일반인 공개,IT_Science
"LG이노텍, 인텔 'EMIB'용 기판 공급망 노린다…SK하이닉스에 샘플 공급",IT_Science
"젠슨 황, 이번엔 '유퀴즈'서 유재석 만나 창업 스토리 전한다",IT_Science
"젠슨 황, 유재석 만나 ‘성공 비결’ 푼다… 방한 중 ‘유퀴즈’ 녹화",IT_Science
'변화'냐 '변질'이냐...디캠프 내부 갈등 격화,IT_Science
젠슨 황은 왜 한국에 공을 들일까,IT_Science
"우주발사체 스타트업 우나스텔라, 335억 투자 유치",IT_Science
"젠슨 황 ""N1X는 시작…N2X·N3X로 AI PC 확대할 것""",IT_Science
"다리 20개 '성게 로봇' 화제…""어느 방향이든 이동""",IT_Science
"‘카톡 개편’ 홍민택 CPO 퇴사에…노조 ""책임 회피 반복""",IT_Science
젠슨 황이 찍은 한국 로보틱스…피지컬 AI 핵심 거점 부상하나,IT_Science
소맥회동에 유재석 만남까지…젠슨 황 일정 추적 사이트 등장 [only이데일리],IT_Science
"구글 모회사 알파벳, 120兆 유상증자…AI 실탄 확보",IT_Science
"외산 대신 국산…국방부, 국방 AI 기반 직접 만든다",IT_Science
안경 이어 펜던트까지…웨어러블 시장 장악 향한 메타의 도전,IT_Science
"[단독]젠슨 황, 엔씨 김택진도 만난다...피지컬 AI 협력 논의 가능성",IT_Science
"삼성 파운드리, 미세공정 우위·전력 비용 효율 '투트랙' 공략 나섰다",IT_Science
"[테크데이, '판'이 바뀐다]<11>인텍플러스, 반도체 기판·패키징 검사 장비로 글로벌 공략 강화",IT_Science
"‘우주 발사체’ 개발 우나스텔라, 시리즈 B 335억원 투자 유치",IT_Science
"태풍 '장미' 특보 발효, 역대 세 번째로 일러…남해안·제주도해안 너울 주의",IT_Science
"몸속 오메가-6가 대사과정 거쳐 암세포 전이 원천 차단…""세계 첫 규명""",IT_Science
식품업계 ‘고단백’ 열풍에 단백질 부족 현상 심화,IT_Science
네이버-엔비디아 동맹 선언…“글로벌 AI팩토리 구축”,IT_Science
"""아이폰 울트라, 증기 챔버 냉각 기술 적용…발열 잡는다""",IT_Science
"[AI픽] 네이버·엔비디아, 글로벌 AI팩토리 구축 나선다",IT_Science
e심 대중화의 벽…남은 과제는 ‘소비자 인지도’,IT_Science
다음달부터 LG헬로서 '스포티비' 못본다…블랙아웃 현실화,IT_Science
"늦어지는 애플 AI 스마트안경…삼성, 메타 독점에 승부수",IT_Science
"[AI는 지금] 美 플로리다주, 오픈AI에 첫 주정부 소송…챗GPT 책임론 확산",IT_Science
"올릭스, 로레알·와이스서 1100억 투자 유치…글로벌 공룡들 ‘베팅’",IT_Science
7월부터 LG헬로비전에서 SPOTV 채널 빠진다,IT_Science
"파업 전 비판수위 높이는 카카오 노조…""홍민택 퇴사도 직원 피해""",IT_Science
엔비디아와 손잡은 네이버클라우드 …글로벌 'AI 팩토리' 동맹 강화,IT_Science
"카카오 파업 위기에 준신위 등판…""국민 불편 안 된다"" 노사 중재 나서[only이데일리]",IT_Science
"“시총 1조달러 축하” 엔비디아·SK하이닉스, 차세대 AI 인프라 협력 강화 [GTC 타이베이]",IT_Science
"젠슨 황·이해진, '삼쏘 회동'서 나눌 이야기는 [IT클로즈업]",IT_Science
"""모든 AI 처리에 고성능 GPU만 쓰지 않는다... CPU 역할 ↑""",IT_Science
"HPE, AI 서버 특수에 '어닝 서프라이즈'…시간외서 30% 급등",IT_Science
"전기차 배터리 1위 CATL, 1~4월 점유율 40% 넘겨",IT_Science
"""대만 없인 루빈도 없다"" 황 CEO 공언… 'AI 팩토리' 생산 가속",IT_Science
"""전 여친 스토리 몰래 봐도 기록 안 남아""…인스타, 유료 요금제 내놨다",IT_Science
탄소 묻으며 수소를 캐낸다…현무암의 1석2조 ‘마법’,IT_Science
“완벽해야죠” “중간만 가도 뭐”…더 성공한 쪽은 뒷사람입니다,IT_Science
"LGU+, 국가유공자·제대군인에 알뜰폰 요금제 소개",IT_Science
"파트너에서 경쟁자로…포드, ESS 업고 K배터리 맹추격",IT_Science
"""갤럭시 VS 아이폰, 날씨가 왜 달라?""… 기상청이 밝힌 뜻밖의 이유",IT_Science
AI시대 'MS-엔비디아 동맹' 급부상[글로벌AI브리핑],IT_Science
"큐리언트, 모카시클립 유방암 효능 검증 본격화…임상 2상 첫 환자 투약",IT_Science
갤럭시Z폴드8 모형·실물 사진까지 등장…더 넓어진 화면비 주목,IT_Science
599달러 맥북에 놀란 PC업계…윈도 반격 나섰다[모닝폰],IT_Science
"“당분간 서학개미로 살아야”…전세계 돈 빨아들일 세 공룡, 릴레이 상장",IT_Science
"[컴퓨텍스 2026] 아닐 난두리 인텔 ""AI 인프라, 더 넣는 시대 끝났다…제온6+·18A로 효율 승부""",IT_Science
"앤스로픽, 오픈AI보다 먼저 IPO 신청… ‘1조달러 AI 전쟁’ 선점 나섰다",IT_Science
"뇌 노화 늦추는 최적 수면 시간은?… 여성 6.5~7.8시간, 남성 6.4~7.7시간",IT_Science
젠슨 황 만찬에 韓 로봇 스타트업…엔비디아 투자 접점 확대,IT_Science
"인텔 ""에이전틱 AI 시대, CPU 중요성 다시 커진다""",IT_Science
스트레스 받으면 ‘자폭’하는 뇌세포 지키자…방어 메커니즘 최초 규명,IT_Science
삼성SDS 출신 대표 수혈한 엠로… 美 B2C 기업 정조준,IT_Science
"네이버, 월드컵 중계 부분 유료로…출시 2년 치지직 수익화 시동",IT_Science
“무릎·어깨에서 ‘뚝뚝’ 소리…언제 병원 가야 할까?”,IT_Science
[사이언스카페] 공룡도 ‘악어의 눈물’ 흘렸다…과도한 염분 배출,IT_Science
[비즈톡톡] 젠슨 황은 왜 처음으로 ‘코리아 나이트’를 열었을까,IT_Science
“오픈AI보다 먼저” IPO 선수 친 앤스로픽...기업 가치 1조달러 육박,IT_Science
"'지각생' 우려냐 '계산된 정공법'이냐…애플, 첫 스마트 안경 내년 말 출격",IT_Science
"""안방 극장 6년 묶는다""…LG·넷플릭스 '거실 동맹'의 내막",IT_Science
"""애플 첫 폴더블 코앞에""…삼성, '폴드 울트라'로 승부수 될까",IT_Science
"발동 걸린 ‘빅테크 역대 최대 상장 러시’…앤트로픽, IPO 신고서 비공개 제출",IT_Science
‘깐부 젠슨황’에 환호하는 LG·두산·NAVER…“삼전닉스 부럽지 않아”,IT_Science
"5일 방한 젠슨황, 韓과 '피지컬 AI' 협력 어디까지?…시장 초미 관심 [AI 클로즈업]",IT_Science
"양자클러스터, 선거 공약이 아니라 산업 전략이어야 한다",IT_Science
"엔비디아, PC용 AI 칩 출시…인텔·AMD에 도전장",IT_Science
오일 파워 누른 반도체 파워,IT_Science
“주사 한 방이면 끝”… 유전자 치료제 개발 경쟁,IT_Science
"美, 中기업 해외 자회사에도 첨단 반도체 수출 금지",IT_Science
"최태원-젠슨 황, AI 인프라 다음 그림 그렸다",IT_Science
"최태원·젠슨 황, 타이베이서 비공개 회동…AI 파트너십 재확인",IT_Science
대만 달군 젠슨 황-韓기업 깐부 회동…SK·네이버와 AI 밀착(종합),IT_Science
"젠슨 황 ""서울이 원하면 GTC 열 것...韓 로보틱스 발전에 기여 바래""",IT_Science
"젠슨 황 ""韓 로보틱스 투자 검토⋯서울 GTC 개최도 가능""",IT_Science
"[포착]'아이돌 스타급 인기' 젠슨황, 사인 요청 '팬'들에 닭튀김 나눔",IT_Science
[르포] 셔터 내려가고 통제 불능에 '아찔'… 젠슨 황 '한국 파트너 나잇' 혼돈 그 자체,IT_Science
"'방한 예고' 젠슨 황 ""韓, 로보틱스 투자 관심""...최태원 회장과 별도 회동(종합1보)",IT_Science
"삼성 사장단, 호암상 시상식서 화기애애…전영현 ""반도체 열심히 해야죠""(종합)",IT_Science
"""서울서 엔비디아 GTC 열고파""…젠슨황, 韓 기업에 '무한 애정'",IT_Science
"[종합] 젠슨 황, 방한 앞두고 韓 파트너십 띄웠다…“엔비디아 생태계 핵심”",IT_Science
"젠슨 황 ""한국 로보틱스 투자 검토…GTC 서울 개최도 가능""",IT_Science
"‘12회는 너무 길다’ ‘1회 보다 말았다’ 이런 사람 많다더니…넷플릭스, 특단의 조치",IT_Science
"젠슨 황 ""SK하이닉스 큰 성공 자랑스러워""…HBM 동반자 관계 재확인",IT_Science
"""앱스토어 중심 시대 저문다""… 퀄컴 아몬 CEO가 지목한 '새 디지털 주인' [컴퓨텍스 2026]",IT_Science
"“한국은 엔비디아 생태계 핵심 축”… 젠슨 황, 로봇 산업 협력 확대 시사",IT_Science
"""노트북 꺼져도 밤새 일한다"" 구글, 24시간 자율AI '스파크' 출시…韓 언제쯤",IT_Science
"[단독] 류중희 리얼월드 대표, 젠슨 황 만났다",IT_Science
"""집 청소 무료로 해드려요""…한 스타트업의 파격 실험",IT_Science
[카드뉴스] AI가 입시판을 뒤집다,IT_Science
"[컴퓨텍스 2026] 인텔 ""GPU만으론 부족…에이전틱 AI는 CPU 밀도·네트워크""",IT_Science
"퀄컴, 첫 독자 데이터센터 브랜드 '드래곤플라이' 기습 공개…""엔비디아에 도전장"" [컴퓨텍스 2026]",IT_Science
5월 이동전화 번호이동 58만4205건…SKT로 이동 가장 많았다,IT_Science
“하루 더 버틸걸” “또 오를 줄은 몰랐다” 20% 폭등→하루새 30% 또 폭등…난리 난 국민포털,IT_Science
삼성 ‘차세대 신약기술’ 선점 나서...바이오벤처 펀드 4420억원으로 확대,IT_Science
"BOE, 이달 중순 IT 8세대 OLED 양산 출하식...수율 30% 이하 추정",IT_Science
"오스코텍, 美 아지오스와 1조원 규모 세비도플레닙 기술이전 계약",IT_Science
"최태원, GTC 타이베이 참석⋯엔비디아와 'AI 메모리 동맹' 재확인",IT_Science
"삼성전자, 1Q D램 점유율 38.5%로 1위…하이닉스와 격차 벌려",IT_Science
"김승연 회장 ""한화에어로 사고, 애통한 심정""…특별대응TF 지시",IT_Science
"결국 파업으로 가나… 카카오 노조 ""10일 부분파업·판교 집회 병행""",IT_Science
"삼성, 스마트안경 '메타 독점' 깰까… 애플 출시 연기도 '호재'",IT_Science
"두산에너빌리티, 사우디서 8400억원 발전소 수주",IT_Science
AI 시대 전력 확보 나선 SK…정승일 전 한전 사장 전진 배치,IT_Science
VC도 증시도 소프트웨어에서 피지컬 AI로… 5년 새 투자 5배 늘었다,IT_Science
"젠슨 황이 공개한 AI 노트북용 칩... 성능은 물음표, 삼전하닉엔 이득",IT_Science
"[AI는 지금] '가성비 AI' 다음은 코딩 에이전트…중국 AI, 韓 압박 거세진다",IT_Science
"MS, 부산에 125MW급 데이터센터 추진...올해 10월 착공 예정(only 이데일리)",IT_Science
"美, AI칩 중국 우회 수출 차단... 中 ‘美 제재 덕에 반도체 기술 발전’",IT_Science
"1시간 24분마다 우주서 온 미스터리 전파, 정체는 백색왜성 쌍성계",IT_Science
"엔비디아, 韓과 ‘AI팩토리’ 협업 강화…디지털트윈·로봇 등 훈련·검증 본궤도",IT_Science
오스코텍도 1조 계약… 렉라자 이어 3번째 신약 기술수출 성공,IT_Science
기업만 챙기고 우리는?…K-스틸법 앞두고 청와대 찾은 노조,IT_Science
“성과급 기준 공개하라” 셀트리온도 창사 25년 만에 노조 출범,IT_Science
[기업 코인 딥다이브] FNCY 접고 MBX 실수요 시험대 | 넷마블②,IT_Science
국방AX 힘주는 네이버…‘유비파이’ 투자,IT_Science
"엔비디아 젠슨 황 효과…네이버, 3거래일 상승률 36% 급등",IT_Science
카톡·카카오페이 괜찮을까… 고용불안에 부분파업한다는 카카오 노조,IT_Science
"엔비디아, 中 유니트리와 손 잡았다…휴머노이드 연구 플랫폼 공개",IT_Science
"젠슨 황, 이번엔 성수서 ‘삼쏘 회동’…최태원·구광모·이해진 총출동",IT_Science
"한미약품, 美 릴리에 장 질환 신약 기술수출",IT_Science
"삼성전자, 글로벌 D램 1위 수성…""2분기 D램값 58∼63% 상승""",IT_Science
"“어르신, 앉으세요” 동년배가 자리 양보했다…차이는 세포 나이?",IT_Science
[DD퇴근길] 가죽 재킷 형님 젠슨 황의 네이버 사랑,IT_Science
"“우리가 진짜 뉴토끼”… 긴급차단 시행했는데, 불법 웹툰 사이트 더 늘어",IT_Science
"이재용 회장, 삼성호암상 5년 연속 참석…묵묵히 '인재 철학' 계승",IT_Science
"젠슨 황, 이번주 방한…성수동 삼겹살 회동 추진",IT_Science
엔비디아 협력부터 국방 AX까지...AI 존재감 키우는 네이버,IT_Science
"퀄컴 ""에이전틱 AI, 모든 디지털 경험의 중심""",IT_Science
"'상장 10년 만에 첫 상한가' 삼성SDS, 'AI 인프라'로 기업가치 재평가",IT_Science
"버거킹 가격 올리고, 굽네 중량 줄이고…외식계 ""버틸만큼 버텼다""",IT_Science
韓 게임사 다음 전장은 ‘로봇 두뇌’… 한화·포스코·현대로템과 맞손,IT_Science
"수학계 80년 난제 풀어낸 AI, 생각의 ‘차원’이 달랐다",IT_Science
"젠슨 황 ""인간 위한 CPU 아닌 AI용 CPU 만든다""(종합)",IT_Science
"[컴퓨텍스 2026] ""휴대용 게임 핵심은 최적화 경험""…인텔 ‘아크 G3’, AMD에 도전장",IT_Science
"엔비디아-폭스콘, 대만 의료기관에 '피지컬 AI' 투입",IT_Science
“젠슨 황이 삼겹살 구워주나요” 이번엔 성수동 ‘삼소 회동’,IT_Science
"카카오노조 ""경영실패 따른 매각, 분사, 구조조정 멈춰라""… 10일 부분파업 돌입",IT_Science
"서울반도체, 글로벌 완성차에 고전압 LED 납품...완성차 4곳 양산 돌입",IT_Science
베이조스의 ‘뉴글렌’ 폭발 후폭풍… 아마존·NASA·美 안보 위성 발사까지 흔들,IT_Science
"삼성바이오로직스, 이직률 첫 1%대 진입…4년 만에 연봉 44% 상승",IT_Science
"젠슨 황, 이해진 네이버 의장 만나고 분당 사옥 간다",IT_Science
"온코닉테라퓨틱스 ‘네수파립’, 췌장암서 40개월 장기 생존 확인",IT_Science
"오스코텍, 美 아지오스에 자가면역질환 치료제 기술이전…최대 1조 규모",IT_Science
"SKT, 엔비디아 손잡고 반도체 제조 가상 공장 만든다",IT_Science
"젠슨 황, 韓 기업인들과 성수서 ‘삼겹살 소맥’ 회동할 듯… KBO 시구 가능성도",IT_Science
"""한식 로봇, 美 공항까지 점령 … K푸드 전성기는 이제 시작""",IT_Science
"""진화하는 현대戰, AI를 확보하라"" 실리콘밸리 달군 K 방산·인프라",IT_Science
"유튜브 영상에서 출발한 공포영화 '백룸', 북미 박스오피스 1위",IT_Science
"""AX가 주업무라더니 막상 출근하니 딴 일만…"" 대기업 떠나는 AI인재들",IT_Science
로보택시에도 택시면허가 기준될까…자율주행 협의체 놓고 '충돌',IT_Science
"코스피, 8780선 돌파…젠슨 황 효과에 삼전닉스·LG·두산까지 ‘날개’",IT_Science
카카오 결국 파업가나... 10일 4시간 부분파업 예고,IT_Science
"""유선 시너지 못 찾았다""…LGU+, 테이블오더 '철수'하고 AI '집중'",IT_Science
"젠슨 황, 'PC 재발명' 선언…MS와 손잡고 'AI PC'로 대변혁 예고",IT_Science
차세대 반도체 뉴로모픽…“인간 뇌 원리 이해하면 설계 가능”,IT_Science
"넥슨·컴투스홀딩스 후퇴? ""가상자산 시장 이탈 아닌 'IP·결제 인프라' 재정비""",IT_Science
"한미약품, 장 질환서 조 단위 '깜짝 딜'…경영권 정비 '뉴한미' 첫 성과",IT_Science
"젠슨 황 ""모두가 개인 에이전트 구동할 수 있게 될 것""…AI PC 'RTX 스파크' 공개",IT_Science
"""찜한 운동화, 같이 살 것도 찾아드릴까요?”…네이버 쇼핑AI가 먼저 말 건다",IT_Science
"네이버클라우드, 국방AX 수장에 유경범 총괄… 독자 AI 모델로 승부수[only 이데일리]",IT_Science
“혁명의 시작” 엔비디아 신제품 뭐길래…삼전닉스 수혜 기대감,IT_Science
이번엔 한미약품 1.7조… K-바이오 상반기 기술수출 10조 ‘역대급’,IT_Science
젠슨 황 “대만 공급망은 에이전틱 AI 시대 여는 세계 최고 생태계” [컴퓨텍스 2026],IT_Science
"SK텔레콤, 젠슨황 GTC 기조연설에 ‘피지컬 AI 협력사’로 언급",IT_Science
"젠슨황 ""에이전트AI가 대세…엔비디아는 토털AI 기업"" 선언(종합)",IT_Science
"“AI는 비용 아닌 수익”… 젠슨 황, 에이전틱·피지컬 AI 시대 선언",IT_Science
"삼성전자, 美 법인 본사 뉴저지서 텍사스로 이전",IT_Science
방한 임박 젠슨 황…이번엔 성수서 '삼겹살 소맥' 회동한다(종합2보),IT_Science
'아직 갈길 먼데'...셀트리온도 25년만에 노조 출범,IT_Science
젠슨 황 “가상세계 끝… 물리적 실제세계 피지컬 AI 시대 개막” [컴퓨텍스 2026],IT_Science
"SKB 품은 SKT, 100% 완전자회사 전환… “합병 계획은 없어”",IT_Science
[뉴스해설] 엔비디아·마이크로소프트 손잡고 x86 진영 정조준,IT_Science
젠슨 황 “40년 만의 PC 대혁명… 애플·IBM 진영 바꿀 RTX 스파크 출격” [컴퓨텍스 2026],IT_Science
"퀄컴, 로봇 개발용 플랫폼 '드래곤윙 IQ10 RDD' 공개",IT_Science
퀄컴 '드래곤윙 IQ10 RRD' 전격 공개… 휴머노이드 로봇 시장 정조준 [컴퓨텍스 2026],IT_Science
[김영욱의 게임 후벼파기] 中과 경쟁도 힘겨운데… AI 챗봇과도 싸워야 하는 韓 게임,IT_Science
"엔비디아, PC 프로세서 시장 진출…인텔·AMD와 정면 승부",IT_Science
젠슨 황 “인간 위한 CPU 시대 끝났다”…AI 연산 특화 '베라 CPU' 전격 출시 [컴퓨텍스 2026],IT_Science
"최태원, '깐부' 젠슨 황 키노트 직접 찾아…저녁에는 해산물 만찬",IT_Science
"""아이폰18 프로, 첫 가변 조리개 카메라 탑재""…가격 오를까",IT_Science
"엔비디아, 베라 루빈 플랫폼 양산 시작…젠슨 황 ""AI 팩토리 엔진""",IT_Science
"CJ 개인정보 유출 사건, 국제공조 수사 착수…쿠팡도 수사 속도",IT_Science
"[e모션] 한화생명, 1-2R 1위 달성…T1과 MSI 진출 지름길 확보",IT_Science
우주에는 지구보다 지옥 같은 금성형 행성이 더 흔하다? [우주를 보다],IT_Science
"지능화되는 SK하이닉스 반도체 팹...SKT, 엔비디아와 ‘제조 피지컬 AI’ 협력성과 공개",IT_Science
"[단독]공공기관 DaaS 써도 되나…국정원 ""원격근무용 OK, N2SF 반영 검토""",IT_Science
중력파 관측 390건 누적… 2세대 블랙홀 발견 단서도 포착,IT_Science
홍민택 떠난 카카오...이용자 신뢰 회복할 수 있을까,IT_Science
아무나 안 만나는 건 본능? 침팬지도 친구 가려 만났다,IT_Science
"'노사 협상 교착' 삼성바이오, 지난해 이직률 1.9% 최저 수준",IT_Science
젠슨 황이 띄운 SKT…피지컬 AI 협력사로 재등장,IT_Science
[유미's 픽] AI 인프라 격전지 된 인도…삼성·LG도 데이터센터 판 키울까,IT_Science
엔비디아-SK ‘디지털 트윈’ 동맹...젠슨황 기조연설때 SKT도 거론,IT_Science
"""AI 가져오면 전쟁 데이터 주겠다""…젤렌스키의 실리콘밸리 러브콜",IT_Science
"지원금 경쟁에 밀린 알뜰폰, 가입자 순감 지속",IT_Science
"중력파 천문학 2.0시대, 스티븐 호킹 50년 난제 풀었다",IT_Science
창립 25년 만에 깨진 서정진 '무노조' 원칙…셀트리온 노조 출범했다,IT_Science
"'깃허브 코파일럿' 토큰 과금 전환 시작…""비용 폭탄 우려""",IT_Science
"한화에어로 대전사업장 폭발로 7명 사상…회사 ""수습 총력""",IT_Science
'네이버♥엔비디아' 띄운 젠슨 황…삼성·SK·현대차도 등장,IT_Science
화웨이 회장 “미국 덕에 중국 반도체 발전...감사하다”,IT_Science
토요타 노조는 왜 생산성을 먼저 꺼냈나,IT_Science
"""삼성 갤럭시S26이 공짜?""…보조금 폭탄에 알뜰폰 떠나 이통사로 턴",IT_Science
"""화웨이 때문에 도청을 못하잖아""…2001년 미국이 이라크 폭격한 진짜 이유",IT_Science
주목할 디스플레이 기술은…“非FMM·고이동성 옥사이드”,IT_Science
"온코닉테라퓨틱스 ""‘네수파립’ 전이성 췌장암 40개월 이상 장기 생존""",IT_Science
"젠슨 황, 8일 네이버 ‘1784’ 찾는다…산업용 피지컬 AI 동맹 강화",IT_Science
"젠슨 황 ""MS와 손잡고 PC 재창조""…AI 에이전트 시대 선언",IT_Science
"“단 20분이면 끝” 서울~부산 왕복 거뜬…1회 충전 1000km, 꿈의 전기차 나온다",IT_Science
방한 임박 젠슨 황 CEO…서울 핫플서 '깐부회동' 재현되나(종합),IT_Science
"김규진 타이거리서치 대표 ""韓, 아시아 '크립토 허브' 기회 남아있다"" [크립토브리핑]",IT_Science
"젠슨 황 ""베라 루빈 본격 양산…삼성·SK·마이크론 HBM4 탑재""",IT_Science
"인텔, 아크 G3 기반 휴대형 게임PC로 10억 게이머 정조준",IT_Science
"엔비디아 젠슨 황 ""CPU도 새 성장동력""…AI 인프라 전방위 확장",IT_Science
"영업익 N% 내놓으란 韓 노조에…경총, 도요타 노조 사례로 직격",IT_Science
"""한여름도 아닌데 40도""…유럽 폭염, 우주에서 봤더니 [우주서 본 지구]",IT_Science
수출 3개월 연속 800억 달러 초과…반도체 169.4% 증가하며 수출 견인,IT_Science
"엔비디아 젠슨 황 ""베라 루빈, 가을 양산…AI 팩토리 시대 열 것""",IT_Science
대전 한화에어로스페이스 폭발사고로 5명 사망·2명 중경상,IT_Science
"‘방한’ 젠슨 황, 93번 유니폼 입을까?…시구 전망에 기대감 UP",IT_Science
낙상 골절 어르신 10년 추적 조사…기대수명은?,IT_Science
"MS, 빌드서 AI 에이전트 전략 공개…""개발 생태계 재편""",IT_Science
'가정의 달' 번호이동 활기…SKT 순증 1위,IT_Science
"“10조 시장 겨냥”… 셀트리온, 코센틱스 바이오시밀러 ‘CT-P55’ 캐나다 허가 신청",IT_Science
"젠슨 황, 이해진 의장 만나고 네이버 1784로?…""8일 유력""",IT_Science
단통법 폐지의 역설…오히려 통신3사 쏠림 심화,IT_Science
"인텔 오픈비노, 피지컬 AI로 확장... ""개발 시간·복잡도 개선""",IT_Science
"젠슨 황, 이해진 회동 이어 네이버 사옥 방문…AI 협력 논의",IT_Science
스트레스 안 받도록 살살…‘사이보그 바퀴벌레’ 만드는 신기술 개발,IT_Science
"인텔, 추론용 GPU '크레센트 아일랜드' 내년 출시 재확인",IT_Science
"최태원·곽노정, 젠슨 황 엔비디아 CEO 키노트 경청",IT_Science
"[컴퓨텍스 2026] 인텔, 로봇용 피지컬 AI 공략…오픈VINO로 현장 적용 넓힌다",IT_Science
"인텔, 클라우드·통신사·에이전틱 AI 겨냥 제온6+ 정식 출시",IT_Science
"[포털, AI를 입다-下] 카카오표 '실리형 AI'…""일상형 에이전트 플랫폼으로""",IT_Science
"GM, LG엔솔 합작 전기차 배터리 공장 직원 복귀 8월로 연기",IT_Science
"LGD, 대만서 게이밍 OLED 로드쇼 개최...모니터 세트사 20곳 대상",IT_Science
"젠슨 황, 네이버 1784 방문 추진…이해진 의장과 AI 협력 논의 전망",IT_Science
"SK하이닉스 청주공장서 '불'…""7명 병원 이송""",IT_Science
"젠슨 황 만나는 이해진 ‘AI 승부수’…네이버, AX부터 국방까지 광폭행보",IT_Science
중력파 관측 10년…'2세대 블랙홀' 존재 첫 확인,IT_Science
카카오 첫 파업 현실화…AI 승부수 흔드는 노사 리스크(종합),IT_Science
구글이 모기 3200만 마리를 숲속에 푸는 이유,IT_Science
"[Why&Next]네이버, 한국형 국방AI 플랫폼 만든다",IT_Science
"젠슨 황, 방한 때 네이버 1784 찾는다…8일 방문 유력",IT_Science
"네이버 지도 리뷰 별점, 5년 만에 다시 뜬다…가게가 공개 여부 정한다",IT_Science
"[르포] ""젠슨 황 굿즈 사러 왔어요""… 타이베이 뮤직 센터 흔든 'AI 팝스타' 열풍",IT_Science
'터미네이터' 현실 되나…군사용 휴머노이드 로봇 시대 열린다,IT_Science
"AI 시대, 전공 선택의 지형도가 바뀌다",IT_Science
아이폰18 프로 4개 색상 모형 공개…‘다크 체리’ 새 인기색상 될까,IT_Science
"쏠리드윈텍, 514억 규모 군 위성 통합 PBL 사업 수주",IT_Science
"테슬라·스페이스X 합병, 테슬라 주주에게 ‘득보다 실’…왜?",IT_Science
"[테크데이, '판'이 바뀐다]〈10〉롯데에너지머티리얼즈, AI 데이터센터용 회로박 경쟁력 조명",IT_Science
"SKB, SKT 완전 자회사로…""합병 가능성 없다” 일축",IT_Science
"유라클, 모바일 성공 공식 AI로 옮긴다…에이전트 표준 플랫폼 정조준",IT_Science
"'페이커' 조모 살해협박 예고글 올라와…경찰, 수사 착수",IT_Science
"카카오 노조 ""10일 5개 법인 부분파업""",IT_Science
"카카오, 창사 이래 첫 파업 현실화⋯10일 4시간 부분 파업 '전운' [종합]",IT_Science
"삼성D, 컴퓨텍스서 게이밍 OLED 16종 공개⋯4K 360Hz QD-OLED 첫선",IT_Science
삼성 ‘갤럭시 북6 엣지’에 퀄컴 ‘스냅드래곤 X2 엘리트’ 탑재,IT_Science
함돈희 “반도체 칩으로 수천개 뉴런 동시 측정”…최종현학술원 특별강연,IT_Science
‘성과급 갈등’ 카카오 노조 “10일 4시간 부분파업”,IT_Science
3달 만에 3조 싹쓸이… 삼성·SK하닉 담은 ‘혼합 ETF’ 인기,IT_Science
“매일 커피 마시고 과일 먹었더니”…파킨슨 위험 낮아졌다,IT_Science
"삼성디스플레이, '컴퓨텍스 2026'서 차세대 게이밍 OLED 대거 공개",IT_Science
자회사 구조조정해가며 영업익 늘렸는데…'성과급' 더 달라는 카카오 노조 [분석+],IT_Science
젠슨 황 만나는 이해진 ‘AI 승부수’…네이버 ‘국방-피지컬AI-인프라’ 광폭행보,IT_Science
전기차 1회 충전 1000km시대 성큼…실리콘 음극재 난제 풀었다,IT_Science
"""한국 AI 안보인다고?"" SK하이닉스 성공 비결에 '국산 AI, 독파모' 있다",IT_Science
"美상무부, 첨단 AI칩 中우회 수출 막는다…“중국 자회사도 포함”",IT_Science
삼성SDS·LG CNS 주가 '불기둥'…AI 인프라 성장 기대감 고조,IT_Science
"카카오, 창사 첫 파업…노조 “10일 4시간 부분 파업”",IT_Science
"카카오 노조 ""10일 4시간 부분파업 진행…추후 수위 강화""(종합)",IT_Science
“10일 부분 파업” vs “도저히 수용 불가” 강대강 카카오 막판 협상 돌입,IT_Science
두쫀쿠·버터떡 8만개 몰래 만들었다…불법 제조·유통 일당 적발,IT_Science
"온코닉테라퓨틱스, 전이·진행성 췌장암 '네수파립' 추가로 40개월 넘게 생존",IT_Science
"서울반도체 고전압 광반도체, 글로벌 완성차 4개社 공급",IT_Science
"기술패권 무한경쟁…""선수인 연구자 이끌 '감독' 키워야""",IT_Science
"지2터치, 페라리 '루체(LUCE)'에 터치 IC 공급",IT_Science
"[AI픽] K-AI, 반도체 공장부터 원전까지 들어갔다",IT_Science
"아인슈타인 예언 증명 10년…인류, '30억 광년' 블랙홀 충돌까지 다 본다",IT_Science
"[AI는 지금] 홍콩서 400% 뛴 中 미니맥스, 본토 상장 시동…AI 투자판 커진다",IT_Science
“경영진 중심 보상체계 개선해야”…카카오 노조 ‘전면 파업’까진 안한 이유는,IT_Science
韓 흥행작 中 공략 러시…성공 사례 나올까,IT_Science
"네이버 AI, 하늘 날아오른다…글로벌 드론 강자 '유비파이' 전격 투자",IT_Science
"네이버클라우드, 국방 AI 전담 조직 띄운다…군 특화 AX 시장 정조준",IT_Science
"[속보]카카오 노조, 10일 부분 파업…""교섭 상황 따라 파업 수위 강화""",IT_Science
"카카오 노사 갈등, 끝내 파업으로…노조, '4시간 부분파업' 예고",IT_Science
"“단 한 번 20분 충전으로”…전기차, 서울∼부산 왕복 주행",IT_Science
"서울대병원, 진료부원장에 김용진·분당서울대병원장에 전영태 임명",IT_Science
"카카오 노조 ""6월 10일 4시간 부분 파업"" 예고",IT_Science
"[주간 클라우드 동향 5월⑤] ""GPU 쌓는 시대 끝났다""…AI 인프라 전쟁 후반전 열쇠는 '네오클라우드'",IT_Science
"보험사 발목 잡는 'IT 재코딩'… SAS, 단일 플랫폼으로 병목 푼다",IT_Science
"퀄컴, 갤럭시북6 엣지에 스냅드래곤 X2 엘리트 공급",IT_Science
"머스크·베이조스 로켓들 ‘추락, 펑’…미국의 ‘달 도시’ 개문발차 신세",IT_Science
"카카오 창사 첫 파업 현실화…노조 ""10일 5개 법인 4시간 파업""(종합)",IT_Science
"카카오 노조, 10일 4시간 부분파업 돌입…수위 강화 예고",IT_Science
"코스피, 장중 첫 8600 돌파…삼전 웃고 SK하닉은 숨고르기",IT_Science
[속보] 카카오 노조 “10일 4시간 부분 파업”,IT_Science
"인텔·AMD·퀄컴 안방 노린다…엔비디아, 독자 칩 윈도우 PC 최초 공개",IT_Science
항암제로 ‘우울증·기억장애’ 예방 성공…신개념 뇌질환 치료제 나온다,IT_Science
"인간보다 10배 빠른 눈과 팔… AI, 두뇌 넘어 육체 스포츠까지 접수[Science]",IT_Science
하프마라톤 뛴 로봇… 넘어져도 인간 세계기록 7분 앞서[Science],IT_Science
"애플, 신형 애플 TV 및 홈팟 미니 하드웨어 개발 완료",IT_Science
"""챗GPT처럼 쓴다""…애플, iOS 27서 시리 앱 독립·AI 동기화 강화",IT_Science
"소프트뱅크, 프랑스에 132조원 AI 베팅…유럽 최대 데이터센터 짓는다",IT_Science
"""제2의 애플워치 만든다""…애플, 메타 겨냥한 스마트 글래스 개발 가속화",IT_Science
"[사이테크+] ""사슴 몸에 정착하면 날개 떼고 시각 민감도 낮추는 흡혈 곤충""",IT_Science
당근부동산서 집 구하는 데 평균 2.4개월…30대가 가장 신중했다,IT_Science
"“실패해도 22조짜리 불꽃놀이”… ‘원신’ 미호요, 풀스택 AI 기업 선언",IT_Science
"방사청, 드론 잡는 ‘천광' 핵심부품 국산화 성공",IT_Science
"""아키텍처는 분산, 발주는 통합""…2967억 K-에듀파인 3세대 사업 발주 방식 도마에",IT_Science
"비트코인 낙관론 정점…""단기 조정 가능성""",IT_Science
"AMD, 소켓 AM4용 라이젠 7 5800X3D CPU 재출시",IT_Science
AI보다 중요한 건 ‘안경빨’…스마트 글라스의 진짜 승부처 [스마트폰 끝내러 온 AI 안경]②,IT_Science
"보로노이, 차세대 폐암 표적치료제 ‘VRN11’ EGFR 뇌전이 환자서 종양 완전 소실 사례 확인",IT_Science
"포스텍-서울대·LG엔솔, 충·방전 반복해도 안깨지는 실리콘 배터리 소재 개발",IT_Science
"티움바이오 ‘토스포서팁’, 두경부암 1차 치료 시장서 '베스트인클래스' 잠재력 제시",IT_Science
"프레스티지바이오파마, 췌장암 신약 ‘PBP1510’ 임상 2a상 진입 로드맵 구체화",IT_Science
"애플, 웨어러블 혁신 재도전…애플글래스 개발 박차",IT_Science
"대한조선, 수에즈막스 연속 수주…올해 15척 확보",IT_Science
"노타, 엔비디아 손잡고 '피지컬 AI' 영토 확장…산업현장 바꾼다",IT_Science
"""손흥민은 무료, 메시는 유료""…네이버의 월드컵 승부수 통할까",IT_Science
"렌터카업계 ""자율주행 협의체서 배제…제2의 타다 사태 우려""",IT_Science
"한미약품, 릴리에 비만신약 후보물질 1.9조원 규모 기술이전",IT_Science
"'입원실 남녀 구별 의무 폐지' 논란에…복지부 ""현행 유지""",IT_Science
웹툰만 팔던 회사 아니다…스튜디오N 앞세운 네이버웹툰 '한국판 디즈니' 꿈 성큼,IT_Science
반도체 다음은 '이것'?…피지컬 AI 열풍에 시총 두 배 뛴 이유,IT_Science
두 손이 자유로운 세상…AI 안경이 스마트폰 삼킬까 [스마트폰 끝내러 온 AI 안경①],IT_Science
"웨이모·에이비스는 손잡았는데…자율주행 협의체, 렌터카 '퇴짜'",IT_Science
[비즈人워치]200만 조회수 터뜨린 '이 부장'…삼성SDS의 휴먼마케팅,IT_Science
"""젠슨 황, 93번 유니폼 입고 잠실 마운드 오르나""…프로야구 시구 야구팬·재계 촉각",IT_Science
"[포털, AI를 입다-上] 검색창을 ‘실행창’으로…네이버 AI, 진짜 무기는?",IT_Science
나는 왜 AI가 쓴 글이 힘겨울까,IT_Science
"‘기포 병목’ 뚫어…KAIST, 그린수소 생산 효율성 ‘세계 최고’ 선점[D:로그인]",IT_Science
"아이폰 다음은 안경?…애플, AR 없이 내년 말 출시설[모닝폰]",IT_Science
메모리값 폭등에 원가부담 '쑥'...속 타는 삼성·LG,IT_Science
"[단독]네이버, 국방 AI 시장 본격 진출…전담 조직 띄운다",IT_Science
"코스피 ‘키맨’ 삼성전자, 초격차 너머 ‘초월성장’",IT_Science
한국이 미중 AI 격전지로…중국 AI 공세 거세진다,IT_Science
답변 4개 중 1개는 구매로…구글 공습에 AI탭으로 맞서는 네이버,IT_Science
메모리 가격 두배 폭등하자 삼성·LG 전자제품 원가부담 껑충,IT_Science
"희비 엇갈린 클라우드서비스 업계… 메가존클라우드·베스핀글로벌, CEO 취임 1년 성적은",IT_Science
폰 안 꺼내고 찰칵… 메타가 키운 ‘스마트 안경’ 구글 맹추격,IT_Science
[비즈톡톡] 삼성SDS가 두나무 지분에 1532억원 투자한 이유는,IT_Science
비만치료제 다음은 ‘이것’… 빅파마는 100조 유전자 치료제 시장에 ‘올인’,IT_Science
"""한국전만 공짜""…네이버, 북중미 월드컵 '부분 유료화' 승부수",IT_Science
"韓에 AI 문호 개방한 오픈AI ""앤트로픽과는 달라""",IT_Science
"'공공 최대' 우본 DaaS 사업, 재수에도 흥행 저조…NHN vs KT 2파전?",IT_Science
"[기고]'바이브 코딩'의 시대, 왜 우리는 여전히 플랫폼을 말하는가?",IT_Science
"[김남석의 개미생활] 삼전·SK하닉 ‘N% 성과급’, 과연 나라 망칠까",IT_Science
"'1200명 집회' 카카오 노조, 이번주 '투쟁수위' 결정…파업 분수령",IT_Science
대만 언론도 놀란 젠슨 황의 '한국 편애'… 안방서 한국 먼저 챙긴 의도는? [컴퓨텍스 2026],IT_Science
이번엔 하이닉스가 “우리도 대출 5억 달라”… 보상 치킨게임 악순환,IT_Science
"엔비디아, PC칩 시장 진출… AI 생태계 넓힌다",IT_Science
블루오리진 로켓 폭발 후폭풍… NASA 달 탐사 계획 흔들리나,IT_Science
"2027년도 요양급여비용 계약, 6개 단체와 체결…1.6% 제시받은 '의원' 결렬",IT_Science
"“만년 저평가, 결국 손절했더니” 하루 새 갑자기 ‘폭등’ 난리났다…30% 상한가 줄행진",IT_Science
한글 쓰듯…‘모두의 AI’ 연내 쓴다,IT_Science
‘발’ 필요 없다?…우주에 최적화 ‘손’ 4개 달린 휴머노이드,IT_Science
"무인 방산장비, 공중 이어 육상으로 확장…‘로봇 탱크’ 첫선",IT_Science
수십 톤 실은 대형 화물기가 알아서 이착륙…자율 비행 AI ‘멀린 파일럿’ 등장,IT_Science
"민테크, '전고체·수소전지·태양광' 첨단 소재 개발 자회사 설립",IT_Science
"네이버, '국방 AX TF' 신설…군 전용 AI 두뇌 만든다",IT_Science
부산 롯데백화점 식품관 천장 붕괴...150여명 대피,IT_Science
[콘텐츠 큐레이션] 때 이른 무더위 날린다…등골 오싹 웹툰·OTT 4선,IT_Science
“목 건강보험 도입하겠다”…‘32도 땡볕’ 대전 투표소에 2만명 몰린 이유,IT_Science
“치킨 하루 50마리 팔면 많이 판 건가요?” 사장님 ‘한탄’…유독 ‘돈 못 번’ 이유 알고 보니,IT_Science
"[단독]이제는 첨단전 시대...네이버, ‘소버린 AI’ 앞세워 국방시장 정조준",IT_Science
"삼전하닉, 앤스로픽에 투자하고 메모리 팔면 시장 선도? 순환거래?",IT_Science
"엔비디아, PC 칩까지...GPU뿐 아니라 CPU·소비자 시장까지 독식 야심",IT_Science
배경훈 “수년 내 AI가 AI 만든다”… 미·중급 ‘프론티어 AI’ 독자 개발 선언,IT_Science
“AI가 전쟁 브레인”…글로벌 시장 2030년 200억弗 급성장,IT_Science
“반의반 값에 판다는데 월가 환호”…마운자로의 무서운 계산법 [오찬종의 매일뉴욕],IT_Science
"[단독]네이버, 국방AX 전담조직 신설...軍 AI 플랫폼 구축 나선다",IT_Science
실탄 채우는 中 첨단 굴기 … 美빅테크 추격,IT_Science
"1440조 가치 앤스로픽, 창업자 7명도 '돈방석'",IT_Science
"배경훈 ""미·중 맞먹는 고성능 AI 모델 도전""",IT_Science
"옵트론텍, 모바일 넘어 전장으로 광학부품 영토 확장…“포트폴리오 다변화”",IT_Science
삼성·LG 제조 자동화 속도…계열 로봇사 성장세,IT_Science
"삼성전자, 와이드폴드 첫 3개월 생산계획 확대…폴드8 수준",IT_Science
엔비디아 CPU 탑재한 첫 윈도 PC 나온다… MS·Arm 협력,IT_Science
[기획] 앤트로픽 꽉 잡은 ‘삼전닉스’… 수주·투자수익 두토끼 노린다,IT_Science
"셀트리온·한미약품, ‘근육 손실 막는 비만약’ 임상시험 속도전",IT_Science
"“거대 AI 기업 IPO, 창업자 중심 지배구조가 인류 미래 통제권으로 이어질 수 있다”",IT_Science
"소프트뱅크, 프랑스에 132조원 투자…“AI 인프라 허브 짓겠다” [팩플]",IT_Science
삼전·SK하닉 36조 던진 외국인…코스닥은 2.8조 ‘싹쓸이’,IT_Science
"[이내찬교수의 광고로 보는 통신역사]〈59〉LLM 핵전략 시뮬레이션의 교훈: 전쟁을 빠르고, 똑똑하게 만드는 기술을 경계",IT_Science
"임금협상 앞둔 SK하이닉스, 관건은 주택자금?… 삼성전자가 기준 되나",IT_Science
"""통신은 모든 산업 기반…피지컬AI 시대 열리면 통신 의존도 더 커질 것""",IT_Science
“앤스로픽 주식으로 집 사세요“...AI 붐에 메가 IPO까지 치솟는 실리콘밸리 집 값,IT_Science
K-AI 국가대표 경쟁 본격화…업스테이지 “AAII 40 넘었다”,IT_Science
"[강민성의 헬스토리]술, 긍정적인 효과도 있지만…WHO “딱 한 잔도 암 위험 높여”",IT_Science
"MSI, 인텔 아크 G3 탑재 게임PC '클로8 EX AI+' 공개",IT_Science
"[김영욱의 테크&가젯] ‘오렌지’ 빠지고 ‘레드’ 들어온다…9월 공개 ‘아이폰 18 프로’, 무엇이 달라지나",IT_Science
"中 연구진, 돼지 간·신장 2개 동시에…인간 이식 세계 첫 성공",IT_Science
블루오리진 ‘뉴글렌’ 대형 폭발…아마존·NASA까지 직격탄,IT_Science
"'거리뷰'에 박제된 유재석…네이버, 예능으로 지도 띄운 이유",IT_Science
"블루오리진 로켓 폭발에...“美,달 불안(Moon Anxiety) 시작됐다”",IT_Science
"구글 딥마인드, 로보틱스 인재 확충…아틀라스 연구 리더 또 합류",IT_Science
[컴퓨텍스 2026] 미리보기 ㊦ 거인들이 짜놓은 판… K-반도체·디스플레이 '최종 병기' 들고 출격,IT_Science
"HBM 판 뒤집은 삼성전자…""500조·59만전자 직행""",IT_Science
AI 해킹 위협은 상대 안 가리는데…망분리 완화 소외된 중소·핀테크,IT_Science
"삼성·SK, 美앤트로픽에 조단위 투자…HBM 이어 AI칩 협력",IT_Science
‘아시아 최대 IT 전시회’ 컴퓨텍스 개막 D-2… ‘테크 빅샷’ 대만 집결,IT_Science
“석유 없이도 미생물론 나일론 생산”...카이스트 연구팀 개발,IT_Science
"“AI가 AI 개발하는 시대 온다”…과기정통부, AGI급 프론티어 모델 도전",IT_Science
“달 기지에는 우주인 몇 명이 살아야 최적일까” [달콤한 사이언스],IT_Science
"""아무도 성공 못했는데 한국은 해냈다""…'전설의 심해어' 50만마리 세계 최초 부화",IT_Science
나사 ‘달 탐사’ 6개월 이상 차질 전망…블루 오리진 로켓 폭발 여파,IT_Science
"스마트 안경 다음은 ‘AI 목걸이’…메타, 웨어러블 승부수",IT_Science
인텔 ‘아크 G3’…휴대용 PC 게임 시장에 새로운 다크호스가 나타났다 [고든 정의 TECH+],IT_Science
“피지컬 AI 전장 확대…RFM 주도권 경쟁 본격화”,IT_Science
美 학군 한 곳에만 406억…인스타·유튜브 ‘청소년 소송’ 줄줄이 대기,IT_Science
"SK하이닉스 노사, 내달 임금협상 돌입… ‘주택대출 5억원’ 등 복지 쟁점 부상",IT_Science
"배경훈 ""AI 풀스택 공급 국가로 도약…韓 프런티어 모델 도전""(종합)",IT_Science
안센 'K-방수' 국제 표준 타고 글로벌로 '훨훨',IT_Science
고수익 '우버 프리미엄 밴' 깜깜이 선정 논란…법인택시 업계 불만 고조 [only 이데일리],IT_Science
삼성전자·SK하이닉스 사장급 임원 자사주 가치 1012억원… 수익률 최대 400%,IT_Science
"삼성·SK, 앤트로픽에 조단위 투자…“AI 전략적 협업”",IT_Science
위협 딱지 떼고 선거 도구로…6·3 지선 파고든 AI,IT_Science
"[우주항공 룩업] 페리지에어로, 소형위성 발사체 정조준…기대·우려 교차",IT_Science
"""450도 초고온 용광로 작업, 로봇이 해결""…포스코DX, 지능형 자율제조 준비",IT_Science
“먹방 너무 식상하다했더니” 12주 최장 시청률 0% 신기록…무너지는 유료방송,IT_Science
[르포] 대만 AI 반도체 심장부 '신주과학단지'를 가다,IT_Science
배경훈 “저궤도 위성 투자 규모·시기 검토 중… AI 인프라는 국산 NPU 확산에 집중”,IT_Science
"[일문일답] 배경훈 ""韓도 프론티어급 범용 AI모델 만들어야""",IT_Science
"과기부 ""휴대폰 안면인증 예정대로""…개인정보위 권고 반영해 보완",IT_Science
과기부총리 1년…배경훈 “AI 3대 강국 기틀 다졌다”,IT_Science
"삼성전자, 車 메모리 첫 세계 1위…마이크론 제쳤다",IT_Science
컴퓨텍스 2일 개막…젠슨 황 韓 기업 회동에 관심,IT_Science
세계 최고 과학자 모셔온다…‘톱티어 비자’ 교수·연구원까지 확대,IT_Science
"네이버 AI 검색 'AI 탭', 개인정보위 사전검토 통과…개인화 검색 서비스 출시 청신호",IT_Science
"“수년 내 AI가 AI 만든다”... 배경훈 부총리, 미·중급 ‘프론티어 AI’ 정면승부 선언",IT_Science
"""한 번 떠난 연간 구독자는 안 돌아온다""...방어팁은?",IT_Science
"""30년 된 우체국 뜯어고친다""…AI·로봇 입는 우정사업 AX 2030",IT_Science
‘K-콘텐츠’가 바꿔놓은 시장 판도...불닭부터 굿즈까지 [서울포럼 2026],IT_Science
"배경훈 부총리 ""美·中급 AI 필요⋯국민 1인 1 AI 에이전트 시대 준비"" [일문일답]",IT_Science
배경훈 부총리 “韓도 美·中급 프런티어 AI 도전할 때”… AI 전략판 넓어진다,IT_Science
"배경훈 ""한국도 미토스급 프론티어 모델 개발해야…GPU 26만장도 부족”",IT_Science
"""AI 에이전트 시대 빨리 준비해야""...연내 전국민 AI 무료로 쓴다",IT_Science
“착한 미생물 등장” 석유없이 친환경 ‘나일론’ 원료 만든다,IT_Science
"배경훈 부총리 ""한글·산수처럼 누구나 쓰는 '무료 AI', 연내 만든다""",IT_Science
"배경훈 “GPU 부족하다는 말 안나와, 모두가 AI 에이전트 쓰도록 할 것”",IT_Science
"中 나트륨이온 배터리, 테슬라 리튬이온 수준 성능 갖췄다",IT_Science
"'탄소 다량 배출' 나일론 원료, 친환경 생산 가능성 열린다",IT_Science
"부처 승격 1년 과기정통부…배경훈 ""정책 성과 창출 주력"" [현장+]",IT_Science
"배경훈 과기부총리 ""R&D 평가, 전문가 진단형으로…기업과 처우 격차 문제 논의중""",IT_Science
"AI 3강 달성했지만…배경훈 ""이젠 프론티어급 도전할 때""",IT_Science
"배경훈 ""AI 3대 강국 순항…오픈AI·엔비디아도 우리나라 주목""",IT_Science
"개인정보위, '민감정보 보호' 전제 네이버 AI 탭 의결",IT_Science
"""GPU 이젠 부족하지 않아... 독자 AI 모델은 11월부터 무료 서비스""",IT_Science
석유 대신 미생물로 나일론 원료 만든다,IT_Science
"GPU 26만장·AI 기본법…과기정통부, 1년 성과 공개",IT_Science
[컴퓨텍스 2026] 미리보기 ㊤ 젠슨 황이 쏠 신호탄…타이베이 장악할 AI '거인들의 입',IT_Science
"부총리 격상된 과기정통부, AI고속도로 깔고 역대 최대 R&D 추진",IT_Science
"""한 통도 안 놓치겠다""…자살예방전화 109, 상담사 97명 즉시 충원",IT_Science
세계 석학에 '톱티어 비자' 문 연다…교수·연구원까지 확대,IT_Science
"""중간에 연구 바꿔도 된다""…과기부, 줄 세우기 평가제 전면 혁파",IT_Science
"""환자분, 지금 상태가 어떠세요?""…AI가 쓰고, 보내고, 연결했다",IT_Science
"미생물로 나일론 원료 만든다…KAIST, 석유화학 대체 길 열어[과학을읽다]",IT_Science
"""정치 성향·건강 정보는 쓰지 마라""…네이버 AI 검색에 정부가 내린 조건",IT_Science
"""글로벌 테크 인재 잡아라""…‘톱티어 비자’, 교수·연구자까지 확대",IT_Science
바이오헬스 수출·외국인 환자 유치 모두 역대 최대…李정부 1년 성과,IT_Science
지식인서 메이트로…네이버의 25년간 창작자 지원 실험,IT_Science
"우주AI 기업 텔레픽스, 인도와 손잡고 초저궤도 시장 진출",IT_Science
6월 파업 앞둔 카카오…韓에 AI 문호 개방한 오픈AI[뉴스잇(IT)쥬],IT_Science
"삼성전자, 美 마이크론 제치고 차량용 메모리 시장 첫 1위",IT_Science
"삼성전자·SK하이닉스, 앤트로픽에 조 단위 투자… 메모리 넘어 로직 칩 협력 기대",IT_Science
[가상자산 나침반] 비트코인 약세·ETF 자금 이탈…이번주 美고용지표 변수,IT_Science
[AI 고속도로] AI 열풍 탄 '네오클라우드'…인프라 새 전장으로,IT_Science
"美빅테크, '초단기' AI 모델 출시 경쟁…품질 관리·신뢰성 검증 부담",IT_Science
"카카오, ‘카톡’ 조직 이원화…CPO 체제 사실상 종료",IT_Science
"엔씨, 리니지2M 中 서비스 6월 24일 개시",IT_Science
[챗ICT]삼성전자 뛰어넘은 게임사 영업이익률,IT_Science
"HLB, ASCO 2026서 허가 앞둔 간암·담관암 신약 소개",IT_Science
[ZD브리핑] 대만서 '컴퓨텍스' 개막...MS는 '빌드' 개최,IT_Science
"삼성전자, 차량용 메모리 첫 1위… 마이크론 제치고 점유율 40%",IT_Science
"넷마블 '솔: 인챈트', 1차 캐릭터명 선점 조기 마감에 2차 진행",IT_Science
[서울포럼 2026] “매일 쓰는 내비도 디지털 트윈”…관건은 제조현장 적용,IT_Science
"""SNS가 정신건강 해쳤다""…메타·틱톡 2700만 달러 합의금 지급",IT_Science
"보이스피싱 넘어 로맨스 스캠까지…FIU, 의심계좌 거래정지 확대",IT_Science
美 달 기지 건설 '제동'…블루오리진 로켓 시험중 폭발,IT_Science
“국내 기업 76% 생성형AI 도입…평균 4.4개 솔루션 검토”,IT_Science
"""마이크론 제쳤다""…삼성전자, 車 반도체 첫 1위",IT_Science
"삼성바이오에피스, ‘아일리아’ 바이오 시밀러 출시…유럽 공략 가속화",IT_Science
"""아이도 안심하고 볼 수 있게"" OTT별 자녀 보호 기능 비교",IT_Science
"고해성사 하는 AI, 용서를 배울까[한세희 테크&라이프]",IT_Science
"얌브랜즈, 피자헛 매각 협상…롱레인지와 독점 논의",IT_Science
"[100세건강] '금연의 날'…폐에 숨겨진 경고 보며, 비흡연자 보호",IT_Science
"“우주 강국 도약, 민군 협력이 답”… STEPI, 우주산업·방산 연계 전략 논의",IT_Science
“50만원→고작 5만원” 하루 만에 ‘품절 사태’…너무 싸다했더니 결국 실적 ‘쇼크’,IT_Science
삼겹살 먹는 도중 비타민C 드시는 아빠…“이러면 효과가 있나요?” [MK약국 x 약들약],IT_Science
"건설연, '분양가 상승 원인' 데이터로 분석...“공사비만 한정해 원인 찾지 말아야”",IT_Science
해킹 공포 딛고 진화…'하드웨어 방패' 입는 가전,IT_Science
"배민, 애플페이 해외카드 결제 지원…외국인도 손쉽게 주문 가능",IT_Science
"'AI 투게더' 앞세운 컴퓨텍스 2026 개막...젠슨 황, 韓기업 회동 주목",IT_Science
[AI위클리] AI 일상 침투 빨라졌다…보안·웨어러블 대격돌,IT_Science
"中 엔진AI, T800 휴머노이드 양산 돌입",IT_Science
"넷마블, ‘솔: 인챈트’ 캐릭터명 1차 선점 15분 만에 마감",IT_Science
"LG유플러스, 사내 업무망 ‘와이파이 7’ 전환…단일 네트워크 구축",IT_Science
6G 장비 경쟁 본격화…“상용화 넘어 산업 패권 잡아라”,IT_Science
"큐노바, 국내 최초 양자컴퓨팅 기술 글로벌 기업에 수출",IT_Science
"LGU+, 사내 무선망 와이파이7으로 전환",IT_Science
"LGU+, 사내망 전면 개편…'와이파이 7' 시대 연다",IT_Science
물자 수송로봇 개조해 미사일 ‘퉁퉁’···‘로봇 탱크’ 첫 등장,IT_Science
대형 항공기에도 자율 비행 시대 성큼…조종실 사라질까,IT_Science
"우주 개발…실패와 도전, 도전과 성공의 과정에서 성숙한다 [지금은 우주]",IT_Science
"삼성바이오에피스, 유럽 직접판매 확대…'오퓨비즈' 출시",IT_Science
"""전세계 국방AI 통제 없이 도입…인류에 위협""",IT_Science
미생물에 따라 뼈 분해 정도 달라진다,IT_Science
[신간] 게임 인문학: 게임으로 인간과 세계를 읽다,IT_Science
대기업은 직접 만들고 스타트업은 구독료 지원… 韓 기업 AI 사용 풍속도,IT_Science
"메모리 다음은 기판·MLCC…삼성전기·LG이노텍, AI 수혜",IT_Science
"스마일게이트, 2.8조 AI 데이터센터 짓는다…NPC도 AI로 진화",IT_Science
"[르포]""보고 느끼고 즐긴다""…넥슨뮤지엄, 유저들의 30년 일기장",IT_Science
발 없이 손만 4개…이 기괴한 휴머노이드가 우주로 올라가는 이유는? [영상],IT_Science
카카오 창사 첫 파업 위기 고조...물밑 협상에 한가닥 희망,IT_Science
'불기둥' 삼전닉스 주요임원 자사주 수익률 보니…최대 400%,IT_Science
[AI픽] 랜섬웨어도 장바구니에…AI 해킹 산업 된 다크넷,IT_Science
파업 초읽기 들어간 카카오 노조…단체행동 전 열흘이 '분수령',IT_Science
차세대 12단 고대역폭메모리 첫선 보인 삼성전자… TSMC 성과급 인상 내부 쇄신 [위클리반도체],IT_Science
[KISTI의 과학향기]한국 정유사들이 중동산 ‘중질유’를 선호하는 이유는?,IT_Science
[李정부 1년] 의사 늘리고 1조 투입 '지역·필수·공공' 의료 복원 시동,IT_Science
"""도수치료 4만원"" 관리급여 전환 앞두고 의료계 반발 확산",IT_Science
[李정부 1년] 방미통위·방미심위 출범…방송 현안 재정비,IT_Science
카카오 CPO 체제 사실상 종료…카톡 조직 쪼갠다,IT_Science
[뉴스페이스] ② 커지는 K-우주 생태계…스타트업도 로켓 경쟁,IT_Science
[뉴스페이스] ① 스페이스X가 연 민간 우주시대…한국도 가능할까,IT_Science
"[AI혁명](201)이노보테라퓨틱스 대표 ""AI, 신약 개발 시행착오 줄여""",IT_Science
5월 마지막 OTT 신작은…추리·스포츠·공포 출격 [콘슐랭],IT_Science
[인터뷰] 히로시 노구치 ST마이크로 아시아태평양 수석부사장 “피지컬 AI에서 기기 인식·추론·제어 기능 높여”,IT_Science
“더 공부하라는 말은 거짓말이 되었다”…AI가 끊어버린 사다리,IT_Science
게임산업 갉아먹는 허위정보…엔씨 '원칙 대응'이 남긴 것,IT_Science
OTT가 장바구니 물가 올렸을까…넷플릭스 요금 인상 공포의 반전,IT_Science
[AI클로즈업] 셀바스AI는 의료기기 전문기업?…정책사업으로 전 분야 AX 수요 ‘호시탐탐’,IT_Science
"SK하이닉스도 임협 시즌…""우리도 주택대출 5억"" 요구 부상",IT_Science
AI에 밀리는 SaaS?…기업용 SW 경쟁력은 ‘데이터·거버넌스’,IT_Science
카카오에 필요한 건 ‘회복의 리더십’이다 [김현아의 IT세상읽기],IT_Science
"통신 3사, AI 기반 新성장 동력 발굴에 사활…AI 서비스 차별화 가속",IT_Science
"23년 전 모습 그대로…'걸그룹 비주얼' 하지원, 음악방송 깜짝 등장",IT_Science
"일본도 AI 도입 본격화…후지쯔, 앤트로픽과 맞손",IT_Science
"카카오게임즈 '패스 오브 엑자일 2', 신규 확장팩 '고대의 귀환' 출시",IT_Science
데이터 칸막이 허무는 국가데이터법…조율 실패 시 공염불 우려도,IT_Science
제니 쓴 '그 안경' 한국 상륙…삼성도 구글 손잡고 '승부수' [테크로그],IT_Science
PC용 D램가 20달러 '역대 최고'…낸드 17개월 연속 상승 [1일IT템],IT_Science
지방선거 최종 사전투표율 23.51%...1050만명 참여했다,IT_Science
"국산 부품으로 만든 400만원대 로봇손…美 로멜라, 오픈소스 핸드 공개",IT_Science
"“30만원→3만원, 완전 망했어요” 대박 날 줄 알았더니 ‘낭패’…콘텐츠의 추락",IT_Science
"‘99만원→254만원’ 가격 폭등에…4년 넘게 안 바꾸고 버텼다, 출하량 ‘역대급’ 추락",IT_Science
학벌도 학위도 없이 실리콘밸리 유니콘 만든 美 청년의 비결 [김현지의 with AI],IT_Science
‘5G SA’ 투자 글로벌 확산세...클라우드 아키텍처 효과,IT_Science
"델, AI 서버 호황에 '깜짝 실적'…주가 2018년 이후 최대 급등",IT_Science
"""스타링크 전송 용량 늘리면 2034년 1억 가입자 거느릴 수도”",IT_Science
"1분기 美 스마트폰 시장 '주춤'…모토로라, 유일한 성장세",IT_Science
반도체 패권 전쟁은 '21세기판 삼국지'…천하통일은 불가능? [커버스토리],IT_Science
사전예약 4분 만에 마감...IPX 'NCT 위시니니 하우스' 팝업 가보니,IT_Science
폭염에도 빈익빈 부익부?…자본이 생존 좌우하는 기후불평등 시대 [사이언스 브런치],IT_Science
“인간 성장 없는 AI는 무의미…과의존·종속 막아야” [서울포럼 2026],IT_Science
"""16세 미만 인스타 금지?""…지선 흔드는 '청소년 SNS 브레이크'[SNS 경고등下]",IT_Science
“여행 출발부터 지친다” 공항 곳곳에 줄서기 기둥…근데 그거 뭐지? [그거사전2],IT_Science
출시 7년차 장수 게임인데…업데이트만으로 일본서 역주행 궤도 올린 넷마블,IT_Science
"""말리지 않으면 밤새 본다""… 숏폼 도파민에 갇힌 아이들[SNS 경고등上]",IT_Science
서울포럼서 쏘아올린 휴머노이드 난제...“로봇이 소주 따르려면 물리학 원리 알아야”,IT_Science
"""애플, 1분기 美스마트폰 시장 60% 점유...삼성 갤S26 지연 출시 수혜""",IT_Science
김주호 스킬벤치 창업자 “AI 활용도 따라 직원 생산성 3.5배 차이”,IT_Science
"AI 시대, 해커도 더 똑똑해 졌다…""데이터 통제 못하면 뚫린다""",IT_Science
내년 의료수가 평균 1.65% 인상…의원급은 협상 결렬,IT_Science
"내년 건강보험 의료수가 1.65%↑, 1.2조 소요…의협 협상은 결렬",IT_Science
"""건강하려고 갈아 마셨는데…"" 스무디에 바나나 넣자 뜻밖의 결과",IT_Science
"엑스박스, 게임패스 가격 인하 효과 톡톡…""구독자 늘었다""",IT_Science
"""빛으로 데이터 전송""…엔비디아가 주목한 ‘광학 기술’",IT_Science
[AI 클로즈업] AI 에이전트 전환은 빠른데 '무검토 배포' 위험 증가,IT_Science
PC용 D램 고정가 고공행진...2분기 최대 50% 급등,IT_Science
시각장애인 금융 접근성 향상하는 은행들,IT_Science
"리니지 기술로 탱크 굴린다…게임사, 軍 '로봇 두뇌' 시장 습격",IT_Science
[게임위드인] 게임 디렉터가 유튜브에 뜬 이유…소통 경쟁 시대,IT_Science
[취재수첩] 격화되는 노·노 갈등…삼성전자 '내부위기' 돌파 어떻게,IT_Science
"엑스박스 ""6월 쇼케이스는 게임만 공개…프로젝트 헬릭스 발표 없다""",IT_Science
